country,mined_raw_mat,unit,2018,2019,2020,2021,2022
Afghanistan,Chromium,(t),2000.0,2000.0,2000.0,5300.0,19100.0
Afghanistan,Fluorspar,(t),10000.0,50000.0,10000.0,10000.0,27600.0
Afghanistan,Gypsum,(t),36161.0,24682.0,21779.0,16349.0,10991.0
Afghanistan,Salt,(t),47944.0,41157.0,12015.0,10700.0,41573.0
Afghanistan,Talc,(t),356789.0,345052.0,95923.0,441372.0,382211.0
Afghanistan,Steam Coal,(t),2444600.0,1604700.0,56620.0,340800.0,517000.0
Afghanistan,Nat. Gas,(Mio m3),153.0,146.0,59.0,153.0,185.0
Albania,Chromium,(t),322100.0,357200.0,212650.0,242200.0,383400.0
Albania,Nickel,(t),4200.0,2960.0,3760.0,4090.0,1570.0
Albania,Copper,(t),2515.0,5900.0,3070.0,4430.0,3470.0
Albania,Gypsum,(t),102016.0,106070.0,111880.0,116295.0,78239.0
Albania,Salt,(t),31500.0,30000.0,30000.0,30000.0,30000.0
Albania,Steam Coal,(t),297530.0,95380.0,151231.0,242425.0,182080.0
Albania,Nat. Gas,(Mio m3),82.0,71.0,57.0,57.0,51.0
Albania,Petroleum,(t),910670.0,1005090.0,712427.0,757393.0,657402.0
Algeria,Iron,(t),1178800.0,1068600.0,1016200.0,942000.0,1074000.0
Algeria,Zinc,(t),500.0,500.0,1000.0,500.0,900.0
Algeria,Gold,(kg),286.0,70.0,58.0,71.0,138.0
Algeria,Silver,(kg),30.0,30.0,20.0,12.0,20.0
Algeria,Baryte,(t),39426.0,31138.0,32940.0,44662.0,45000.0
Algeria,Bentonite,(t),36000.0,36700.0,34200.0,31700.0,32000.0
Algeria,Diatomite,(t),2468.0,2437.0,3040.0,3066.0,3000.0
Algeria,Feldspar,(t),170000.0,170000.0,170000.0,170000.0,170000.0
Algeria,Gypsum,(t),2200000.0,2200000.0,2200000.0,2500000.0,2500000.0
Algeria,Kaolin,(t),100000.0,100000.0,100000.0,120000.0,120000.0
Algeria,Phosphates,(t),409400.0,455100.0,409900.0,616000.0,671500.0
Algeria,Salt,(t),106200.0,100800.0,95100.0,107800.0,100000.0
Algeria,Sulfur,(t),6000.0,6000.0,6000.0,6000.0,6000.0
Algeria,Nat. Gas,(Mio m3),97467.0,89983.0,84597.0,105037.0,101436.0
Algeria,Petroleum,(t),65331000.0,64330000.0,57535000.0,58200000.0,62066000.0
Angola,Iron,(t),,,0.0,96280.0,5880.0
Angola,Manganese,(t),,,0.0,20700.0,32400.0
Angola,Gold,(kg),0.0,23.0,59.0,32.0,79.0
Angola,Diam. (Gem),(ct),8490500.0,8209365.0,7118240.0,7597280.0,7606550.0
Angola,Diam. (Ind),(ct),943390.0,912150.0,790920.0,1124200.0,1156760.0
Angola,Gypsum,(t),32000.0,119260.0,165290.0,79680.0,266570.0
Angola,Salt,(t),103439.0,109445.0,164433.0,201699.0,213800.0
Angola,Nat. Gas,(Mio m3),6490.0,6800.0,7550.0,6080.0,5540.0
Angola,Petroleum,(t),73630500.0,68858490.0,63474320.0,55982210.0,56592280.0
Argentina,Iron,(t),40560.0,0.0,0.0,0.0,0.0
Argentina,Molybdenum,(t),364.0,0.0,0.0,0.0,0.0
Argentina,Aluminium,(t),439600.0,438434.0,309804.0,338239.0,400038.0
Argentina,Cadmium,(t),74.0,80.0,46.0,0.0,0.0
Argentina,Copper,(t),17435.0,0.0,0.0,0.0,0.0
Argentina,Lead,(t),28260.0,29768.0,13600.0,17098.0,18599.0
Argentina,Lithium,(t),13810.0,13670.0,12620.0,12870.0,14210.0
Argentina,Mercury,(t),50.0,50.0,0.0,0.0,0.0
Argentina,Zinc,(t),22050.0,14876.0,8300.0,6188.0,3893.0
Argentina,Gold,(kg),58397.0,53125.0,34936.0,37280.0,41370.0
Argentina,Silver,(kg),1023768.0,1070670.0,767087.0,843230.0,882140.0
Argentina,Baryte,(t),7225.0,3898.0,0.0,0.0,0.0
Argentina,Bentonite,(t),184969.0,120000.0,98000.0,133235.0,141718.0
Argentina,Boron,(t),71212.0,181818.0,134604.0,188870.0,164120.0
Argentina,Diatomite,(t),72490.0,94610.0,98575.0,156342.0,183361.0
Argentina,Feldspar,(t),124500.0,10000.0,32000.0,40000.0,40000.0
Argentina,Fluorspar,(t),7924.0,1500.0,48000.0,48000.0,10000.0
Argentina,Gypsum,(t),897217.0,761013.0,499092.0,690000.0,737000.0
Argentina,Kaolin,(t),17000.0,11853.0,20628.0,25000.0,26000.0
Argentina,Perlite,(t),18794.0,1850.0,13176.0,18016.0,32450.0
Argentina,Salt,(t),1784020.0,1566600.0,1051445.0,1300000.0,600000.0
Argentina,Talc,(t),13072.0,10000.0,2304.0,1800.0,2400.0
Argentina,Steam Coal,(t),81993.0,154782.0,24800.0,25300.0,25300.0
Argentina,Nat. Gas,(Mio m3),40930.0,43220.0,39570.0,40940.0,42350.0
Argentina,Petroleum,(t),24369600.0,25327500.0,24000100.0,25568200.0,28997300.0
Armenia,Molybdenum,(t),5422.0,7137.0,11909.0,10611.0,10991.0
Armenia,Copper,(t),68928.0,91214.0,83291.0,79970.0,71466.0
Armenia,Rhenium,(kg),280.0,310.0,260.0,170.0,140.0
Armenia,Zinc,(t),6946.0,7162.0,8684.0,7706.0,7148.0
Armenia,Gold,(kg),4967.0,5825.0,5284.0,3714.0,4230.0
Armenia,Silver,(kg),16700.0,17922.0,19493.0,19480.0,18920.0
Armenia,Gypsum,(t),20390.0,45890.0,29650.0,16540.0,65940.0
Armenia,Perlite,(t),51222.0,80676.0,104410.0,168242.0,60280.0
Armenia,Salt,(t),155393.0,56685.0,24401.0,25948.0,52829.0
Armenia,Sulfur,(t),10500.0,10500.0,11500.0,14100.0,14000.0
Australia,Iron,(t),559701719.0,567345032.0,567788649.0,570160503.0,584413159.0
Australia,Cobalt,(t),4878.0,5741.0,5626.0,5232.0,5793.0
Australia,Manganese,(t),3514320.0,3259200.0,3356030.0,3277460.0,3082850.0
Australia,Nickel,(t),160022.0,158751.0,169344.0,150876.0,155007.0
Australia,Tantalum,(t),40.0,80.0,50.0,70.0,40.0
Australia,Titanium,(t),875250.0,780465.0,830800.0,624100.0,545000.0
Australia,Tungsten,(t),10.0,30.0,100.0,160.0,180.0
Australia,Aluminium,(t),1574240.0,1569591.0,1582947.0,1558529.0,1509646.0
Australia,Antimony,(t),2173.0,2032.0,3903.0,3380.0,2292.0
Australia,Bauxite,(t),95947593.0,107422912.0,103626811.0,103266404.0,100478354.0
Australia,Cadmium,(t),402.0,204.0,378.0,402.0,328.0
Australia,Copper,(t),914168.0,925157.0,868019.0,801052.0,826271.0
Australia,Lead,(t),446571.0,500985.0,494271.0,485487.0,437825.0
Australia,Lithium,(t),115200.0,105700.0,89300.0,113600.0,149800.0
Australia,Rare Earths,(t),18556.0,17660.0,19440.0,21970.0,17660.0
Australia,Tin,(t),6871.0,7738.0,8118.0,8772.0,9001.0
Australia,Zinc,(t),1146781.0,1337321.0,1314910.0,1315160.0,1243715.0
Australia,Gold,(kg),309700.0,325572.0,327952.0,307577.0,302642.0
Australia,Palladium,(kg),430.0,390.0,420.0,380.0,390.0
Australia,Platinum,(kg),110.0,95.0,100.0,90.0,100.0
Australia,Silver,(kg),1254480.0,1325089.0,1337344.0,1329718.0,1169252.0
Australia,Baryte,(t),6535.0,1982.0,0.0,1127.0,3922.0
Australia,Bentonite,(t),87330.0,56000.0,42713.0,46658.0,50000.0
Australia,Diam. (Gem),(ct),280160.0,243090.0,199600.0,0.0,0.0
Australia,Diam. (Ind),(ct),13727890.0,11911450.0,9780400.0,0.0,0.0
Australia,Diatomite,(t),4.0,8.0,2011.0,25935.0,26000.0
Australia,Feldspar,(t),542.0,50.0,1241.0,52.0,945.0
Australia,Gypsum,(t),4070814.0,3676467.0,3422265.0,4186021.0,4847400.0
Australia,Kaolin,(t),173738.0,114050.0,154812.0,173187.0,170181.0
Australia,Magnesite,(t),263446.0,413182.0,799203.0,893623.0,835000.0
Australia,Perlite,(t),2285.0,1264.0,2185.0,3821.0,4000.0
Australia,Phosphates,(t),195720.0,165750.0,215700.0,170.0,150.0
Australia,Potash,(t),,,,0.0,2418.0
Australia,Salt,(t),13493556.0,12173391.0,12212483.0,12574025.0,12126166.0
Australia,Sulfur,(t),900000.0,900000.0,900000.0,900000.0,900000.0
Australia,Talc,(t),130000.0,140000.0,110000.0,90000.0,111000.0
Australia,Zircon,(t),522400.0,468900.0,380000.0,569000.0,470000.0
Australia,Steam Coal,(t),266282000.0,271388000.0,267504000.0,247481000.0,249292000.0
Australia,Coking Coal,(t),183620000.0,189066000.0,183764000.0,171122000.0,168575000.0
Australia,Lignite,(t),45956000.0,43315000.0,41513000.0,41622000.0,40296000.0
Australia,Nat. Gas,(Mio m3),130987.0,154485.0,154107.0,156463.0,163112.0
Australia,Petroleum,(t),16776470.0,22464160.0,22381790.0,21782900.0,20228210.0
Australia,Uranium,(t),7737.0,7726.0,7273.0,4474.0,5377.0
Austria,Iron,(t),897132.0,1037470.0,973840.0,1059550.0,1035770.0
Austria,Tungsten,(t),936.0,892.0,896.0,919.0,910.0
Austria,Feldspar,(t),35000.0,35000.0,35000.0,35000.0,35000.0
Austria,Graphite,(t),150.0,100.0,100.0,100.0,100.0
Austria,Gypsum,(t),836862.0,900217.0,901619.0,900374.0,876075.0
Austria,Kaolin,(t),13500.0,13500.0,13500.0,13500.0,13500.0
Austria,Magnesite,(t),808239.0,691909.0,816370.0,844226.0,771043.0
Austria,Salt,(t),1176807.0,1212158.0,1014554.0,1117586.0,897774.0
Austria,Sulfur,(t),6980.0,6768.0,6564.0,4755.0,4672.0
Austria,Talc,(t),127866.0,124184.0,123000.0,157493.0,157047.0
Austria,Nat. Gas,(Mio m3),969.0,891.0,743.0,654.0,607.0
Austria,Oil Shales,(t),150.0,100.0,100.0,100.0,100.0
Austria,Petroleum,(t),681842.0,642953.0,609254.0,571428.0,532339.0
Azerbaijan,Aluminium,(t),45390.0,32700.0,28560.0,24900.0,33500.0
Azerbaijan,Copper,(t),1650.0,2213.0,2591.0,2649.0,2516.0
Azerbaijan,Gold,(kg),4239.0,3897.0,3635.0,3427.0,3271.0
Azerbaijan,Silver,(kg),8943.0,8160.0,7590.0,8988.0,12600.0
Azerbaijan,Bentonite,(t),212336.0,222519.0,155112.0,174242.0,175875.0
Azerbaijan,Gypsum,(t),270471.0,314224.0,297594.0,417892.0,369908.0
Azerbaijan,Salt,(t),66699.0,77116.0,76401.0,71495.0,77455.0
Azerbaijan,Nat. Gas,(Mio m3),19207.0,24514.0,26487.0,32578.0,34956.0
Azerbaijan,Petroleum,(t),38814300.0,37501200.0,34531900.0,34580300.0,32646400.0
Bahamas,Salt,(t),867950.0,663850.0,720030.0,425710.0,633380.0
Bahrain,Aluminium,(t),1011101.0,1365005.0,1548500.0,1561222.0,1600111.0
Bahrain,Sulfur,(t),139370.0,139655.0,124490.0,129350.0,128780.0
Bahrain,Nat. Gas,(Mio m3),15420.0,17120.0,17230.0,17500.0,16600.0
Bahrain,Petroleum,(t),9667380.0,9668850.0,9694300.0,9608310.0,9436020.0
Bangladesh,Salt,(t),1493000.0,1824000.0,1570000.0,1651000.0,1832000.0
Bangladesh,Steam Coal,(t),923276.0,805696.0,811138.0,753973.0,488676.0
Bangladesh,Nat. Gas,(Mio m3),27430.0,27230.0,24990.0,25170.0,23780.0
Bangladesh,Petroleum,(t),589650.0,565140.0,522570.0,463590.0,349560.0
Barbados,Nat. Gas,(Mio m3),14.0,14.0,11.0,11.0,9.0
Barbados,Petroleum,(t),30070.0,28560.0,23590.0,20770.0,19130.0
Belarus,Potash,(t),7346096.0,7348293.0,7562153.0,7750000.0,4000000.0
Belarus,Salt,(t),2904097.0,2517590.0,1198290.0,2265000.0,2000000.0
Belarus,Nat. Gas,(Mio m3),211.0,218.0,219.0,229.0,220.0
Belarus,Petroleum,(t),1670000.0,1690000.0,1710000.0,1737000.0,1594000.0
Belgium,Arsenic,(t),1000.0,1000.0,1000.0,1000.0,1000.0
Belgium,Indium,(t),20.0,20.0,20.0,20.0,19.0
Belgium,Selenium,(t),200.0,200.0,200.0,200.0,200.0
Benin,Gold,(kg),5.0,5.0,5.0,5.0,5.0
Benin,Salt,(t),500.0,500.0,500.0,500.0,500.0
Bhutan,Iron,(t),24220.0,23590.0,9430.0,16590.0,2230.0
Bhutan,Gypsum,(t),461128.0,490596.0,331050.0,403753.0,400183.0
Bhutan,Talc,(t),2042.0,1375.0,972.0,678.0,740.0
Bhutan,Steam Coal,(t),186824.0,184785.0,72838.0,111545.0,158603.0
Bolivia,Iron,(t),41560.0,45830.0,15410.0,17010.0,215940.0
Bolivia,Manganese,(t),110.0,3660.0,4710.0,5100.0,420.0
Bolivia,Tantalum,(t),18.0,10.0,8.0,1.0,3.0
Bolivia,Tungsten,(t),1366.0,1064.0,1347.0,1563.0,1358.0
Bolivia,Antimony,(t),3110.0,2747.0,2629.0,3084.0,3453.0
Bolivia,Arsenic,(t),238.0,126.0,50.0,100.0,35.0
Bolivia,Bismuth,(t),39.0,0.0,55.0,27.0,3.0
Bolivia,Copper,(t),5216.0,4478.0,2822.0,3310.0,3608.0
Bolivia,Lead,(t),112140.0,88002.0,64619.0,92767.0,89761.0
Bolivia,Lithium,(t),10.0,160.0,80.0,410.0,250.0
Bolivia,Tin,(t),17251.0,17147.0,14709.0,19628.0,17613.0
Bolivia,Zinc,(t),519630.0,527521.0,358411.0,499257.0,517523.0
Bolivia,Gold,(kg),31599.0,42000.0,23207.0,45662.0,53374.0
Bolivia,Silver,(kg),1191024.0,1153109.0,929909.0,1289456.0,1214301.0
Bolivia,Baryte,(t),53163.0,39458.0,9611.0,26780.0,48952.0
Bolivia,Bentonite,(t),2.0,0.0,0.0,0.0,5057.0
Bolivia,Boron,(t),216403.0,214269.0,258143.0,312906.0,295515.0
Bolivia,Gypsum,(t),1136.0,3905.0,1000.0,1000.0,168922.0
Bolivia,Potash,(t),1700.0,17800.0,4400.0,32600.0,42600.0
Bolivia,Salt,(t),5373.0,4494.0,14949.0,21777.0,15042.0
Bolivia,Nat. Gas,(Mio m3),19341.0,17046.0,16384.0,16967.0,15517.0
Bolivia,Petroleum,(t),2534273.0,2244260.0,2065070.0,2032870.0,1815610.0
Bosnia-Herzegovina,Iron,(t),704050.0,739600.0,727980.0,792500.0,771530.0
Bosnia-Herzegovina,Aluminium,(t),131508.0,67690.0,0.0,90037.0,138969.0
Bosnia-Herzegovina,Bauxite,(t),760244.0,1043343.0,619748.0,675269.0,669926.0
Bosnia-Herzegovina,Lead,(t),7070.0,7470.0,6110.0,6310.0,6730.0
Bosnia-Herzegovina,Zinc,(t),9350.0,9160.0,6610.0,7310.0,7690.0
Bosnia-Herzegovina,Bentonite,(t),87358.0,94601.0,69183.0,75761.0,28173.0
Bosnia-Herzegovina,Gypsum,(t),122421.0,130788.0,140994.0,297225.0,135408.0
Bosnia-Herzegovina,Kaolin,(t),303626.0,118005.0,108174.0,62599.0,24529.0
Bosnia-Herzegovina,Magnesite,(t),5950.0,1400.0,652.0,196.0,0.0
Bosnia-Herzegovina,Salt,(t),1063458.0,1069210.0,947838.0,966358.0,1109253.0
Bosnia-Herzegovina,Lignite,(t),14378767.0,13376548.0,13365730.0,12802517.0,13736665.0
Botswana,Copper,(t),1462.0,0.0,0.0,11742.0,34201.0
Botswana,Gold,(kg),1105.0,943.0,851.0,649.0,427.0
Botswana,Silver,(kg),,,0.0,10383.0,31174.0
Botswana,Diam. (Gem),(ct),17064600.0,16580899.999999998,11807600.0,15887199.999999998,17135300.0
Botswana,Diam. (Ind),(ct),7313400.0,7106100.0,5060400.0,6808800.0,7343700.0
Botswana,Salt,(t),367988.0,383779.0,418379.0,499527.0,323303.0
Botswana,Steam Coal,(t),2482313.0,2110891.0,1923992.0,2021218.0,2460868.0
Brazil,Iron,(t),287617655.0,255339422.0,245889636.0,268066382.0,250993847.0
Brazil,Chromium,(t),219724.0,199256.0,226762.0,248108.0,218626.0
Brazil,Cobalt,(t),4.0,0.0,0.0,0.0,0.0
Brazil,Manganese,(t),1310825.0,1452034.0,932721.0,597456.0,529664.0
Brazil,Nickel,(t),65254.0,55761.0,68097.0,75988.0,79370.0
Brazil,Niobium,(t),99554.0,126641.0,85572.0,112755.0,110000.0
Brazil,Tantalum,(t),345.0,340.0,300.0,350.0,350.0
Brazil,Titanium,(t),73090.0,81650.0,61940.0,75100.0,53000.0
Brazil,Tungsten,(t),346.0,306.0,262.0,301.0,302.0
Brazil,Vanadium,(t),6562.0,7045.0,7582.0,7212.0,7249.0
Brazil,Aluminium,(t),659000.0,650200.0,685100.0,771700.0,810900.0
Brazil,Bauxite,(t),32377000.0,31937900.0,32897800.0,35949600.0,31608694.0
Brazil,Beryllium,(t),39.0,9.0,10.0,10.0,10.0
Brazil,Cadmium,(t),300.0,450.0,100.0,50.0,20.0
Brazil,Copper,(t),385762.0,363268.0,353258.0,335923.0,297653.0
Brazil,Lead,(t),7277.0,5715.0,5351.0,6307.0,8304.0
Brazil,Lithium,(t),786.0,2575.0,4065.0,5670.0,7863.0
Brazil,Rare Earths,(t),510.0,380.0,450.0,580.0,1580.0
Brazil,Tin,(t),17591.0,14867.0,16893.0,15517.0,17019.0
Brazil,Zinc,(t),169773.0,163403.0,174332.0,159913.0,155177.0
Brazil,Gold,(kg),85198.0,89988.0,98922.0,93103.0,83300.0
Brazil,Silver,(kg),49600.0,50000.0,68430.0,71540.0,74650.0
Brazil,Asbestos,(t),111439.0,12205.0,77057.0,172256.0,182965.0
Brazil,Baryte,(t),9377.0,9223.0,1849.0,361.0,4931.0
Brazil,Bentonite,(t),500000.0,403763.0,217055.0,220000.0,220000.0
Brazil,Diam. (Gem),(ct),82810.0,53240.0,41320.0,46670.0,45490.0
Brazil,Diam. (Ind),(ct),168130.0,108085.0,83890.0,94760.0,92350.0
Brazil,Diatomite,(t),20562.0,17673.0,35574.0,10665.0,35844.0
Brazil,Feldspar,(t),592284.0,632349.0,450573.0,491042.0,756364.0
Brazil,Fluorspar,(t),28195.0,24399.0,24730.0,28158.0,28969.0
Brazil,Graphite,(t),78981.0,81770.0,67020.0,78555.0,79372.0
Brazil,Gypsum,(t),2666002.0,2842654.0,2851643.0,3260209.0,3203474.0
Brazil,Kaolin,(t),1685255.0,1471610.0,1239591.0,1153884.0,1189531.0
Brazil,Magnesite,(t),1900000.0,1530000.0,1550000.0,1800000.0,1700000.0
Brazil,Phosphates,(t),1980300.0,1828500.0,1827900.0,1793000.0,1869300.0
Brazil,Potash,(t),201181.0,248911.0,254837.0,213028.0,299636.0
Brazil,Salt,(t),7227300.0,6700500.0,6464300.0,6534300.0,7000000.0
Brazil,Sulfur,(t),450000.0,460000.0,450000.0,435000.0,519600.0
Brazil,Talc,(t),660000.0,650000.0,650000.0,660000.0,700000.0
Brazil,Vermiculite,(t),56708.0,47581.0,58821.0,70500.0,70913.0
Brazil,Zircon,(t),17844.0,17136.0,10994.0,6482.0,6513.0
Brazil,Steam Coal,(t),3568760.0,3812975.0,3171509.0,4768003.0,3473384.0
Brazil,Lignite,(t),1422500.0,1596696.0,2309404.0,1896525.0,2648783.0
Brazil,Nat. Gas,(Mio m3),26687.0,27358.0,25384.0,25382.0,24098.0
Brazil,Petroleum,(t),134122000.0,143933400.0,151759400.0,149154800.0,154993700.0
Brazil,Uranium,(t),0.0,0.0,20.0,34.0,51.0
Brunei,Nat. Gas,(Mio m3),12235.0,12504.0,12065.0,11178.0,10266.0
Brunei,Petroleum,(t),5553200.0,6040240.0,5479350.0,5308680.0,4577160.0
Bulgaria,Cadmium,(t),313.0,315.0,311.0,343.0,315.0
Bulgaria,Copper,(t),112850.0,114240.0,107610.0,104020.0,121120.0
Bulgaria,Lead,(t),24200.0,23350.0,20680.0,21420.0,23110.0
Bulgaria,Tellurium,(t),4.0,3.0,4.0,3.0,3.0
Bulgaria,Zinc,(t),20390.0,19170.0,17520.0,17910.0,19330.0
Bulgaria,Gold,(kg),8995.0,7467.0,9349.0,9695.0,8529.0
Bulgaria,Silver,(kg),47016.0,40755.0,39126.0,38661.0,26437.0
Bulgaria,Baryte,(t),70000.0,72000.0,41000.0,72000.0,75000.0
Bulgaria,Bentonite,(t),45000.0,45000.0,40900.0,72100.0,72000.0
Bulgaria,Gypsum,(t),88000.0,88000.0,54800.0,77400.0,77000.0
Bulgaria,Kaolin,(t),323000.0,330000.0,276000.0,380000.0,609760.0
Bulgaria,Salt,(t),3400000.0,3400000.0,2700000.0,3300000.0,3300000.0
Bulgaria,Sulfur,(t),474100.0,423600.0,497000.0,434500.0,515500.0
Bulgaria,Lignite,(t),31813678.0,29462615.0,22519300.0,28410900.0,35513000.0
Bulgaria,Nat. Gas,(Mio m3),31.0,35.0,55.0,31.0,17.0
Bulgaria,Oil Shales,(t),0.0,39000.0,44000.0,56000.0,61000.0
Bulgaria,Petroleum,(t),20600.0,20000.0,20500.0,20086.0,19480.0
Burkina Faso,Zinc,(t),99162.0,106680.0,78990.0,84170.0,22880.0
Burkina Faso,Gold,(kg),52622.0,50559.0,62405.0,67126.0,58159.0
Burkina Faso,Silver,(kg),6160.0,5670.0,10012.0,8897.0,7326.0
Burundi,Niobium,(t),5.0,5.0,4.0,10.0,3.0
Burundi,Tantalum,(t),8.0,8.0,6.0,15.0,5.0
Burundi,Tungsten,(t),108.0,150.0,166.0,120.0,100.0
Burundi,Rare Earths,(t),631.0,195.0,296.0,134.0,0.0
Burundi,Tin,(t),122.0,143.0,121.0,95.0,80.0
Burundi,Gold,(kg),598.0,573.0,863.0,986.0,914.0
Cambodia,Gold,(kg),,,0.0,1466.0,3320.0
Cambodia,Salt,(t),30000.0,18430.0,83969.0,68682.0,35000.0
Cameroon,Aluminium,(t),65900.0,68950.0,61650.0,47300.0,62770.0
Cameroon,Gold,(kg),448.0,341.0,233.0,440.0,175.0
Cameroon,Diam. (Ind),(ct),1805.0,1737.0,2438.0,2668.0,2431.0
Cameroon,Nat. Gas,(Mio m3),1460.0,2010.0,2130.0,2090.0,2190.0
Cameroon,Petroleum,(t),3428100.0,3545900.0,3622200.0,3493100.0,3403200.0
Canada,Iron,(t),32180800.0,34457800.0,36995000.0,35542900.0,42073900.0
Canada,Cobalt,(t),5608.0,5039.0,4069.0,3953.0,3063.0
Canada,Molybdenum,(t),5048.0,4385.0,3979.0,1871.0,1146.0
Canada,Nickel,(t),177867.0,176021.0,168214.0,159145.0,143266.0
Canada,Niobium,(t),7700.0,6800.0,6400.0,7650.0,6800.0
Canada,Titanium,(t),620000.0,550000.0,480000.0,440000.0,540000.0
Canada,Aluminium,(t),2924389.0,2853771.0,3118710.0,3136704.0,3033966.0
Canada,Antimony,(t),5.0,2.0,2.0,2.0,2.0
Canada,Bismuth,(t),5.0,4.0,4.0,0.0,0.0
Canada,Cadmium,(t),1857.0,1803.0,1800.0,1800.0,1800.0
Canada,Copper,(t),548011.0,557242.0,581713.0,509350.0,510782.0
Canada,Indium,(t),58.0,61.0,61.0,44.0,39.0
Canada,Lead,(t),17874.0,22608.0,3770.0,9339.0,8247.0
Canada,Lithium,(t),8750.0,1200.0,0.0,0.0,0.0
Canada,Selenium,(t),85.0,102.0,102.0,57.0,110.0
Canada,Tellurium,(t),25.0,13.0,23.0,25.0,24.0
Canada,Zinc,(t),304964.0,269353.0,246995.0,230187.0,208147.0
Canada,Gold,(kg),194155.0,190889.0,177884.0,196128.0,205831.0
Canada,Palladium,(kg),20880.0,21928.0,10897.0,15433.0,16099.0
Canada,Platinum,(kg),7460.0,9633.0,5524.0,4484.0,5490.0
Canada,Rhodium,(kg),750.0,750.0,400.0,450.0,500.0
Canada,Silver,(kg),403589.0,398773.0,306913.0,319119.0,334480.0
Canada,Baryte,(t),50000.0,40000.0,40000.0,50000.0,50000.0
Canada,Diam. (Gem),(ct),22789001.0,18573661.0,14208812.0,16865216.0,17728144.0
Canada,Fluorspar,(t),20000.0,80000.0,50000.0,50000.0,20000.0
Canada,Graphite,(t),11000.0,4332.0,16239.0,9743.0,13000.0
Canada,Gypsum,(t),3240451.0,2444963.0,3049824.0,2896360.0,3174070.0
Canada,Magnesite,(t),150000.0,150000.0,160000.0,180000.0,230000.0
Canada,Potash,(t),14023931.0,12820345.0,13722423.0,14275819.0,15116101.0
Canada,Salt,(t),10713206.0,11896659.0,13282003.0,13188229.0,14640779.0
Canada,Sulfur,(t),5333000.0,4808913.0,4904051.0,4879000.0,4898600.0
Canada,Talc,(t),279000.0,243000.0,153293.0,153000.0,200000.0
Canada,Steam Coal,(t),17929000.0,15078380.0,13291550.0,12358380.0,12201040.0
Canada,Coking Coal,(t),29666000.0,29952270.0,25315420.0,26937110.0,26461240.0
Canada,Lignite,(t),9900000.0,8134855.0,7538920.0,8314510.0,6427680.0
Canada,Nat. Gas,(Mio m3),177794.0,170747.0,166936.0,173423.0,186121.0
Canada,Oil Sands*,(t),156864600.0,158766200.0,153043300.0,167022400.0,179386500.0
Canada,Petroleum,(t),258786900.0,265045900.0,253195200.0,266190400.0,271233300.0
Canada,Uranium,(t),8225.0,8230.0,4260.0,5622.0,6168.0
Cape Verde,Salt,(t),1000.0,1000.0,2585.0,2621.0,2600.0
Central African Republic,Gold,(kg),142.0,359.0,401.0,840.0,1507.0
Central African Republic,Diam. (Gem),(ct),10860.0,22040.0,49470.0,74220.0,90900.0
Central African Republic,Diam. (Ind),(ct),2710.0,5510.0,12370.0,18550.0,27150.0
Chad,Petroleum,(t),5750600.0,6316700.0,6303000.0,5799300.0,6160600.0
Chile,Iron,(t),8942638.0,8427224.0,9890886.0,11163294.0,11059801.0
Chile,Molybdenum,(t),60705.0,54759.0,59381.0,49427.0,45627.0
Chile,Copper,(t),5831600.0,5787400.000000001,5733100.0,5624900.0,5330400.0
Chile,Lead,(t),712.0,7.0,1386.0,382.0,457.0
Chile,Lithium,(t),38850.0,44940.0,49730.0,65060.0,110350.0
Chile,Mercury,(t),3.0,0.0,0.0,0.0,0.0
Chile,Rhenium,(kg),26052.0,24003.0,14549.0,18831.0,32303.0
Chile,Zinc,(t),26810.0,5620.0,28662.0,27915.0,24092.0
Chile,Gold,(kg),37066.0,38455.0,33895.0,34248.0,30966.0
Chile,Silver,(kg),1370237.0,1309321.0,1575794.0,1383041.0,1274363.0
Chile,Bentonite,(t),525.0,395.0,170.0,170.0,1372.0
Chile,Boron,(t),398411.0,352255.0,288103.0,363032.0,421935.0
Chile,Diatomite,(t),24736.0,21328.0,21477.0,27096.0,24279.0
Chile,Feldspar,(t),2789.0,55.0,329.0,0.0,0.0
Chile,Gypsum,(t),909191.0,977397.0,910310.0,1007206.0,978846.0
Chile,Kaolin,(t),88262.0,34801.0,38789.0,49533.0,44232.0
Chile,Perlite,(t),5020.0,4700.0,0.0,0.0,0.0
Chile,Phosphates,(t),1160.0,950.0,590.0,620.0,940.0
Chile,Potash,(t),991180.0,683540.0,966680.0,891450.0,676350.0
Chile,Salt,(t),10012105.0,10476823.0,9574159.0,8565307.0,10501352.0
Chile,Sulfur,(t),1734200.0,1518700.0,1735100.0,1662200.0,1591200.0
Chile,Steam Coal,(t),2294677.0,1606554.0,191562.0,18541.0,14950.0
Chile,Nat. Gas,(Mio m3),1221.0,1339.0,1316.0,1275.0,1355.0
Chile,Petroleum,(t),160330.0,161520.0,102640.0,109980.0,128510.0
China,Iron,(t),209243800.0,219375000.0,225400000.0,215700000.0,212900000.0
China,Chromium,(t),16330.0,27250.0,54440.0,67620.0,65050.0
China,Cobalt,(t),3100.0,3000.0,2200.0,2000.0,1750.0
China,Manganese,(t),1180000.0,1350000.0,1218000.0,900000.0,819000.0
China,Molybdenum,(t),98420.0,104670.0,95970.0,102600.0,107550.0
China,Nickel,(t),98963.0,104674.0,105048.0,104600.0,109400.0
China,Niobium,(t),20.0,20.0,30.0,30.0,40.0
China,Tantalum,(t),100.0,135.0,180.0,180.0,92.0
China,Titanium,(t),1932000.0,2306900.0,2911800.0,2856650.0,3144000.0
China,Tungsten,(t),68000.0,74950.0,71450.0,68660.0,65620.0
China,Vanadium,(t),53200.0,64700.0,69960.0,74100.0,78100.0
China,Aluminium,(t),36831000.0,35361600.0,37080400.0,38503200.0,40144300.0
China,Antimony,(t),70396.0,68422.0,60995.0,41480.0,39000.0
China,Arsenic,(t),24000.0,24000.0,24000.0,24000.0,24000.0
China,Bauxite,(t),70751000.0,73323700.0,70000000.0,68400000.0,74300000.0
China,Beryllium,(t),1250.0,1750.0,1750.0,1750.0,1850.0
China,Bismuth,(t),7000.0,7000.0,7500.0,8000.0,7500.0
China,Cadmium,(t),10349.0,10000.0,10000.0,10000.0,8700.0
China,Copper,(t),1618480.0,1683450.0,1942000.0,1964400.0,1925600.0
China,Gallium,(t),305.0,356.0,290.0,420.0,606.0
China,Germanium,(t),95.0,85.0,86.0,132.0,130.0
China,Indium,(t),395.0,490.0,528.0,540.0,667.0
China,Lead,(t),2033000.0,2097000.0,1969000.0,1964400.0,1945900.0
China,Lithium,(t),15300.0,19000.0,28800.0,30500.0,57900.0
China,Mercury,(t),2303.0,2046.0,1993.0,1400.0,637.0
China,Rare Earths,(t),120000.0,132000.0,140000.0,168000.0,210000.0
China,Rhenium,(kg),2500.0,2500.0,2500.0,2500.0,2500.0
China,Selenium,(t),930.0,1250.0,1120.0,1400.0,1400.0
China,Tellurium,(t),480.0,380.0,260.0,530.0,500.0
China,Tin,(t),87070.0,85584.0,94460.0,83144.0,67365.0
China,Zinc,(t),3721000.0,4213000.0,4058000.0,4136000.0,4041000.0
China,Gold,(kg),401119.0,380230.0,365340.0,328980.0,372048.0
China,Palladium,(kg),1300.0,1300.0,1300.0,1300.0,1300.0
China,Platinum,(kg),2500.0,2500.0,2500.0,2500.0,2800.0
China,Silver,(kg),3440000.0,3468000.0,3405800.0,3511600.0,3477400.0
China,Asbestos,(t),170000.0,125000.0,120000.0,130000.0,196000.0
China,Baryte,(t),2900000.0,2900000.0,2500000.0,2200000.0,2000000.0
China,Bentonite,(t),5600000.0,5600000.0,3650000.0,2500000.0,2100000.0
China,Boron,(t),80000.0,250000.0,250000.0,250000.0,300000.0
China,Diam. (Gem),(ct),99.0,51.0,21.0,0.0,0.0
China,Diatomite,(t),280000.0,420000.0,362000.0,200000.0,270000.0
China,Feldspar,(t),2500000.0,2450000.0,2450000.0,2450000.0,2500000.0
China,Fluorspar,(t),3500000.0,4000000.0,4300000.0,5400000.0,5700000.0
China,Graphite,(t),1164000.0,1185000.0,1090000.0,1189000.0,1161000.0
China,Gypsum,(t),25000000.0,25000000.0,25000000.0,25000000.0,25000000.0
China,Kaolin,(t),6650000.0,6400000.0,6500000.0,7240000.0,7822000.0
China,Magnesite,(t),19000000.0,19000000.0,19000000.0,18000000.0,17000000.0
China,Phosphates,(t),28897800.0,27997200.0,26679960.0,30869700.0,31423500.0
China,Potash,(t),5452000.0,5902000.0,5530000.0,5814600.0,5910000.0
China,Salt,(t),63636100.0,67014400.0,58526800.0,57065100.0,53598800.0
China,Sulfur,(t),13762700.0,14450000.0,15340000.0,15730000.0,16970000.0
China,Talc,(t),2000000.0,1800000.0,1300000.0,1400000.0,1400000.0
China,Vermiculite,(t),50000.0,50000.0,50000.0,40000.0,40000.0
China,Zircon,(t),150000.0,140000.0,140000.0,140000.0,140000.0
China,Steam Coal,(t),2850962000.0,2970445000.0,2999940000.0,3248607000.0,3589711000.0
China,Coking Coal,(t),530440000.0,538634000.0,561254300.0,547540900.0,554659000.0
China,Nat. Gas,(Mio m3),160159.0,175362.0,192495.0,207584.0,220110.0
China,Petroleum,(t),189324200.0,191628300.0,194768600.0,198881100.0,204722400.0
China,Uranium,(t),2223.0,2223.0,2223.0,1887.0,2005.0
Christmas Island,Phosphates,(t),111780.0,89010.0,120750.0,120290.0,128340.0
Colombia,Iron,(t),353950.0,300240.0,354200.0,337540.0,223870.0
Colombia,Manganese,(t),80.0,160.0,10.0,140.0,160.0
Colombia,Nickel,(t),43056.0,40571.0,36094.0,38301.0,41816.0
Colombia,Bauxite,(t),13666.0,18033.0,9595.0,49946.0,41479.0
Colombia,Copper,(t),9918.0,7641.0,9372.0,9194.0,6918.0
Colombia,Tin,(t),0.0,31.0,233.0,0.0,0.0
Colombia,Gold,(kg),35965.0,38006.0,48561.0,55321.0,51362.0
Colombia,Platinum,(kg),270.0,178.0,414.0,618.0,501.0
Colombia,Silver,(kg),16691.0,14479.0,19948.0,26698.0,35836.0
Colombia,Baryte,(t),3211.0,2270.0,2046.0,1164.0,1034.0
Colombia,Bentonite,(t),166778.0,145643.0,185418.0,88339.0,58815.0
Colombia,Feldspar,(t),141794.0,180235.0,134847.0,99755.0,132322.0
Colombia,Fluorspar,(t),46.0,0.0,0.0,0.0,0.0
Colombia,Graphite,(t),0.0,135.0,0.0,0.0,0.0
Colombia,Gypsum,(t),396373.0,294137.0,323157.0,408681.0,480748.0
Colombia,Kaolin,(t),70799.0,96051.0,29372.0,71699.0,40487.0
Colombia,Magnesite,(t),1039.0,1847.0,1077.0,3116.0,2694.0
Colombia,Phosphates,(t),13240.0,20480.0,14470.0,12960.0,10370.0
Colombia,Salt,(t),423316.0,376309.0,409976.0,370318.0,379081.0
Colombia,Sulfur,(t),155641.0,100203.0,69638.0,35930.0,36000.0
Colombia,Talc,(t),2522.0,1708.0,717.0,3170.0,5222.0
Colombia,Steam Coal,(t),81319300.0,81542200.0,51078400.0,55964300.0,57806700.0
Colombia,Coking Coal,(t),6120860.0,6137610.0,5051690.0,6218230.0,6422920.0
Colombia,Nat. Gas,(Mio m3),11590.0,11800.0,11770.0,12110.0,11890.0
Colombia,Petroleum,(t),43088900.0,44101940.0,38993490.0,36660230.0,37552230.0
"Congo, D.R.",Cobalt,(t),111713.0,78664.0,86591.0,93011.0,115371.0
"Congo, D.R.",Manganese,(t),5360.0,1780.0,1000.0,1000.0,5380.0
"Congo, D.R.",Niobium,(t),607.0,433.0,565.0,475.0,520.0
"Congo, D.R.",Tantalum,(t),644.0,460.0,600.0,505.0,550.0
"Congo, D.R.",Tungsten,(t),160.0,260.0,116.0,114.0,147.0
"Congo, D.R.",Copper,(t),1239059.0,1461124.0,1712964.0,1924374.0,2515847.0
"Congo, D.R.",Tin,(t),8950.0,10990.0,14670.0,15750.0,27220.0
"Congo, D.R.",Zinc,(t),1047.0,1607.0,15305.0,16079.0,13578.0
"Congo, D.R.",Gold,(kg),36777.0,33752.0,29597.0,31421.0,29498.0
"Congo, D.R.",Silver,(kg),3400.0,3400.0,3400.0,3400.0,3400.0
"Congo, D.R.",Diam. (Gem),(ct),1815745.0,2020450.0,2588850.0,2594650.0,1948550.0
"Congo, D.R.",Diam. (Ind),(ct),13315465.0,11449240.0,10355400.0,10378700.0,8307100.0
"Congo, D.R.",Petroleum,(t),1144760.0,1113260.0,1191660.0,1170000.0,1149900.0
"Congo, Rep.",Iron,(t),10800.0,20200.0,3400.0,20200.0,20200.0
"Congo, Rep.",Copper,(t),18018.0,18760.0,10300.0,10845.0,7877.0
"Congo, Rep.",Zinc,(t),460.0,4830.0,1100.0,7500.0,20000.0
"Congo, Rep.",Gold,(kg),150.0,150.0,150.0,150.0,150.0
"Congo, Rep.",Diam. (Ind),(ct),46768.0,2963.0,11157.0,4125.0,3534.0
"Congo, Rep.",Nat. Gas,(Mio m3),867.0,622.0,809.0,1000.0,1000.0
"Congo, Rep.",Petroleum,(t),16740500.0,16749800.0,15280150.0,13446000.0,13161000.0
Costa Rica,Gold,(kg),3699.0,4500.0,600.0,647.0,790.0
Costa Rica,Diatomite,(t),3972.0,4000.0,4000.0,16462.0,14642.0
Cote d'Ivoire,Manganese,(t),319200.0,472700.0,530200.0,384500.0,371900.0
Cote d'Ivoire,Nickel,(t),12300.0,9900.0,20220.0,26460.0,27610.0
Cote d'Ivoire,Bauxite,(t),,0.0,272295.0,0.0,0.0
Cote d'Ivoire,Gold,(kg),24488.0,32568.0,38523.0,41855.0,48320.0
Cote d'Ivoire,Silver,(kg),510.0,300.0,956.0,1000.0,1000.0
Cote d'Ivoire,Diam. (Gem),(ct),4540.0,3989.0,4012.0,4121.0,3969.0
Cote d'Ivoire,Diam. (Ind),(ct),1140.0,0.0,0.0,0.0,0.0
Cote d'Ivoire,Nat. Gas,(Mio m3),1935.0,2171.0,2229.0,2373.0,2557.0
Cote d'Ivoire,Petroleum,(t),1607400.0,1799700.0,1451600.0,1196700.0,1268600.0
Croatia,Bauxite,(t),11776.0,14342.0,14084.0,14448.0,17749.0
Croatia,Gypsum,(t),211894.0,199255.0,221629.0,285966.0,278581.0
Croatia,Salt,(t),16453.0,93870.0,111901.0,111319.0,102671.0
Croatia,Nat. Gas,(Mio m3),1230.0,1029.0,849.0,746.0,745.0
Croatia,Petroleum,(t),706900.0,677200.0,593700.0,565700.0,548000.0
Cuba,Chromium,(t),10500.0,27000.0,14000.0,8500.0,4000.0
Cuba,Cobalt,(t),5000.0,3800.0,3900.0,3800.0,3600.0
Cuba,Nickel,(t),49000.0,45000.0,46000.0,44000.0,43000.0
Cuba,Lead,(t),25380.0,36000.0,30000.0,30000.0,33000.0
Cuba,Zinc,(t),42250.0,57830.0,57730.0,44500.0,51700.0
Cuba,Bentonite,(t),630.0,504.0,486.0,517.0,498.0
Cuba,Feldspar,(t),3000.0,2100.0,14100.0,17800.0,5900.0
Cuba,Gypsum,(t),99900.0,66330.0,62300.0,53200.0,32600.0
Cuba,Kaolin,(t),2700.0,2100.0,2032.0,1375.0,500.0
Cuba,Magnesite,(t),0.0,1532.0,3910.0,3000.0,548.0
Cuba,Phosphates,(t),0.0,0.0,460.0,410.0,320.0
Cuba,Salt,(t),192700.0,210370.0,226000.0,204600.0,195600.0
Cuba,Sulfur,(t),309000.0,317000.0,311200.0,278900.0,289200.0
Cuba,Nat. Gas,(Mio m3),970.0,951.0,895.0,863.0,844.0
Cuba,Petroleum,(t),2462500.0,2371450.0,2320200.0,2433300.0,2300000.0
Cyprus,Copper,(t),908.0,703.0,0.0,0.0,0.0
Cyprus,Gold,(kg),47.0,33.0,61.0,0.0,0.0
Cyprus,Silver,(kg),180.0,97.0,486.0,0.0,0.0
Cyprus,Bentonite,(t),98800.0,83113.0,92645.0,81655.0,86562.0
Cyprus,Gypsum,(t),625721.0,623545.0,646340.0,661175.0,688270.0
Czechia,Bentonite,(t),277000.0,357000.0,226000.0,198000.0,167000.0
Czechia,Diatomite,(t),31000.0,43000.0,46000.0,18000.0,44000.0
Czechia,Feldspar,(t),449000.0,460000.0,419000.0,504000.0,493000.0
Czechia,Gypsum,(t),8000.0,10000.0,17000.0,17000.0,20000.0
Czechia,Kaolin,(t),3622000.0,3446000.0,3069000.0,3454000.0,3009000.0
Czechia,Steam Coal,(t),1993850.0,1335497.0,841188.0,739460.0,1293831.0
Czechia,Coking Coal,(t),2626361.0,2309833.0,1296137.0,1734896.0,816254.0
Czechia,Lignite,(t),39187000.0,37465000.0,29505000.0,29278000.0,33397365.0
Czechia,Nat. Gas,(Mio m3),179.0,146.0,173.0,153.0,165.0
Czechia,Petroleum,(t),109000.0,81000.0,91000.0,83000.0,75000.0
Czechia,Uranium,(t),40.0,39.0,34.0,32.0,25.0
Denmark,Bentonite,(t),56173.0,48197.0,40054.0,20281.0,24128.0
Denmark,Diatomite,(t),99400.0,108800.0,115000.0,120600.0,143100.0
Denmark,Salt,(t),600000.0,600000.0,600000.0,600000.0,600000.0
Denmark,Sulfur,(t),4194.0,3554.0,4140.0,4090.0,3727.0
Denmark,Nat. Gas,(Mio m3),4148.0,3138.0,1425.0,1352.0,1349.0
Denmark,Petroleum,(t),5665787.0,5017234.0,3556000.0,3277800.0,3212000.0
Dominican Republic,Nickel,(t),19214.0,28450.0,22005.0,27819.0,29223.0
Dominican Republic,Bauxite,(t),6525.0,7551.0,9475.0,71517.0,104158.0
Dominican Republic,Copper,(t),8588.0,6047.0,2193.0,4774.0,5360.0
Dominican Republic,Zinc,(t),4038.0,5527.0,2361.0,4896.0,5485.0
Dominican Republic,Gold,(kg),31633.0,31801.0,28154.0,25437.0,22282.0
Dominican Republic,Silver,(kg),166510.0,108685.0,87889.0,79688.0,73413.0
Dominican Republic,Feldspar,(t),1200.0,1000.0,0.0,0.0,0.0
Dominican Republic,Gypsum,(t),190660.0,316630.0,304920.0,329630.0,415810.0
Dominican Republic,Salt,(t),23860.0,26000.0,24000.0,20000.0,27000.0
Ecuador,Copper,(t),42200.0,9900.0,49700.0,89170.0,115100.0
Ecuador,Gold,(kg),8213.0,6293.0,9086.0,15026.0,17030.0
Ecuador,Silver,(kg),192.0,2892.0,9457.0,23698.0,27210.0
Ecuador,Baryte,(t),2868.0,2000.0,2000.0,1000.0,500.0
Ecuador,Feldspar,(t),43197.0,45000.0,0.0,0.0,0.0
Ecuador,Nat. Gas,(Mio m3),353.0,318.0,268.0,269.0,243.0
Ecuador,Petroleum,(t),25754000.0,26442000.0,23932000.0,23543000.0,23944300.0
Egypt,Iron,(t),250700.0,48200.0,1900.0,5800.0,6000.0
Egypt,Manganese,(t),13200.0,7900.0,5300.0,8000.0,5000.0
Egypt,Aluminium,(t),267100.0,290000.0,268000.0,270000.0,250000.0
Egypt,Gold,(kg),14694.0,14946.0,14069.0,12919.0,13716.0
Egypt,Baryte,(t),4000.0,4000.0,4000.0,4000.0,4000.0
Egypt,Bentonite,(t),10000.0,7000.0,7000.0,7000.0,7000.0
Egypt,Feldspar,(t),230000.0,230000.0,200000.0,200000.0,200000.0
Egypt,Fluorspar,(t),1000.0,1000.0,1000.0,1000.0,1000.0
Egypt,Gypsum,(t),727370.0,800000.0,800000.0,800000.0,800000.0
Egypt,Kaolin,(t),230000.0,230000.0,230000.0,230000.0,230000.0
Egypt,Phosphates,(t),870870.0,979620.0,885100.0,898400.0,870000.0
Egypt,Salt,(t),522000.0,493000.0,357000.0,218000.0,220000.0
Egypt,Sulfur,(t),80000.0,80000.0,80000.0,80000.0,80000.0
Egypt,Talc,(t),25000.0,22000.0,20000.0,15000.0,20000.0
Egypt,Nat. Gas,(Mio m3),58560.0,64940.0,58465.0,67799.0,64488.0
Egypt,Petroleum,(t),32844000.0,31812000.0,31066370.0,29601360.0,29920860.0
El Salvador,Salt,(t),30000.0,30000.0,30000.0,30000.0,30000.0
Equatorial Guinea,Nat. Gas,(Mio m3),7750.0,6235.0,6023.0,7047.0,8105.0
Equatorial Guinea,Petroleum,(t),7826120.0,7172620.0,7154290.0,5919365.0,5385330.0
Eritrea,Copper,(t),17300.0,16008.0,21725.0,20224.0,17098.0
Eritrea,Zinc,(t),125000.0,121260.0,121930.0,129641.0,120529.0
Eritrea,Gold,(kg),3768.0,2443.0,3019.0,2140.0,3200.0
Eritrea,Silver,(kg),31000.0,44836.0,65284.0,68624.0,49855.0
Eritrea,Gypsum,(t),18000.0,18000.0,18000.0,26000.0,26000.0
Eritrea,Kaolin,(t),200.0,0.0,0.0,0.0,0.0
Eritrea,Salt,(t),310000.0,310000.0,320000.0,320000.0,320000.0
Estonia,Oil Shales,(t),21883000.0,15697400.0,12144400.0,11743000.0,13967000.0
Eswatini,Gold,(kg),4.0,6.0,1.0,0.0,4.0
Eswatini,Steam Coal,(t),144375.0,109926.0,161768.0,162681.0,215581.0
Ethiopia,Chromium,(t),8000.0,500.0,200.0,700.0,400.0
Ethiopia,Niobium,(t),28.0,14.0,11.0,18.0,25.0
Ethiopia,Tantalum,(t),104.0,50.0,41.0,64.0,90.0
Ethiopia,Gold,(kg),3495.0,2800.0,7500.0,9600.0,5900.0
Ethiopia,Silver,(kg),1000.0,800.0,1000.0,1000.0,800.0
Ethiopia,Diatomite,(t),5000.0,5000.0,5000.0,5000.0,5000.0
Ethiopia,Gypsum,(t),253165.0,56313.0,107070.0,110000.0,110000.0
Ethiopia,Kaolin,(t),10000.0,1000.0,1000.0,1000.0,1000.0
Ethiopia,Salt,(t),122850.0,125000.0,125000.0,125000.0,100000.0
Fiji,Iron,(t),0.0,35900.0,35200.0,49400.0,28800.0
Fiji,Bauxite,(t),57960.0,0.0,0.0,0.0,0.0
Fiji,Gold,(kg),1281.0,1106.0,1090.0,1107.0,584.0
Fiji,Silver,(kg),413.0,692.0,479.0,622.0,475.0
Finland,Chromium,(t),466750.0,491930.0,470620.0,472890.0,391410.0
Finland,Cobalt,(t),1377.0,1454.0,1559.0,1084.0,1235.0
Finland,Nickel,(t),43572.0,38530.0,41429.0,42163.0,44921.0
Finland,Copper,(t),46755.0,32861.0,36278.0,32384.0,27637.0
Finland,Lead,(t),0.0,937.0,1532.0,1494.0,1535.0
Finland,Selenium,(t),109.0,115.0,84.0,100.0,130.0
Finland,Zinc,(t),85067.0,69800.0,61213.0,59080.0,62433.0
Finland,Gold,(kg),8732.0,7927.0,8668.0,9082.0,8390.0
Finland,Palladium,(kg),1157.0,699.0,858.0,1036.0,960.0
Finland,Platinum,(kg),1576.0,953.0,1277.0,1447.0,1243.0
Finland,Silver,(kg),12849.0,40461.0,54833.0,45338.0,35182.0
Finland,Feldspar,(t),17469.0,17997.0,16137.0,52706.0,63034.0
Finland,Magnesite,(t),49601.0,37002.0,136167.0,179781.0,324226.0
Finland,Phosphates,(t),356070.0,363020.0,363200.0,363720.0,341600.0
Finland,Sulfur,(t),888300.0,811600.0,794900.0,737600.0,696800.0
Finland,Talc,(t),374398.0,329891.0,278331.0,296833.0,241538.0
France,Aluminium,(t),390000.0,401850.0,417000.0,430000.0,380000.0
France,Bauxite,(t),138800.0,120760.0,123496.0,142764.0,118000.0
France,Indium,(t),43.0,38.0,40.0,38.0,19.0
France,Bentonite,(t),35696.0,36000.0,36000.0,36000.0,36000.0
France,Diatomite,(t),90000.0,90000.0,90000.0,50000.0,50000.0
France,Feldspar,(t),550000.0,500000.0,500000.0,500000.0,450000.0
France,Gypsum,(t),5314983.0,3259935.0,1891190.0,2108258.0,2410284.0
France,Kaolin,(t),301842.0,392389.0,231579.0,289057.0,290000.0
France,Salt,(t),4689054.0,5160260.0,5200596.0,5543448.0,5621754.0
France,Sulfur,(t),500000.0,500000.0,450000.0,450000.0,450000.0
France,Talc,(t),450000.0,400000.0,400000.0,350000.0,350000.0
France,Nat. Gas,(Mio m3),9.0,16.0,17.0,22.0,20.0
France,Oil Shales,(t),2000.0,2000.0,2000.0,2000.0,2000.0
France,Petroleum,(t),774100.0,719800.0,644700.0,647830.0,595700.0
French Guiana,Gold,(kg),1320.0,1157.0,1058.0,1225.0,916.0
Gabon,Manganese,(t),2874600.0,3158100.0,3709100.0,4228900.0,4529000.0
Gabon,Gold,(kg),83.0,107.0,55.0,1106.0,1063.0
Gabon,Nat. Gas,(Mio m3),511.0,464.0,502.0,454.0,418.0
Gabon,Petroleum,(t),9646000.0,10848000.0,10766000.0,10038600.0,10367900.0
Georgia,Manganese,(t),210500.0,170600.0,202400.0,226500.0,160000.0
Georgia,Copper,(t),9100.0,9500.0,8000.0,8130.0,6400.0
Georgia,Gold,(kg),2913.0,4052.0,5401.0,3513.0,4908.0
Georgia,Silver,(kg),20042.0,4100.0,11200.0,12700.0,22400.0
Georgia,Bentonite,(t),25498.0,27872.0,12750.0,16315.0,16000.0
Georgia,Gypsum,(t),91700.0,137831.0,87655.0,79515.0,80000.0
Georgia,Perlite,(t),22577.0,21000.0,31736.0,31572.0,30000.0
Georgia,Steam Coal,(t),137900.0,15300.0,99300.0,147900.0,146347.0
Georgia,Nat. Gas,(Mio m3),10.0,10.0,9.0,16.0,15.0
Georgia,Petroleum,(t),30200.0,35100.0,31300.0,35500.0,36600.0
Germany,Iron,(t),82900.0,94100.0,95500.0,87500.0,86000.0
Germany,Aluminium,(t),528900.0,507934.0,529056.0,509193.0,341212.0
Germany,Cadmium,(t),520.0,620.0,500.0,450.0,300.0
Germany,Copper,(t),51.0,40.0,37.0,60.0,67.0
Germany,Selenium,(t),300.0,300.0,300.0,300.0,300.0
Germany,Gold,(kg),9.0,15.0,10.0,12.0,14.0
Germany,Silver,(kg),5000.0,4000.0,4000.0,6000.0,7000.0
Germany,Baryte,(t),37897.0,30474.0,26656.0,27921.0,24128.0
Germany,Bentonite,(t),379000.0,366000.0,333000.0,363000.0,316000.0
Germany,Diatomite,(t),58340.0,53802.0,51511.0,58519.0,50321.0
Germany,Feldspar,(t),252693.0,235289.0,221527.0,223007.0,205330.0
Germany,Fluorspar,(t),49197.0,79959.0,64933.0,56632.0,104461.0
Germany,Graphite,(t),222.0,207.0,108.0,181.0,185.0
Germany,Gypsum,(t),4550000.0,4850000.0,5200000.0,6260000.0,5820000.0
Germany,Kaolin,(t),4930000.0,4760000.0,4969000.0,5291000.0,4594000.0
Germany,Potash,(t),2754085.0,2615284.0,2874026.0,2793326.0,2708650.0
Germany,Salt,(t),16229929.0,16627893.0,14226154.0,17668366.0,15073463.0
Germany,Sulfur,(t),419597.0,460012.0,353293.0,382049.0,370664.0
Germany,Steam Coal,(t),1212700.0,0.0,0.0,0.0,0.0
Germany,Coking Coal,(t),1370800.0,0.0,0.0,0.0,0.0
Germany,Lignite,(t),166258000.0,131314000.0,107377260.0,126256594.0,130801110.99999999
Germany,Nat. Gas,(Mio m3),6888.0,6699.0,5692.0,5731.0,5281.0
Germany,Oil Shales,(t),494650.0,487012.0,471404.0,442886.0,415916.0
Germany,Petroleum,(t),2066643.0,1923232.0,1895942.0,1805932.0,1699014.0
Germany,Uranium,(t),0.0,28.0,8.0,0.0,0.0
Ghana,Manganese,(t),1320000.0,1507200.0,660100.0,934200.0,919800.0
Ghana,Aluminium,(t),42867.0,43908.0,37566.0,39239.0,55592.0
Ghana,Bauxite,(t),1011302.0,1116334.0,1162086.0,839465.0,773213.0
Ghana,Gold,(kg),149057.0,142371.0,125114.0,87721.0,116179.0
Ghana,Silver,(kg),4000.0,4000.0,3000.0,1000.0,1000.0
Ghana,Diam. (Gem),(ct),46025.0,27030.0,20230.0,43340.0,61690.0
Ghana,Diam. (Ind),(ct),11505.0,6760.0,5060.0,10835.0,20560.0
Ghana,Salt,(t),330000.0,300000.0,330000.0,300000.0,300000.0
Ghana,Nat. Gas,(Mio m3),910.0,1550.0,2660.0,3020.0,3300.0
Ghana,Petroleum,(t),8876500.0,10205700.0,9561000.0,7864300.0,7393900.0
Greece,Chromium,(t),16650.0,12080.0,790.0,0.0,0.0
Greece,Nickel,(t),19980.0,17240.0,9270.0,4770.0,1700.0
Greece,Aluminium,(t),187465.0,186903.0,181708.0,169775.0,171450.0
Greece,Bauxite,(t),1559359.0,1379123.0,1428631.0,1227487.0,1173319.0
Greece,Lead,(t),15345.0,14818.0,19717.0,16773.0,10100.0
Greece,Zinc,(t),21515.0,22322.0,28090.0,22621.0,10502.0
Greece,Gold,(kg),2839.0,2333.0,2177.0,3315.0,1752.0
Greece,Silver,(kg),39150.0,37790.0,51111.0,44086.0,32870.0
Greece,Bentonite,(t),1365374.0,1393958.0,979329.0,1253789.0,1106201.0
Greece,Gypsum,(t),827298.0,589012.0,622834.0,647164.0,656296.0
Greece,Magnesite,(t),425882.0,358841.0,335943.0,393715.0,393287.0
Greece,Perlite,(t),790412.0,718077.0,821233.0,1053019.0,839108.0
Greece,Salt,(t),163474.0,201107.0,201000.0,210000.0,220000.0
Greece,Sulfur,(t),280000.0,260000.0,210000.0,250000.0,250000.0
Greece,Lignite,(t),36574360.0,27383575.0,13866637.0,12427717.0,14340293.0
Greece,Nat. Gas,(Mio m3),12.0,9.0,6.0,4.0,0.0
Greece,Petroleum,(t),201786.0,164905.0,89715.0,57570.0,0.0
Guatemala,Iron,(t),2590.0,30.0,0.0,0.0,0.0
Guatemala,Nickel,(t),48400.0,44600.0,57600.0,59100.0,52600.0
Guatemala,Antimony,(t),0.0,150.0,50.0,0.0,12.0
Guatemala,Lead,(t),264.0,377.0,0.0,0.0,0.0
Guatemala,Baryte,(t),63.0,50.0,50.0,100.0,20.0
Guatemala,Bentonite,(t),16953.0,12700.0,6000.0,7378.0,7400.0
Guatemala,Feldspar,(t),30257.0,28771.0,25578.0,34232.0,30000.0
Guatemala,Gypsum,(t),132897.0,140901.0,423281.0,138552.0,206143.0
Guatemala,Kaolin,(t),724.0,700.0,402.0,295.0,300.0
Guatemala,Magnesite,(t),4745.0,4500.0,6000.0,14100.0,10000.0
Guatemala,Talc,(t),2187.0,10.0,3151.0,2111.0,1450.0
Guatemala,Nat. Gas,(Mio m3),,,0.0,72.0,72.0
Guatemala,Petroleum,(t),458800.0,478200.0,389000.0,355500.0,349200.0
Guinea,Iron,(t),,0.0,418800.0,1140800.0,197900.0
Guinea,Bauxite,(t),59573707.0,70173326.0,87766199.0,87438557.0,103525513.0
Guinea,Gold,(kg),25823.0,27708.0,91798.0,102046.0,86236.0
Guinea,Diam. (Gem),(ct),219530.0,171880.0,96430.0,204990.0,160000.0
Guinea,Diam. (Ind),(ct),73180.0,57300.0,32145.0,68330.0,53330.0
Guyana,Manganese,(t),,,,0.0,105800.0
Guyana,Bauxite,(t),1926053.0,1919747.0,608168.0,618452.0,705631.0
Guyana,Gold,(kg),19069.0,19963.0,18209.0,15522.0,15129.0
Guyana,Diam. (Gem),(ct),62110.0,54990.0,19240.0,45106.0,83614.0
Guyana,Petroleum,(t),0.0,58280.0,3709780.0,5820870.0,13832300.0
Honduras,Antimony,(t),20.0,15.0,10.0,120.0,0.0
Honduras,Lead,(t),9893.0,12308.0,13400.0,14000.0,12400.0
Honduras,Zinc,(t),28422.0,29454.0,30200.0,32300.0,28200.0
Honduras,Gold,(kg),2070.0,3035.0,1963.0,2824.0,1911.0
Honduras,Silver,(kg),31182.0,45174.0,40400.0,37495.0,30000.0
Honduras,Gypsum,(t),35000.0,34964.0,45254.0,45000.0,75000.0
Honduras,Salt,(t),63500.0,49900.0,61200.0,63500.0,60000.0
Hungary,Bauxite,(t),4200.0,0.0,0.0,0.0,0.0
Hungary,Bentonite,(t),25000.0,41500.0,42000.0,42000.0,38501.0
Hungary,Perlite,(t),44970.0,43900.0,44000.0,60000.0,85505.0
Hungary,Lignite,(t),7898689.0,6847230.0,6125178.0,4987686.0,4927434.0
Hungary,Nat. Gas,(Mio m3),1905.0,1716.0,1708.0,1526.0,1549.0
Hungary,Petroleum,(t),1103000.0,1160000.0,1030000.0,1087000.0,1080000.0
Iceland,Aluminium,(t),731478.0,682616.0,691989.0,695857.0,730394.0
Iceland,Salt,(t),5000.0,5000.0,5000.0,5000.0,5000.0
India,Iron,(t),129615740.0,151827100.0,125963950.0,156024500.0,158405600.0
India,Chromium,(t),1864070.0,1832600.0,1273300.0,1716800.0,1614600.0
India,Manganese,(t),920230.0,919640.0,834340.0,832100.0,872600.0
India,Titanium,(t),172700.0,205200.0,205500.0,176000.0,154000.0
India,Vanadium,(t),442.0,76.0,100.0,100.0,50.0
India,Aluminium,(t),3696181.0,3635089.0,3619237.0,3585800.0,4073000.0
India,Bauxite,(t),23689619.0,21825227.0,20380548.0,22493947.0,23831706.0
India,Copper,(t),32530.0,28585.0,25260.0,26580.0,26200.0
India,Lead,(t),205920.0,197080.0,216280.0,216023.0,223038.0
India,Rare Earths,(t),2110.0,2520.0,2500.0,2600.0,2600.0
India,Selenium,(t),17.0,17.0,20.0,20.0,20.0
India,Tin,(t),16.0,12.0,13.0,20.0,34.0
India,Zinc,(t),728400.0,719220.0,756090.0,801035.0,839051.0
India,Gold,(kg),1664.0,1742.0,1127.0,1251.0,1302.0
India,Silver,(kg),679386.0,609340.0,705795.0,647140.0,713625.0
India,Baryte,(t),2488756.0,2739035.0,2500000.0,2500000.0,2000000.0
India,Bentonite,(t),3661450.0,3605000.0,3740000.0,3550000.0,3500000.0
India,Diam. (Gem),(ct),13877.0,10301.0,5010.0,0.0,0.0
India,Diam. (Ind),(ct),24560.0,18515.0,8910.0,266.0,388.0
India,Feldspar,(t),8486262.0,6172997.0,4820000.0,6430000.0,6000000.0
India,Fluorspar,(t),1079.0,1315.0,1052.0,1237.0,1100.0
India,Graphite,(t),39030.0,34674.0,35386.0,57264.0,82439.0
India,Gypsum,(t),4664046.0,3006046.0,6788200.0,3547250.0,4000000.0
India,Kaolin,(t),8201946.0,8000000.0,8000000.0,8000000.0,8400000.0
India,Magnesite,(t),146875.0,102554.0,74661.0,113495.0,107525.0
India,Phosphates,(t),342890.0,332940.0,337800.0,323750.0,459100.0
India,Salt,(t),30033300.0,28058400.0,26564400.0,26600100.0,30000000.0
India,Sulfur,(t),4290400.0,3900950.0,3750000.0,3681000.0,3725000.0
India,Talc,(t),1682825.0,1748963.0,1720000.0,1575000.0,1630000.0
India,Vermiculite,(t),2992.0,2774.0,1260.0,3061.0,2303.0
India,Zircon,(t),11906.0,15600.0,16000.0,16000.0,16000.0
India,Steam Coal,(t),687586000.0,677938000.0,671296000.0,726508000.0,832430000.0
India,Coking Coal,(t),41132000.0,52936000.0,44787000.0,51702000.0,60760000.0
India,Lignite,(t),44283000.0,42096000.0,37895000.0,47492000.0,44990000.0
India,Nat. Gas,(Mio m3),32058.0,30257.0,27784.0,33131.0,33664.0
India,Petroleum,(t),34203270.0,32169270.0,30494090.0,29688440.0,29178680.0
India,Uranium,(t),499.0,363.0,472.0,708.0,708.0
Indonesia,Iron,(t),600000.0,1379300.0,2951100.0,3300000.0,3000000.0
Indonesia,Cobalt,(t),350.0,350.0,1000.0,2100.0,9600.0
Indonesia,Manganese,(t),24000.0,24000.0,23500.0,40000.0,0.0
Indonesia,Nickel,(t),651600.0,1036200.0,816700.0,1173200.0,1593400.0
Indonesia,Aluminium,(t),219306.0,233457.0,220089.0,200577.0,223774.0
Indonesia,Bauxite,(t),11023850.0,16592740.0,25859895.0,25781187.0,28808674.0
Indonesia,Copper,(t),651132.0,351220.0,505650.0,731060.0,940770.0
Indonesia,Lead,(t),10880.0,9450.0,7090.0,6735.0,4800.0
Indonesia,Tin,(t),82809.0,76390.0,52617.0,34466.0,56093.0
Indonesia,Zinc,(t),21100.0,25215.0,20390.0,14780.0,11375.0
Indonesia,Gold,(kg),135250.0,108900.0,66190.0,72660.0,96800.0
Indonesia,Silver,(kg),308810.0,487400.0,338100.0,295920.0,298650.0
Indonesia,Feldspar,(t),749300.0,480800.0,287400.0,313200.0,325700.0
Indonesia,Kaolin,(t),1368400.0,2754600.0,1636000.0,1568000.0,975300.0
Indonesia,Salt,(t),2719256.0,2852125.0,1365711.0,879986.0,635865.0
Indonesia,Sulfur,(t),500000.0,500000.0,500000.0,500000.0,500000.0
Indonesia,Zircon,(t),53700.0,73100.0,77200.0,54630.0,97400.0
Indonesia,Steam Coal,(t),543919000.0,594796500.0,561979800.0,564815600.0,680712000.0
Indonesia,Coking Coal,(t),5117786.0,5752018.0,4800000.0,6000000.0,6000000.0
Indonesia,Nat. Gas,(Mio m3),72570.0,67160.0,59180.0,58960.0,57410.0
Indonesia,Petroleum,(t),38434800.0,37104200.0,35367913.0,32786100.0,30489800.0
Iran,Iron,(t),24700000.0,28305000.0,33660000.0,34980000.0,36874200.0
Iran,Chromium,(t),113410.0,104400.0,103340.0,85620.0,130440.0
Iran,Manganese,(t),45595.0,50240.0,63580.00000000001,93940.0,65800.0
Iran,Molybdenum,(t),3690.0,4160.0,3536.0,4150.0,5980.0
Iran,Titanium,(t),30000.0,4880.0,5000.0,6860.0,19570.0
Iran,Aluminium,(t),304800.0,258166.0,424475.0,543715.0,611551.0
Iran,Antimony,(t),1645.0,330.0,1065.0,1960.0,3890.0
Iran,Bauxite,(t),866683.0,828788.0,1042325.0,883950.0,955528.0
Iran,Copper,(t),316380.0,314143.0,313323.0,313612.0,314995.0
Iran,Lead,(t),49600.0,72500.0,81800.0,74100.0,105500.0
Iran,Zinc,(t),143600.0,209900.0,215200.0,195100.0,228700.0
Iran,Gold,(kg),7600.0,8140.0,6919.0,6990.0,7472.0
Iran,Silver,(kg),50000.0,50000.0,50000.0,50000.0,50000.0
Iran,Baryte,(t),477227.0,247207.0,285756.0,297469.0,224626.0
Iran,Bentonite,(t),423604.0,761079.0,714684.0,1153283.0,1341023.0
Iran,Boron,(t),851.0,2026.0,1495.0,2000.0,2735.0
Iran,Diatomite,(t),0.0,600.0,170.0,5550.0,0.0
Iran,Feldspar,(t),1320452.0,2415368.0,1910505.0,2803515.0,3094356.0
Iran,Fluorspar,(t),55000.0,54824.0,116159.0,65000.0,62005.0
Iran,Gypsum,(t),10904289.0,14750093.0,15124823.0,14322761.0,18406880.0
Iran,Kaolin,(t),1158983.0,1813395.0,1923895.0,1348232.0,2600110.0
Iran,Magnesite,(t),137445.0,147760.0,256124.0,248376.0,210513.0
Iran,Perlite,(t),71579.0,31828.0,52750.0,77024.0,6709.0
Iran,Phosphates,(t),105840.0,102230.0,105000.0,83900.0,95430.0
Iran,Potash,(t),32900.0,37200.0,37000.0,40000.0,50000.0
Iran,Salt,(t),2453873.0,2639192.0,3200232.0,3083719.0,3877712.0
Iran,Sulfur,(t),2200000.0,2200000.0,2200000.0,2000000.0,2000000.0
Iran,Talc,(t),73259.0,49650.0,61665.0,74537.0,93535.0
Iran,Steam Coal,(t),400000.0,485000.0,450000.0,318200.0,364200.0
Iran,Coking Coal,(t),1650000.0,1600000.0,1423900.0,980000.0,1909050.0
Iran,Nat. Gas,(Mio m3),224899.0,232900.0,249530.0,256650.0,259399.0
Iran,Petroleum,(t),219633830.0,158608670.0,144367790.0,168793020.0,176541170.0
Iraq,Gypsum,(t),1000000.0,1000000.0,1000000.0,1000000.0,1100000.0
Iraq,Phosphates,(t),377120.0,300000.0,300000.0,0.0,0.0
Iraq,Salt,(t),271500.0,270000.0,300000.0,57602.0,60000.0
Iraq,Sulfur,(t),40000.0,40000.0,40000.0,179600.0,180000.0
Iraq,Nat. Gas,(Mio m3),10574.0,10967.0,7005.0,9107.0,9429.0
Iraq,Petroleum,(t),227012450.0,234220100.0,202037850.0,200829370.0,221310150.0
Ireland,Lead,(t),16712.0,16053.0,14401.0,13192.0,14181.0
Ireland,Zinc,(t),131742.0,122463.0,127008.0,112249.0,103264.0
Ireland,Silver,(kg),1160.0,1578.0,918.0,1342.0,2750.0
Ireland,Gypsum,(t),200000.0,200000.0,150000.0,110000.0,110000.0
Ireland,Nat. Gas,(Mio m3),3060.0,2390.0,1840.0,1400.0,1290.0
Israel,Gypsum,(t),75800.0,72000.0,0.0,0.0,0.0
Israel,Phosphates,(t),1100500.0,898200.0,988800.0,777900.0,694400.0
Israel,Potash,(t),2149300.0,2043500.0,2415600.0,2379000.0,2446710.0
Israel,Salt,(t),377000.0,301000.0,275200.0,262350.0,255000.0
Israel,Nat. Gas,(Mio m3),9010.0,9035.0,13305.0,16623.0,18910.0
Israel,Oil Shales,(t),414580.0,402882.0,392990.0,430840.0,254425.0
Israel,Petroleum,(t),73933.0,84020.0,130427.0,164765.0,187443.0
Italy,Bentonite,(t),100067.0,82720.0,65989.0,32252.0,102264.0
Italy,Feldspar,(t),2200000.0,2200000.0,2200000.0,2200000.0,2200000.0
Italy,Gypsum,(t),188618.0,298242.0,163749.0,0.0,847447.0
Italy,Kaolin,(t),300000.0,250000.0,200000.0,180000.0,200000.0
Italy,Salt,(t),1514829.0,1538072.0,1192956.0,1500458.0,1460833.0
Italy,Sulfur,(t),809900.0,1261100.0,458700.0,613100.0,745200.0
Italy,Talc,(t),165000.0,160000.0,165000.0,165000.0,180000.0
Italy,Nat. Gas,(Mio m3),5443.0,4852.0,4117.0,3343.0,3316.0
Italy,Petroleum,(t),4684200.0,4279000.0,5393780.0,4840300.0,4497484.0
Jamaica,Bauxite,(t),10058228.0,9022286.0,7546139.0,5949600.0,4364700.0
Jamaica,Gypsum,(t),47000.0,55000.0,66000.0,66000.0,84000.0
Jamaica,Salt,(t),10000.0,10000.0,10000.0,10000.0,10000.0
Japan,Arsenic,(t),45.0,45.0,40.0,40.0,40.0
Japan,Bismuth,(t),571.0,540.0,570.0,478.0,480.0
Japan,Cadmium,(t),1980.0,1783.0,1880.0,1900.0,1800.0
Japan,Gallium,(t),3.0,3.0,3.0,3.0,3.0
Japan,Germanium,(t),2.0,2.0,2.0,2.0,2.0
Japan,Indium,(t),70.0,70.0,66.0,66.0,66.0
Japan,Selenium,(t),768.0,740.0,740.0,720.0,710.0
Japan,Tellurium,(t),58.0,50.0,70.0,68.0,68.0
Japan,Gold,(kg),6453.0,6313.0,7590.0,6225.0,4886.0
Japan,Silver,(kg),3596.0,3467.0,4192.0,3339.0,2923.0
Japan,Bentonite,(t),250000.0,250000.0,250000.0,250000.0,260000.0
Japan,Kaolin,(t),12000.0,12000.0,12000.0,12000.0,12000.0
Japan,Salt,(t),929000.0,903000.0,874000.0,855000.0,897000.0
Japan,Sulfur,(t),3408300.0,3259000.0,3140500.0,2995100.0,3120000.0
Japan,Talc,(t),160000.0,160000.0,160000.0,160000.0,140000.0
Japan,Nat. Gas,(Mio m3),2707.0,2524.0,2295.0,2305.0,2148.0
Japan,Petroleum,(t),449000.0,470200.0,461000.0,441200.0,378700.0
Jordan,Gypsum,(t),190606.0,264724.0,184917.0,399968.0,400000.0
Jordan,Kaolin,(t),11000.0,11000.0,11000.0,11000.0,11000.0
Jordan,Phosphates,(t),2567170.0,2951470.0,2860140.0,3204880.0,3602500.0
Jordan,Potash,(t),1485960.0,1516460.0,1598200.0,1563430.0,1637240.0
Jordan,Salt,(t),48901.0,36850.0,39088.0,42359.0,40000.0
Jordan,Sulfur,(t),279910.0,255060.0,282200.0,316540.0,321440.0
Jordan,Nat. Gas,(Mio m3),93.0,99.0,150.0,184.0,152.0
Jordan,Petroleum,(t),1000.0,1600.0,2500.0,14300.0,12900.0
Kazakhstan,Iron,(t),12968800.0,14278750.0,15105100.0,15966300.0,12567100.0
Kazakhstan,Chromium,(t),2378200.0,2458800.0,1977900.0,1901500.0,1833900.0
Kazakhstan,Manganese,(t),288300.0,230700.0,164300.0,129800.0,136600.0
Kazakhstan,Molybdenum,(t),149.0,258.0,384.0,880.0,2005.0
Kazakhstan,Titanium,(t),65000.0,60000.0,28000.0,20000.0,22000.0
Kazakhstan,Aluminium,(t),258400.0,264895.0,265665.0,262361.0,249141.0
Kazakhstan,Antimony,(t),150.0,0.0,0.0,0.0,467.0
Kazakhstan,Bauxite,(t),6104200.0,4118400.0,4057800.0,4370100.0,4175900.0
Kazakhstan,Bismuth,(t),159.0,200.0,270.0,250.0,101.0
Kazakhstan,Cadmium,(t),850.0,1200.0,1500.0,1500.0,1000.0
Kazakhstan,Copper,(t),632550.0,604970.0,548760.0,511940.0,594050.0
Kazakhstan,Lead,(t),86500.0,55700.0,30200.0,29900.0,30100.0
Kazakhstan,Rhenium,(kg),1600.0,1000.0,1000.0,1000.0,800.0
Kazakhstan,Selenium,(t),10.0,10.0,0.0,0.0,0.0
Kazakhstan,Zinc,(t),346000.0,321900.0,341400.0,318400.0,315100.0
Kazakhstan,Gold,(kg),100288.0,106559.0,116964.0,114843.0,129779.0
Kazakhstan,Silver,(kg),969347.0,1022068.0,1035181.0,1004789.0,1013070.0
Kazakhstan,Asbestos,(t),202900.0,210700.0,227400.0,250100.0,250100.0
Kazakhstan,Baryte,(t),773200.0,530600.0,445300.0,1016500.0,650000.0
Kazakhstan,Bentonite,(t),120000.0,52000.0,59200.0,60000.0,60000.0
Kazakhstan,Boron,(t),30000.0,30000.0,30000.0,30000.0,30000.0
Kazakhstan,Gypsum,(t),121400.0,78200.0,94500.0,184700.0,233100.0
Kazakhstan,Phosphates,(t),381200.0,388540.0,456010.0,426330.0,428040.0
Kazakhstan,Salt,(t),885717.0,1094659.0,1237455.0,1231996.0,1678472.0
Kazakhstan,Sulfur,(t),3218250.0,3834100.0,4378900.0,4587200.0,4310200.0
Kazakhstan,Steam Coal,(t),101085800.0,98593000.0,97924100.0,102638500.0,104500100.0
Kazakhstan,Coking Coal,(t),10836000.0,10478500.0,10052900.0,8752200.0,7627000.0
Kazakhstan,Lignite,(t),6560700.0,5929100.0,5422100.0,4827800.0,5664100.0
Kazakhstan,Nat. Gas,(Mio m3),36350.0,33100.0,32810.0,26747.0,27011.0
Kazakhstan,Petroleum,(t),90359500.0,90555500.0,85656100.0,85879400.0,84235900.0
Kazakhstan,Uranium,(t),25595.0,26895.0,22967.0,25729.0,25031.0
Kenya,Manganese,(t),7000.0,16600.0,13600.0,28500.0,61200.0
Kenya,Titanium,(t),340150.0,262660.0,256410.0,254210.0,275290.0
Kenya,Gold,(kg),472.0,395.0,150.0,292.0,564.0
Kenya,Diatomite,(t),1548.0,921.0,928.0,763.0,1401.0
Kenya,Gypsum,(t),5700.0,5700.0,5700.0,6000.0,6000.0
Kenya,Kaolin,(t),1000.0,1000.0,800.0,900.0,1900.0
Kenya,Salt,(t),28841.0,13728.0,4703.0,7099.0,23215.0
Kenya,Vermiculite,(t),0.0,100.0,0.0,700.0,300.0
Kenya,Zircon,(t),36387.0,30440.0,31730.0,28933.0,29715.0
Kenya,Petroleum,(t),0.0,32400.0,41000.0,0.0,0.0
"Korea, North",Iron,(t),2082800.0,1796400.0,1640800.0,1684000.0,1647800.0
"Korea, North",Molybdenum,(t),560.0,530.0,100.0,100.0,620.0
"Korea, North",Tungsten,(t),1410.0,1130.0,410.0,50.0,1520.0
"Korea, North",Cadmium,(t),200.0,150.0,150.0,150.0,150.0
"Korea, North",Copper,(t),15000.0,2000.0,2000.0,2000.0,2000.0
"Korea, North",Lead,(t),35000.0,25000.0,24000.0,25000.0,25000.0
"Korea, North",Zinc,(t),30000.0,25700.0,25000.0,28000.0,28000.0
"Korea, North",Gold,(kg),10000.0,10000.0,10000.0,10000.0,10000.0
"Korea, North",Silver,(kg),70000.0,50000.0,50000.0,50000.0,50000.0
"Korea, North",Baryte,(t),4200.0,4000.0,4000.0,4000.0,4000.0
"Korea, North",Fluorspar,(t),6900.0,6900.0,6900.0,6000.0,6000.0
"Korea, North",Graphite,(t),45000.0,45000.0,45000.0,30000.0,20000.0
"Korea, North",Magnesite,(t),100000.0,100000.0,100000.0,80000.0,80000.0
"Korea, North",Salt,(t),100000.0,100000.0,100000.0,100000.0,100000.0
"Korea, North",Sulfur,(t),10000.0,10000.0,10000.0,10000.0,10000.0
"Korea, North",Talc,(t),40000.0,40000.0,30000.0,30000.0,30000.0
"Korea, North",Steam Coal,(t),16899000.0,20210000.0,19000000.0,15600000.0,16300000.0
"Korea, South",Iron,(t),229530.0,205410.0,345140.0,323140.0,260400.0
"Korea, South",Molybdenum,(t),1.0,266.0,411.0,408.0,366.0
"Korea, South",Titanium,(t),117250.0,162790.0,158340.0,177420.0,152250.0
"Korea, South",Cadmium,(t),5100.0,3950.0,4100.0,4000.0,4000.0
"Korea, South",Gallium,(t),3.0,2.0,2.0,2.0,2.0
"Korea, South",Indium,(t),235.0,225.0,210.0,190.0,180.0
"Korea, South",Lead,(t),2340.0,1930.0,1680.0,1530.0,970.0
"Korea, South",Zinc,(t),3660.0,4110.0,4250.0,4370.0,3960.0
"Korea, South",Gold,(kg),239.0,181.0,170.0,162.0,128.0
"Korea, South",Silver,(kg),7090.0,5245.0,7203.0,10001.0,7100.0
"Korea, South",Bentonite,(t),31824.0,43886.0,5314.0,34243.0,341335.0
"Korea, South",Diatomite,(t),25902.0,40910.0,65240.0,49616.0,49097.0
"Korea, South",Feldspar,(t),617166.0,396898.0,415426.0,987309.0,851046.0
"Korea, South",Graphite,(t),670.0,302.0,3052.0,18297.0,23798.0
"Korea, South",Kaolin,(t),369274.0,317626.0,393236.0,352003.0,426960.0
"Korea, South",Salt,(t),282590.0,261970.0,176247.0,280876.0,260616.0
"Korea, South",Sulfur,(t),2000000.0,2000000.0,2000000.0,2000000.0,2000000.0
"Korea, South",Talc,(t),348648.0,330250.0,315446.0,355104.0,322830.0
"Korea, South",Steam Coal,(t),1201920.0,1084000.0,1019000.0,897900.0,820181.0
"Korea, South",Nat. Gas,(Mio m3),293.0,248.0,177.0,53.0,0.0
"Korea, South",Petroleum,(t),25730.0,21130.0,13990.0,4800.0,2320.0
Kosovo,Nickel,(t),4790.0,3360.0,4150.0,4960.0,300.0
Kosovo,Lead,(t),4700.0,3960.0,3870.0,5250.0,4734.0
Kosovo,Zinc,(t),3600.0,3050.0,3890.0,3620.0,4108.0
Kosovo,Lignite,(t),7169767.0,8063051.0,8537948.0,8535436.0,8253435.0
Kuwait,Salt,(t),59300.0,58600.0,59000.0,60000.0,60000.0
Kuwait,Sulfur,(t),671000.0,623300.0,649800.0,959000.0,1268500.0
Kuwait,Nat. Gas,(Mio m3),17925.0,17516.0,17522.0,18800.0,19300.0
Kuwait,Petroleum,(t),136244500.0,133309720.0,121347440.0,120264800.0,134810500.0
Kyrgyzstan,Antimony,(t),680.0,20.0,20.0,0.0,20.0
Kyrgyzstan,Copper,(t),8813.0,8640.0,6500.0,8100.0,7500.0
Kyrgyzstan,Mercury,(t),88.0,20.0,20.0,12.0,5.0
Kyrgyzstan,Gold,(kg),22602.0,26127.0,24150.0,24870.0,27800.0
Kyrgyzstan,Silver,(kg),18328.0,19010.0,16127.0,16549.0,17400.0
Kyrgyzstan,Gypsum,(t),152842.0,150000.0,23019.0,31680.0,32000.0
Kyrgyzstan,Kaolin,(t),15000.0,15000.0,15000.0,15000.0,15000.0
Kyrgyzstan,Salt,(t),4665.0,5605.0,6000.0,6000.0,6000.0
Kyrgyzstan,Steam Coal,(t),316200.0,346500.0,522200.0,570300.0,538500.0
Kyrgyzstan,Lignite,(t),2079000.0,2259500.0,1997500.0,2483600.0,3217200.0
Kyrgyzstan,Nat. Gas,(Mio m3),27.0,24.0,22.0,22.0,30.0
Kyrgyzstan,Petroleum,(t),200000.0,233100.0,239200.0,275700.0,294900.0
Laos,Iron,(t),59500.0,282180.0,607830.0,2113560.0,1076900.0
Laos,Antimony,(t),330.0,70.0,0.0,240.0,250.0
Laos,Copper,(t),154948.0,140935.0,88163.0,38349.0,43766.0
Laos,Lead,(t),330.0,250.0,90.0,170.0,1800.0
Laos,Tin,(t),430.0,530.0,600.0,890.0,1130.0
Laos,Zinc,(t),3080.0,1250.0,860.0,5400.0,18750.0
Laos,Gold,(kg),5579.0,5207.0,5097.0,8742.0,9383.0
Laos,Silver,(kg),37465.0,34443.0,29075.0,26998.0,22685.0
Laos,Baryte,(t),35000.0,48600.0,96278.0,37403.0,302709.0
Laos,Gypsum,(t),618783.0,606387.0,737749.0,1221959.0,1589771.0
Laos,Potash,(t),343500.0,286900.0,442500.0,507600.0,920000.0
Laos,Salt,(t),46863.0,10079.0,3951.0,6846.0,188.0
Laos,Steam Coal,(t),142994.0,161494.0,320231.0,698521.0,1270812.0
Laos,Lignite,(t),15903277.0,15263562.0,14366628.0,13618072.0,15358322.0
Latvia,Gypsum,(t),320080.0,318450.0,359190.0,383990.0,0.0
Lebanon,Salt,(t),3000.0,3000.0,3000.0,3000.0,3000.0
Lesotho,Diam. (Gem),(ct),1294283.0,1113526.0,481243.0,339452.0,1275887.0
Liberia,Iron,(t),2794300.0,2657200.0,2924600.0,2520000.0,2640000.0
Liberia,Gold,(kg),7289.0,5068.0,4396.0,7860.0,11718.0
Liberia,Diam. (Gem),(ct),45330.0,33560.0,32760.0,37820.0,26590.0
Liberia,Diam. (Ind),(ct),30220.0,22370.0,21840.0,25210.0,28800.0
Libya,Gypsum,(t),150000.0,200000.0,200000.0,200000.0,250000.0
Libya,Salt,(t),30000.0,30000.0,30000.0,40000.0,40000.0
Libya,Sulfur,(t),133000.0,169500.0,133300.0,139000.0,139500.0
Libya,Nat. Gas,(Mio m3),21290.0,26830.0,20930.0,13010.0,12570.0
Libya,Petroleum,(t),55146500.0,57738100.0,19437000.0,60084200.0,52759520.0
Lithuania,Sulfur,(t),93960.0,86040.0,71250.0,72990.0,64497.0
Lithuania,Petroleum,(t),46030.0,39570.0,31630.0,28920.0,27040.0
Madagascar,Chromium,(t),53500.0,37300.0,6100.0,6600.0,9000.0
Madagascar,Cobalt,(t),2887.0,2897.0,833.0,2111.0,3428.0
Madagascar,Nickel,(t),33204.0,33736.0,9908.0,29285.0,35737.0
Madagascar,Titanium,(t),214900.0,252200.0,280600.0,354800.0,299800.0
Madagascar,Beryllium,(t),140.0,30.0,30.0,30.0,20.0
Madagascar,Rare Earths,(t),2400.0,3200.0,4300.0,3900.0,2600.0
Madagascar,Gold,(kg),3052.0,2423.0,1779.0,2000.0,2000.0
Madagascar,Graphite,(t),52951.0,45106.0,61405.0,127562.0,116700.0
Madagascar,Salt,(t),110000.0,110000.0,110000.0,110000.0,120000.0
Madagascar,Zircon,(t),22757.0,29473.0,26029.0,23109.0,26821.0
Malawi,Iron,(t),1540.0,1800.0,3010.0,2990.0,590.0
Malawi,Gold,(kg),0.0,0.0,0.0,55.0,187.0
Malawi,Phosphates,(t),270.0,300.0,0.0,0.0,0.0
Malawi,Steam Coal,(t),49753.0,54728.0,54876.0,30251.0,62166.0
Malaysia,Iron,(t),2112790.0,2621100.0,3383990.0,3070930.0,3094320.0
Malaysia,Manganese,(t),530340.0,474910.0,365340.0,280790.0,312720.0
Malaysia,Tantalum,(t),27.0,2.0,1.0,1.0,4.0
Malaysia,Titanium,(t),12600.0,6930.0,6280.0,13470.0,21180.0
Malaysia,Aluminium,(t),760000.0,760000.0,980700.0,901000.0,960000.0
Malaysia,Bauxite,(t),589685.0,900561.0,594715.0,47577.0,129825.0
Malaysia,Rare Earths,(t),990.0,70.0,10.0,30.0,310.0
Malaysia,Tin,(t),3868.0,3611.0,2963.0,3013.0,3521.0
Malaysia,Gold,(kg),2978.0,3151.0,1716.0,1781.0,1828.0
Malaysia,Silver,(kg),1542.0,686.0,423.0,672.0,414.0
Malaysia,Feldspar,(t),414441.0,241189.0,144487.0,168570.0,216394.0
Malaysia,Kaolin,(t),496219.0,400722.0,336565.0,228605.0,236840.0
Malaysia,Zircon,(t),509.0,449.0,157.0,1518.0,768.0
Malaysia,Steam Coal,(t),2652814.0,3459122.0,2978248.0,3110605.0,3405847.0
Malaysia,Nat. Gas,(Mio m3),66212.0,68700.0,63370.0,67520.0,71850.0
Malaysia,Petroleum,(t),32509900.0,30384800.0,27679100.0,25169300.0,25023600.0
Mali,Gold,(kg),60893.0,66739.0,71200.0,69400.0,72200.0
Mali,Silver,(kg),2844.0,3000.0,3000.0,3000.0,3000.0
Malta,Salt,(t),1600.0,2000.0,2000.0,2000.0,2000.0
Mauritania,Iron,(t),7005800.0,8013100.0,8243500.0,8185200.0,8465400.0
Mauritania,Copper,(t),28137.0,29620.0,28491.0,18846.0,13313.0
Mauritania,Gold,(kg),9236.0,13554.0,14125.0,6499.0,17711.0
Mauritania,Gypsum,(t),130000.0,130000.0,120000.0,70000.0,70000.0
Mauritius,Salt,(t),500.0,570.0,556.0,793.0,674.0
Mexico,Iron,(t),8412810.0,10331270.0,10774600.0,13430600.0,10963300.0
Mexico,Manganese,(t),209023.0,232957.0,258045.0,225703.0,220745.0
Mexico,Molybdenum,(t),20265.0,21694.0,20577.0,19894.0,19329.0
Mexico,Tungsten,(t),45.0,15.0,32.0,0.0,50.0
Mexico,Antimony,(t),300.0,289.0,136.0,413.0,632.0
Mexico,Bismuth,(t),313.0,251.0,0.0,0.0,0.0
Mexico,Cadmium,(t),1307.0,952.0,978.0,1051.0,1174.0
Mexico,Copper,(t),696580.0,713704.0,800316.0,782136.0,828189.0
Mexico,Lead,(t),230869.0,372106.0,468486.0,272231.0,428971.0
Mexico,Mercury,(t),230.0,50.0,70.0,40.0,20.0
Mexico,Selenium,(t),107.0,127.0,106.0,135.0,141.0
Mexico,Zinc,(t),662355.0,859194.0,1008252.0,742926.0,876985.0
Mexico,Gold,(kg),141143.0,133893.0,142787.0,133340.0,147674.0
Mexico,Silver,(kg),7243341.0,7485602.0,7424554.0,6492180.0,7067536.0
Mexico,Baryte,(t),366234.0,415180.0,480954.0,320642.0,498225.0
Mexico,Bentonite,(t),264800.0,24321.0,79219.0,80000.0,80000.0
Mexico,Diatomite,(t),152028.0,129274.0,144105.0,140928.0,107062.0
Mexico,Feldspar,(t),907755.0,516196.0,903385.0,390076.0,325235.0
Mexico,Fluorspar,(t),1959654.0,1931532.0,1571269.0,1007118.0,1856557.0
Mexico,Graphite,(t),4130.0,2342.0,2033.0,1509.0,3420.0
Mexico,Gypsum,(t),11275293.0,7759139.0,7977953.0,9157381.0,8283113.0
Mexico,Kaolin,(t),898246.0,246645.0,236033.0,223332.0,227798.0
Mexico,Magnesite,(t),101000.0,800.0,0.0,0.0,0.0
Mexico,Perlite,(t),26400.0,24497.0,0.0,28800.0,0.0
Mexico,Phosphates,(t),222500.0,249520.0,91240.0,145050.0,132510.0
Mexico,Salt,(t),9392052.0,8845239.0,9084859.0,7001505.0,7914780.0
Mexico,Sulfur,(t),442657.0,364967.0,315935.0,219439.0,290121.0
Mexico,Talc,(t),8448.0,7202.0,29122.0,36465.0,34630.0
Mexico,Vermiculite,(t),244.0,148.0,104.0,0.0,0.0
Mexico,Steam Coal,(t),6772528.0,5316000.0,3357000.0,4312000.0,4300000.0
Mexico,Coking Coal,(t),3897000.0,3275000.0,3897000.0,1319000.0,1300000.0
Mexico,Nat. Gas,(Mio m3),29860.0,29370.0,28580.0,27160.0,28630.0
Mexico,Petroleum,(t),101605440.0,94161830.0,93860550.0,94785920.0,95765300.0
Moldova,Gypsum,(t),352500.0,276400.0,292600.0,307900.0,270200.0
Moldova,Petroleum,(t),5100.0,5032.0,5032.0,4972.0,4652.0
Mongolia,Iron,(t),3486220.0,4800430.0,5165660.0,5136260.0,4289540.0
Mongolia,Molybdenum,(t),2580.0,2490.0,2890.0,2975.0,2780.0
Mongolia,Tungsten,(t),430.0,370.0,35.0,120.0,236.0
Mongolia,Copper,(t),309750.0,290980.0,291010.0,303030.0,268930.0
Mongolia,Lead,(t),11320.0,13500.0,12400.0,9700.0,10850.0
Mongolia,Tin,(t),25.0,20.0,0.0,11.0,46.0
Mongolia,Zinc,(t),43950.0,41550.0,38150.0,39490.0,38300.0
Mongolia,Gold,(kg),20655.0,16235.0,20226.0,19054.0,19383.0
Mongolia,Silver,(kg),69120.0,79864.0,77762.0,79035.0,73476.0
Mongolia,Fluorspar,(t),555230.0,699400.0,678900.0,644270.0,387740.0
Mongolia,Gypsum,(t),47700.0,107100.0,97900.0,111400.0,111500.0
Mongolia,Salt,(t),997.0,533.0,2624.0,1349.0,394.0
Mongolia,Steam Coal,(t),6914400.0,6683100.0,5394200.0,5029260.0,3291600.0
Mongolia,Coking Coal,(t),27073750.0,28962970.0,25821930.0,23934520.0,19496400.0
Mongolia,Lignite,(t),7449000.0,8053080.0,6657650.0,5115960.0,4802000.0
Mongolia,Petroleum,(t),871500.0,937900.0,560000.0,636600.0,350000.0
Mongolia,Uranium,(t),0.0,0.0,1.0,4.0,0.0
Montenegro,Aluminium,(t),40163.0,36522.0,37208.0,45214.0,43196.0
Montenegro,Bauxite,(t),468164.0,774725.0,791813.0,526760.0,438205.0
Montenegro,Lead,(t),3100.0,3480.0,640.0,0.0,1350.0
Montenegro,Zinc,(t),10670.0,9520.0,10130.0,9360.0,8070.0
Montenegro,Lignite,(t),1595900.0,1605200.0,1665449.0,1548612.0,1722535.0
Morocco,Iron,(t),18520.0,7150.0,14090.0,8870.0,10000.0
Morocco,Cobalt,(t),1806.0,2397.0,2416.0,1796.0,1690.0
Morocco,Manganese,(t),39770.0,35600.0,42050.0,41250.0,24500.0
Morocco,Nickel,(t),126.0,131.0,142.0,147.0,157.0
Morocco,Arsenic,(t),5578.0,5055.0,7694.0,6883.0,5450.0
Morocco,Copper,(t),32430.0,30720.0,31750.0,50340.0,46000.0
Morocco,Lead,(t),30360.0,32770.0,38190.0,31340.0,30000.0
Morocco,Mercury,(t),5.0,2.0,2.0,2.0,2.0
Morocco,Zinc,(t),57700.0,43570.0,35810.0,40230.0,40000.0
Morocco,Gold,(kg),386.0,221.0,143.0,147.0,167.0
Morocco,Silver,(kg),200530.0,216580.0,189220.0,194360.0,200340.0
Morocco,Baryte,(t),899365.0,1119811.0,501939.0,840486.0,1100000.0
Morocco,Bentonite,(t),172749.0,188081.0,92387.0,134340.0,135000.0
Morocco,Feldspar,(t),75298.0,101947.0,185772.0,427387.0,430000.0
Morocco,Fluorspar,(t),87874.0,73244.0,83833.0,189012.0,50000.0
Morocco,Phosphates,(t),10960200.0,11267500.0,11959000.0,12176200.0,9728000.0
Morocco,Salt,(t),691637.0,854397.0,490896.0,295741.0,600000.0
Morocco,Nat. Gas,(Mio m3),87.0,99.0,98.0,110.0,77.0
Morocco,Petroleum,(t),4840.0,4335.0,4098.0,3246.0,2394.0
Mozambique,Niobium,(t),12.0,11.0,17.0,14.0,17.0
Mozambique,Tantalum,(t),66.0,59.0,94.0,75.0,84.0
Mozambique,Titanium,(t),701400.0,786900.0,874000.0,1126800.0,1387200.0
Mozambique,Aluminium,(t),571125.0,564756.0,571125.0,564756.0,587200.0
Mozambique,Bauxite,(t),9912.0,8024.0,6491.0,7852.0,14583.0
Mozambique,Beryllium,(t),416.0,45.0,80.0,330.0,531.0
Mozambique,Gold,(kg),507.0,430.0,488.0,764.0,1264.0
Mozambique,Bentonite,(t),1091.0,77734.0,80189.0,118692.0,113985.0
Mozambique,Diatomite,(t),34200.0,72439.0,35257.0,72914.0,51449.0
Mozambique,Graphite,(t),104000.0,153000.0,18159.0,77116.0,165932.0
Mozambique,Salt,(t),27729.0,50740.0,38377.0,34453.0,13482.0
Mozambique,Zircon,(t),202022.0,121768.0,104076.0,123011.0,134082.0
Mozambique,Steam Coal,(t),6891201.0,4983146.0,3370585.0,5346781.0,8420436.0
Mozambique,Coking Coal,(t),8355292.0,5356390.0,4670626.0,5732902.0,6385797.0
Mozambique,Nat. Gas,(Mio m3),5120.0,4597.0,4541.0,4600.0,4519.0
Mozambique,Petroleum,(t),51810.0,41250.0,38350.0,36330.0,45930.0
Myanmar,Manganese,(t),207500.0,429000.0,254000.0,206100.0,207100.0
Myanmar,Nickel,(t),17750.0,14200.0,22000.0,18100.0,9600.0
Myanmar,Tungsten,(t),190.0,130.0,80.0,40.0,30.0
Myanmar,Antimony,(t),2640.0,4800.0,6600.0,2870.0,3230.0
Myanmar,Copper,(t),179310.0,219200.0,196500.0,98000.0,1500.0
Myanmar,Lead,(t),24930.0,35090.0,27000.0,12900.0,16000.0
Myanmar,Rare Earths,(t),20400.0,17100.0,21000.0,27100.0,17550.0
Myanmar,Tin,(t),54500.0,38900.0,33440.0,33950.0,40500.0
Myanmar,Zinc,(t),12240.0,13680.0,11310.0,6200.0,10200.0
Myanmar,Gold,(kg),467.0,267.0,871.0,773.0,467.0
Myanmar,Baryte,(t),9658.0,12439.0,2642.0,2220.0,32089.0
Myanmar,Bentonite,(t),540.0,0.0,500.0,500.0,0.0
Myanmar,Gypsum,(t),309343.0,299316.0,258620.0,51240.0,96246.0
Myanmar,Salt,(t),189146.0,213319.0,229755.0,161774.0,138413.0
Myanmar,Steam Coal,(t),819715.0,1325586.0,1283428.0,992159.0,1179400.0
Myanmar,Lignite,(t),485724.0,785480.0,760498.0,587906.0,698900.0
Myanmar,Nat. Gas,(Mio m3),16040.0,18810.0,18270.0,17680.0,17150.0
Myanmar,Petroleum,(t),480500.0,429000.0,572200.0,309800.0,295500.0
Namibia,Iron,(t),8730.0,8400.0,27570.0,51490.0,0.0
Namibia,Manganese,(t),8800.0,14660.0,11860.0,10250.0,10600.0
Namibia,Copper,(t),15177.0,14940.0,15741.0,950.0,0.0
Namibia,Lead,(t),4291.0,6320.0,8890.0,10130.0,12240.0
Namibia,Lithium,(t),600.0,0.0,0.0,0.0,0.0
Namibia,Tin,(t),0.0,7.0,242.0,492.0,533.0
Namibia,Zinc,(t),118310.0,124630.0,62260.0,41180.0,38400.0
Namibia,Gold,(kg),6632.0,7016.0,6718.0,7648.0,7438.0
Namibia,Silver,(kg),3850.0,7765.0,7520.0,5847.0,5200.0
Namibia,Diam. (Gem),(ct),1985670.0,1722830.0,1428445.0,1446964.0,2078670.0
Namibia,Diam. (Ind),(ct),104510.0,90675.0,75180.0,76156.0,109405.0
Namibia,Graphite,(t),3456.0,0.0,0.0,0.0,0.0
Namibia,Salt,(t),1151153.0,983354.0,987872.0,926677.0,1022448.0
Namibia,Sulfur,(t),78610.0,72920.0,81500.0,118150.0,161120.0
Namibia,Uranium,(t),6514.0,6459.0,6382.0,6784.0,6617.0
Nauru,Phosphates,(t),23000.0,30600.0,39400.0,102500.0,97500.0
Nepal,Iron,(t),180.0,120.0,770.0,0.0,0.0
Nepal,Lead,(t),0.0,0.0,1800.0,5550.0,0.0
Nepal,Talc,(t),8658.0,7813.0,4931.0,4450.0,2113.0
Nepal,Steam Coal,(t),10049.0,7184.0,7250.0,11304.0,6927.0
Netherlands,Aluminium,(t),41300.0,81100.0,70600.0,46700.0,0.0
Netherlands,Cadmium,(t),960.0,860.0,880.0,854.0,574.0
Netherlands,Salt,(t),6750546.0,5913782.0,5712038.0,6201542.0,5893118.0
Netherlands,Nat. Gas,(Mio m3),36911.0,31517.0,22813.0,20438.0,16838.0
Netherlands,Petroleum,(t),1129300.0,892600.0,862200.0,864000.0,498100.0
New Caledonia,Cobalt,(t),2104.0,1703.0,2197.0,1500.0,1770.0
New Caledonia,Nickel,(t),216225.0,208185.0,199375.0,186284.0,199951.0
New Zealand,Iron,(t),2100000.0,1915000.0,2260000.0,2200000.0,2280000.0
New Zealand,Aluminium,(t),340678.0,351481.0,333314.0,333135.0,335871.0
New Zealand,Gold,(kg),10045.0,8217.0,5860.0,5815.0,6674.0
New Zealand,Silver,(kg),6332.0,4060.0,1393.0,3055.0,3922.0
New Zealand,Bentonite,(t),4482.0,500.0,500.0,500.0,500.0
New Zealand,Kaolin,(t),51369.0,50569.0,50000.0,55000.0,55000.0
New Zealand,Salt,(t),100000.0,76000.0,66000.0,70000.0,0.0
New Zealand,Steam Coal,(t),1710060.0,1545230.0,1482000.0,1448565.0,1292541.0
New Zealand,Coking Coal,(t),1213400.0,1200900.0,1038970.0,1134310.0,1068687.0
New Zealand,Lignite,(t),307378.0,287830.0,297690.0,284735.0,276248.0
New Zealand,Nat. Gas,(Mio m3),4322.0,4608.0,4508.0,3945.0,3694.0
New Zealand,Petroleum,(t),1086450.0,1128870.0,964420.0,840780.0,736140.0
Nicaragua,Gold,(kg),7703.0,9190.0,8087.0,11144.0,11549.0
Nicaragua,Silver,(kg),11263.0,17362.0,20411.0,21460.0,21697.0
Nicaragua,Gypsum,(t),70341.0,39925.0,64573.0,19999.0,39865.0
Nicaragua,Salt,(t),50000.0,55000.0,55000.0,55000.0,55000.0
Niger,Gold,(kg),6207.0,5224.0,2361.0,4010.0,2601.0
Niger,Silver,(kg),300.0,100.0,120.0,87.0,100.0
Niger,Steam Coal,(t),221580.0,225920.0,246880.0,105760.0,235328.0
Niger,Petroleum,(t),827300.0,903400.0,855500.0,873100.0,778100.0
Niger,Uranium,(t),3433.0,3516.0,3527.0,2691.0,2382.0
Nigeria,Iron,(t),700.0,18300.0,2400.0,1300.0,6700.0
Nigeria,Manganese,(t),22880.0,1000.0,5850.0,22380.0,23100.0
Nigeria,Niobium,(t),181.0,170.0,80.0,140.0,60.0
Nigeria,Tantalum,(t),230.0,120.0,80.0,160.0,140.0
Nigeria,Tungsten,(t),66.0,15.0,18.0,24.0,52.0
Nigeria,Beryllium,(t),35.0,1.0,2.0,0.0,0.0
Nigeria,Lead,(t),17900.0,23550.0,20100.0,45500.0,52400.0
Nigeria,Lithium,(t),50.0,10.0,0.0,20.0,20.0
Nigeria,Tin,(t),7850.0,6900.0,5970.0,6890.0,8340.0
Nigeria,Zinc,(t),26920.0,23220.0,26620.0,32220.0,55650.0
Nigeria,Gold,(kg),10000.0,9000.0,1520.0,2000.0,3048.0
Nigeria,Baryte,(t),387.0,370.0,544.0,460.0,500.0
Nigeria,Feldspar,(t),41355.0,33702.0,19453.0,43997.0,20000.0
Nigeria,Fluorspar,(t),,4730.0,17557.0,6275.0,25900.0
Nigeria,Gypsum,(t),39052.0,22142.0,30706.0,13401.0,20000.0
Nigeria,Kaolin,(t),11707.0,8649.0,7033.0,23530.0,10000.0
Nigeria,Talc,(t),2668.0,6630.0,8404.0,65061.0,10000.0
Nigeria,Zircon,(t),1421.0,1000.0,242.0,3033.0,4705.0
Nigeria,Steam Coal,(t),352679.0,543424.0,747979.0,1444139.0,3043000.0
Nigeria,Nat. Gas,(Mio m3),48270.0,49280.0,49950.0,48570.0,44300.0
Nigeria,Petroleum,(t),95675000.0,100287000.0,91504570.0,77220000.0,68607900.0
North Macedonia,Copper,(t),7718.0,7231.0,6625.0,6810.0,7595.0
North Macedonia,Lead,(t),41900.0,43490.0,44930.0,42870.0,41600.0
North Macedonia,Zinc,(t),29720.0,31040.0,31750.0,30070.0,29730.0
North Macedonia,Gold,(kg),767.0,593.0,448.0,470.0,600.0
North Macedonia,Silver,(kg),15060.0,15620.0,16090.0,15470.0,15260.0
North Macedonia,Bentonite,(t),2945.0,682.0,2196.0,1277.0,0.0
North Macedonia,Feldspar,(t),30813.0,29519.0,13115.0,26625.0,35815.0
North Macedonia,Gypsum,(t),230029.0,267181.0,229322.0,273497.0,190902.0
North Macedonia,Talc,(t),559.0,0.0,0.0,0.0,0.0
North Macedonia,Lignite,(t),4946486.0,5066083.0,4532745.0,4758504.0,5592335.0
Norway,Iron,(t),1129900.0,1069700.0,1014700.0,1057500.0,1105900.0
Norway,Molybdenum,(t),0.0,1.0,1.0,1.0,1.0
Norway,Nickel,(t),170.0,135.0,120.0,350.0,190.0
Norway,Titanium,(t),176370.0,211280.0,229780.0,295610.0,252990.0
Norway,Aluminium,(t),1295000.0,1312000.0,1339330.0,1430183.0,1424571.0
Norway,Cadmium,(t),380.0,370.0,344.0,390.0,420.0
Norway,Bentonite,(t),3234.0,0.0,0.0,12803.0,0.0
Norway,Feldspar,(t),88000.0,80000.0,69000.0,60000.0,60000.0
Norway,Graphite,(t),10000.0,9780.0,5549.0,6293.0,10380.0
Norway,Gypsum,(t),89655.0,102100.0,93602.0,92794.0,86317.0
Norway,Salt,(t),56000.0,10000.0,5300.0,13000.0,13000.0
Norway,Sulfur,(t),120000.0,90000.0,86000.0,89000.0,81000.0
Norway,Steam Coal,(t),154200.0,117000.0,63000.0,121000.0,118000.0
Norway,Nat. Gas,(Mio m3),122203.0,115123.0,112332.0,115178.0,123777.0
Norway,Petroleum,(t),84275900.0,79388000.0,93492500.0,95254000.0,89819000.0
Oman,Chromium,(t),353630.0,293040.0,182720.0,195540.0,164800.0
Oman,Manganese,(t),11170.0,12500.0,3200.0,3300.0,3000.0
Oman,Aluminium,(t),379775.0,390515.0,396929.0,395360.0,394780.0
Oman,Gypsum,(t),9666701.0,10982900.0,11120200.0,13538800.0,9510100.0
Oman,Kaolin,(t),110300.0,34100.0,58300.0,35350.0,0.0
Oman,Salt,(t),11537.0,15003.0,11700.0,10142.0,11500.0
Oman,Sulfur,(t),84990.0,79140.0,80830.0,87765.0,87160.0
Oman,Nat. Gas,(Mio m3),37660.0,37460.0,37020.0,39750.0,41740.0
Oman,Petroleum,(t),48710000.0,48339100.0,47374500.0,48353500.0,52982500.0
Pakistan,Iron,(t),257340.0,238440.0,218000.0,306160.0,272570.0
Pakistan,Chromium,(t),38970.0,55300.0,48570.0,56050.0,78000.0
Pakistan,Manganese,(t),50.0,190.0,180.0,50.0,200.0
Pakistan,Antimony,(t),20.0,0.0,17.0,33.0,0.0
Pakistan,Bauxite,(t),145189.0,92936.0,101047.0,97495.0,70000.0
Pakistan,Copper,(t),12538.0,13049.0,13200.0,18806.0,16346.0
Pakistan,Lead,(t),4820.0,8090.0,7094.0,7277.0,8886.0
Pakistan,Zinc,(t),26980.0,37365.0,35054.0,35391.0,42349.0
Pakistan,Baryte,(t),88847.0,116480.0,55341.0,51553.0,128000.0
Pakistan,Bentonite,(t),74268.0,48332.0,107742.0,59744.0,45000.0
Pakistan,Feldspar,(t),151743.0,295381.0,343075.0,451985.0,413000.0
Pakistan,Fluorspar,(t),2777.0,4186.0,5981.0,7841.0,9200.0
Pakistan,Gypsum,(t),2475893.0,2517825.0,2149873.0,2527215.0,2325000.0
Pakistan,Kaolin,(t),19483.0,20756.0,14919.0,12309.0,17000.0
Pakistan,Magnesite,(t),23596.0,42996.0,16165.0,15120.0,5886.0
Pakistan,Phosphates,(t),12340.0,17320.0,15790.0,21640.0,32000.0
Pakistan,Salt,(t),3888344.0,4012304.0,3483732.0,3592205.0,2896000.0
Pakistan,Sulfur,(t),22040.0,20715.0,19948.0,19398.0,16288.0
Pakistan,Talc,(t),141504.0,158109.0,150009.0,289423.0,301000.0
Pakistan,Steam Coal,(t),4477555.0,5406878.0,8599166.0,9229377.0,9678000.0
Pakistan,Nat. Gas,(Mio m3),41313.0,40679.0,37283.0,36224.0,37039.0
Pakistan,Petroleum,(t),4441610.0,4433150.0,3832330.0,3760980.0,3833290.0
Pakistan,Uranium,(t),53.0,53.0,53.0,53.0,53.0
Panama,Copper,(t),0.0,147480.0,205548.0,331000.0,350438.0
Panama,Gold,(kg),0.0,1869.0,2633.0,4405.0,4347.0
Panama,Silver,(kg),0.0,35217.0,49628.0,78419.0,87498.0
Panama,Salt,(t),17281.0,27389.0,24958.0,23794.0,22742.0
Papua New Guinea,Chromium,(t),40290.0,52010.0,51560.0,53830.0,47250.0
Papua New Guinea,Cobalt,(t),3275.0,2915.0,2941.0,2955.0,2987.0
Papua New Guinea,Nickel,(t),35354.0,33091.0,33659.0,31594.0,34302.0
Papua New Guinea,Copper,(t),96277.0,99432.0,82403.0,66958.0,75834.0
Papua New Guinea,Gold,(kg),67282.0,71050.0,52265.0,39135.0,42310.0
Papua New Guinea,Silver,(kg),113890.0,162630.0,129695.0,103210.0,111710.0
Papua New Guinea,Nat. Gas,(Mio m3),2914.0,3339.0,3325.0,3400.0,5736.0
Papua New Guinea,Petroleum,(t),1898700.0,1889900.0,1960100.0,1842600.0,1669400.0
Paraguay,Gypsum,(t),4500.0,4500.0,4500.0,4500.0,4500.0
Paraguay,Kaolin,(t),6000.0,6000.0,6000.0,6000.0,6000.0
Peru,Iron,(t),9096994.0,9666412.0,8893972.0,12149274.0,12936826.0
Peru,Manganese,(t),17203.0,18814.0,10120.0,9073.0,1169.0
Peru,Molybdenum,(t),28034.0,30441.0,32185.0,34148.0,31588.0
Peru,Arsenic,(t),20376.0,24915.0,19014.0,21872.0,25379.0
Peru,Bismuth,(t),145.0,73.0,74.0,248.0,251.0
Peru,Cadmium,(t),765.0,772.0,451.0,636.0,460.0
Peru,Copper,(t),2416881.0,2437925.0,2153952.0,2329886.0,2445271.0
Peru,Indium,(t),5.0,7.0,7.0,7.0,7.0
Peru,Lead,(t),288796.0,307021.0,241548.0,264427.0,255443.0
Peru,Selenium,(t),52.0,56.0,53.0,48.0,57.0
Peru,Tin,(t),18601.0,19853.0,20647.0,26995.0,28231.0
Peru,Zinc,(t),1471846.0,1382753.0,1334570.0,1533135.0,1369649.0
Peru,Gold,(kg),125934.0,113586.0,85173.0,97190.0,96966.0
Peru,Silver,(kg),3999990.0,3706760.0,2768240.0,3375645.0,3084039.0
Peru,Baryte,(t),15621.0,16373.0,5242.0,10361.0,29293.0
Peru,Bentonite,(t),2383.0,46887.0,25532.0,56199.0,22931.0
Peru,Boron,(t),100552.0,111108.0,43645.0,246362.0,292986.0
Peru,Diatomite,(t),96532.0,91103.0,85406.0,94860.0,104660.0
Peru,Feldspar,(t),31588.0,29134.0,24132.0,27274.0,24358.0
Peru,Gypsum,(t),458479.0,254382.0,171093.0,435459.0,315292.0
Peru,Kaolin,(t),16004.0,9208.0,12536.0,13142.0,14300.0
Peru,Phosphates,(t),1237000.0,1331000.0,1031300.0,1293100.0,1314600.0
Peru,Salt,(t),1509564.0,1266347.0,1030598.0,1175828.0,1093559.0
Peru,Sulfur,(t),552800.0,511500.0,474500.0,529900.0,588300.0
Peru,Talc,(t),47309.0,43974.0,37938.0,50355.0,49869.0
Peru,Steam Coal,(t),218787.0,181023.0,131516.0,146982.0,192094.0
Peru,Nat. Gas,(Mio m3),12721.0,13429.0,12030.0,11375.0,13705.0
Peru,Petroleum,(t),6688500.0,6956200.0,6221400.0,5949800.0,5835100.0
Philippines,Iron,(t),0.0,0.0,25700.0,40900.0,45500.0
Philippines,Chromium,(t),20260.0,14570.0,14040.0,12290.0,59000.0
Philippines,Cobalt,(t),3600.0,3750.0,3600.0,3200.0,3400.0
Philippines,Nickel,(t),344966.0,323325.0,328911.0,386359.0,345200.0
Philippines,Copper,(t),69933.0,71892.0,60856.0,51586.0,62100.0
Philippines,Selenium,(t),100.0,100.0,100.0,200.0,200.0
Philippines,Gold,(kg),20765.0,20687.0,21030.0,25332.0,29007.0
Philippines,Silver,(kg),29782.0,31267.0,24024.0,30856.0,56227.0
Philippines,Bentonite,(t),10800.0,13050.0,4720.0,6059.0,22603.0
Philippines,Feldspar,(t),47000.0,47000.0,47000.0,47000.0,47000.0
Philippines,Kaolin,(t),13000.0,15000.0,40200.0,27700.0,18612.0
Philippines,Magnesite,(t),140.0,40.0,0.0,0.0,0.0
Philippines,Perlite,(t),7329.0,6608.0,0.0,4631.0,24878.0
Philippines,Phosphates,(t),1500.0,200.0,200.0,0.0,0.0
Philippines,Salt,(t),600000.0,200000.0,200000.0,100000.0,60000.0
Philippines,Sulfur,(t),1321800.0,716100.0,575900.0,625500.0,600000.0
Philippines,Steam Coal,(t),13055840.0,15273525.0,13267098.0,14378268.0,16077914.0
Philippines,Nat. Gas,(Mio m3),4270.0,4409.0,4013.0,3429.0,3217.0
Philippines,Petroleum,(t),728300.0,652300.0,572100.0,486800.0,460000.0
Poland,Nickel,(t),660.0,755.0,710.0,740.0,830.0
Poland,Cadmium,(t),305.0,199.0,485.0,292.0,250.0
Poland,Copper,(t),401300.0,398900.0,392700.0,391300.0,392500.0
Poland,Lead,(t),40210.0,48510.0,46790.0,29430.0,28770.0
Poland,Rhenium,(kg),6290.0,5770.0,6580.0,6400.999999999999,4367.0
Poland,Selenium,(t),66.0,76.0,74.0,66.0,82.0
Poland,Zinc,(t),43000.0,40000.0,43000.0,0.0,0.0
Poland,Gold,(kg),523.0,674.0,878.0,768.0,769.0
Poland,Palladium,(kg),5.0,5.0,4.0,4.0,4.0
Poland,Platinum,(kg),8.0,8.0,6.0,5.0,5.0
Poland,Silver,(kg),1264300.0,1249000.0,1218200.0,1302900.0,1315800.0
Poland,Bentonite,(t),560.0,500.0,920.0,500.0,0.0
Poland,Diatomite,(t),580.0,680.0,810.0,980.0,1170.0
Poland,Feldspar,(t),71480.0,42160.0,29440.0,11110.0,15030.0
Poland,Gypsum,(t),1042000.0,1065000.0,1057000.0,1123000.0,1034000.0
Poland,Kaolin,(t),310850.0,317190.0,292940.0,315040.0,317570.0
Poland,Magnesite,(t),102110.0,91490.0,65250.0,65820.0,66380.0
Poland,Salt,(t),3830000.0,3800000.0,3460000.0,3950000.0,3883000.0
Poland,Sulfur,(t),1250400.0,1210240.0,1011080.0,1058800.0,1046970.0
Poland,Steam Coal,(t),51336590.0,49552170.0,42111970.0,42421560.0,40464610.0
Poland,Coking Coal,(t),12047000.0,12071220.0,12273960.0,12584820.0,12364750.0
Poland,Lignite,(t),58570900.0,50328580.0,45983410.0,52355510.0,54621410.0
Poland,Nat. Gas,(Mio m3),4926.0,4976.0,4934.0,4860.0,4720.0
Poland,Petroleum,(t),937040.0,936760.0,911430.0,858030.0,816540.0
Portugal,Tungsten,(t),716.0,518.0,553.0,542.0,448.0
Portugal,Copper,(t),49064.0,41553.0,32230.0,39443.0,32098.0
Portugal,Lead,(t),19440.0,27852.0,28178.0,29526.0,23347.0
Portugal,Lithium,(t),914.0,710.0,280.0,225.0,210.0
Portugal,Tin,(t),111.0,108.0,104.0,60.0,60.0
Portugal,Zinc,(t),144983.0,161569.0,176849.0,188395.0,182262.0
Portugal,Silver,(kg),90760.0,95270.0,95954.0,97945.0,78412.0
Portugal,Feldspar,(t),130475.0,106754.0,122969.0,145362.0,167673.0
Portugal,Gypsum,(t),232921.0,209076.0,210231.0,254913.0,191753.0
Portugal,Kaolin,(t),374029.0,311677.0,320655.0,387223.0,410584.0
Portugal,Salt,(t),100825.0,112215.0,97104.0,94778.0,125853.0
Portugal,Talc,(t),10144.0,12901.0,9751.0,8277.0,4273.0
Qatar,Aluminium,(t),616000.0,627400.0,631400.0,634270.0,637975.0
Qatar,Sulfur,(t),1767000.0,2050000.0,1650000.0,2100000.0,3150000.0
Qatar,Nat. Gas,(Mio m3),165600.0,167610.0,166740.0,168240.0,169754.0
Qatar,Petroleum,(t),76030410.0,72034260.0,71100920.0,71601750.0,71963220.0
Romania,Manganese,(t),5150.0,9290.0,8450.0,6600.0,5900.0
Romania,Aluminium,(t),282810.0,280326.0,271307.0,293399.0,191454.0
Romania,Copper,(t),8555.0,9180.0,9130.0,9240.0,11550.0
Romania,Lead,(t),1200.0,520.0,510.0,690.0,300.0
Romania,Zinc,(t),330.0,1260.0,100.0,2500.0,6970.0
Romania,Gold,(kg),900.0,500.0,500.0,500.0,500.0
Romania,Silver,(kg),18000.0,18000.0,18000.0,18000.0,18000.0
Romania,Bentonite,(t),34809.0,41964.0,45495.0,54648.0,61165.0
Romania,Feldspar,(t),20000.0,20000.0,20000.0,20000.0,20000.0
Romania,Gypsum,(t),749668.0,878546.0,925782.0,952617.0,897176.0
Romania,Kaolin,(t),7220.0,6089.0,0.0,0.0,0.0
Romania,Salt,(t),2374973.0,2015579.0,1175979.0,1328738.0,1461264.0
Romania,Lignite,(t),23647150.0,21652320.0,15030906.0,17733034.0,18200623.0
Romania,Nat. Gas,(Mio m3),10278.0,9959.0,8914.0,8938.0,9060.0
Romania,Petroleum,(t),3577000.0,3568000.0,3457000.0,3319000.0,3131000.0
Russia,Iron,(t),64192000.0,65726000.0,65372000.0,59375800.0,56109000.0
Russia,Chromium,(t),177500.0,175000.0,187000.0,167360.0,203200.0
Russia,Cobalt,(t),8700.0,9400.0,9700.0,8000.0,9000.0
Russia,Manganese,(t),8600.0,5900.0,28200.0,10700.0,16500.0
Russia,Molybdenum,(t),2262.0,1989.0,1707.0,1691.0,1700.0
Russia,Nickel,(t),238800.0,233800.0,237000.0,202100.0,220000.0
Russia,Niobium,(t),669.0,659.0,617.0,648.0,549.0
Russia,Tantalum,(t),44.0,32.0,60.0,39.0,24.0
Russia,Titanium,(t),3000.0,3600.0,3300.0,2900.0,3200.0
Russia,Tungsten,(t),2234.0,2433.0,2274.0,2143.0,2000.0
Russia,Vanadium,(t),17052.0,18380.0,19533.0,20058.0,21000.0
Russia,Aluminium,(t),3774000.0,3894400.0,3928800.0,3931000.0,4014000.0
Russia,Antimony,(t),30828.0,21671.0,17532.0,9750.0,4391.0
Russia,Arsenic,(t),500.0,102.0,500.0,800.0,500.0
Russia,Bauxite,(t),7057000.0,6641000.0,6647000.0,6565000.0,6712000.0
Russia,Bismuth,(t),15.0,46.0,45.0,45.0,0.0
Russia,Cadmium,(t),1201.0,1000.0,1000.0,1000.0,1000.0
Russia,Copper,(t),870500.0,812400.0,924100.0,938800.0,948000.0
Russia,Gallium,(t),6.0,8.0,5.0,5.0,5.0
Russia,Germanium,(t),6.0,5.0,5.0,5.0,5.0
Russia,Indium,(t),4.0,6.0,10.0,10.0,10.0
Russia,Lead,(t),206100.0,207900.0,200700.0,212300.0,220000.0
Russia,Lithium,(t),37.0,43.0,45.0,46.0,46.0
Russia,Mercury,(t),50.0,50.0,30.0,30.0,10.0
Russia,Rare Earths,(t),2596.0,2620.0,2663.0,2276.0,2038.0
Russia,Rhenium,(kg),1000.0,1000.0,2000.0,2000.0,2000.0
Russia,Selenium,(t),185.0,193.0,195.0,230.0,200.0
Russia,Tellurium,(t),35.0,38.0,55.0,60.0,40.0
Russia,Tin,(t),1531.0,2471.0,2559.0,3317.0,3507.0
Russia,Zinc,(t),288000.0,275400.0,260700.0,287900.0,310000.0
Russia,Gold,(kg),279850.0,305050.0,308560.0,313830.0,320000.0
Russia,Palladium,(kg),92570.0,92910.0,81990.0,83640.0,80870.0
Russia,Platinum,(kg),21370.0,22430.0,21740.0,19840.0,18660.0
Russia,Rhodium,(kg),2146.0,2115.0,1800.0,1650.0,1805.0
Russia,Silver,(kg),1400100.0,1533000.0,1457000.0,1508000.0,1470000.0
Russia,Asbestos,(t),752917.0,789600.0,707811.0,750000.0,629000.0
Russia,Baryte,(t),265300.0,163000.0,265000.0,252000.0,260000.0
Russia,Bentonite,(t),714000.0,720000.0,720000.0,500000.0,535000.0
Russia,Boron,(t),88000.0,81800.0,85500.0,89600.0,88800.0
Russia,Diam. (Gem),(ct),22973133.0,25804591.0,18711931.0,23470180.0,25154350.0
Russia,Diam. (Ind),(ct),20187926.0,19466621.0,12474620.0,15646790.0,16769560.0
Russia,Diatomite,(t),50600.0,51000.0,51000.0,176800.0,180000.0
Russia,Feldspar,(t),281300.0,281300.0,290000.0,290000.0,300000.0
Russia,Fluorspar,(t),6000.0,4000.0,32000.0,76000.0,76000.0
Russia,Graphite,(t),11900.0,17500.0,12900.0,17300.0,18800.0
Russia,Gypsum,(t),5453400.0,4179300.0,4060000.0,4629000.0,4630000.0
Russia,Kaolin,(t),1485900.0,1530800.0,2478000.0,2193800.0,3000000.0
Russia,Magnesite,(t),1571400.0,1013800.0,1281400.0,1108700.0,1327100.0
Russia,Perlite,(t),45000.0,45000.0,45000.0,45000.0,45000.0
Russia,Phosphates,(t),5304000.0,5382000.0,5382000.0,5517800.0,5597100.0
Russia,Potash,(t),7055000.0,7368000.0,8194200.0,8890000.0,6900000.0
Russia,Salt,(t),6710000.0,8175000.0,6026000.0,8242000.0,8186000.0
Russia,Sulfur,(t),7170000.0,7175000.0,6850000.0,4690900.0,5989439.0
Russia,Talc,(t),12500.0,48000.0,104000.0,50000.0,100000.0
Russia,Vermiculite,(t),25904.0,29237.0,28442.0,39804.0,35619.0
Russia,Zircon,(t),7400.0,6300.0,6000.0,6650.0,7850.0
Russia,Steam Coal,(t),271200000.0,266700000.0,240900000.0,262226600.0,242600000.0
Russia,Coking Coal,(t),89800000.0,93900000.0,88600000.0,100800000.0,105000000.0
Russia,Lignite,(t),78300000.0,80800000.0,72600000.0,73620000.0,89400000.0
Russia,Nat. Gas,(Mio m3),711500.0,718960.0,672400.0,727600.0,666800.0
Russia,Petroleum,(t),555833900.0,560256690.0,512761000.0,524050000.0,535000000.0
Russia,Uranium,(t),3424.0,3433.0,3356.0,3107.0,2957.0
"Russia, Asia",Iron,(t),17331800.0,18403300.0,18957900.0,17219000.0,15710500.0
"Russia, Asia",Cobalt,(t),7850.0,8450.0,8700.0,7000.0,7900.0
"Russia, Asia",Molybdenum,(t),2262.0,1989.0,1707.0,1691.0,1700.0
"Russia, Asia",Nickel,(t),210100.0,205700.0,210900.0,175800.0,191400.0
"Russia, Asia",Tungsten,(t),2234.0,2433.0,2274.0,2143.0,2000.0
"Russia, Asia",Aluminium,(t),3632000.0,3752900.0,3788900.0,3797800.0,3880000.0
"Russia, Asia",Antimony,(t),30828.0,21671.0,17532.0,9750.0,4391.0
"Russia, Asia",Arsenic,(t),500.0,102.0,500.0,800.0,500.0
"Russia, Asia",Bismuth,(t),15.0,46.0,45.0,45.0,0.0
"Russia, Asia",Cadmium,(t),1201.0,1000.0,1000.0,1000.0,1000.0
"Russia, Asia",Copper,(t),696400.0,649920.0,739280.0,798000.0,806000.0
"Russia, Asia",Germanium,(t),6.0,5.0,5.0,5.0,5.0
"Russia, Asia",Indium,(t),4.0,6.0,10.0,10.0,10.0
"Russia, Asia",Lead,(t),206100.0,207900.0,200700.0,212300.0,220000.0
"Russia, Asia",Lithium,(t),13.0,15.0,16.0,16.0,16.0
"Russia, Asia",Mercury,(t),50.0,50.0,30.0,30.0,10.0
"Russia, Asia",Selenium,(t),185.0,193.0,195.0,230.0,200.0
"Russia, Asia",Tellurium,(t),35.0,38.0,55.0,60.0,40.0
"Russia, Asia",Tin,(t),1531.0,2471.0,2559.0,3317.0,3507.0
"Russia, Asia",Zinc,(t),250560.0,242350.0,221600.0,201500.0,217000.0
"Russia, Asia",Gold,(kg),274450.0,300750.0,301660.0,306830.0,313000.0
"Russia, Asia",Palladium,(kg),92570.0,92910.0,81990.0,83640.0,80870.0
"Russia, Asia",Platinum,(kg),21370.0,22430.0,21740.0,19840.0,18660.0
"Russia, Asia",Rhodium,(kg),2146.0,2115.0,1800.0,1650.0,1805.0
"Russia, Asia",Silver,(kg),1331600.0,1480000.0,1374800.0,1427000.0,1380000.0
"Russia, Asia",Asbestos,(t),314217.0,315300.0,287371.0,321000.0,240000.0
"Russia, Asia",Baryte,(t),265300.0,163000.0,265000.0,252000.0,260000.0
"Russia, Asia",Bentonite,(t),499800.0,492900.0,500000.0,470000.0,500000.0
"Russia, Asia",Boron,(t),88000.0,81800.0,85500.0,89600.0,88800.0
"Russia, Asia",Diam. (Gem),(ct),17624988.0,19525587.0,16339353.0,17278180.0,19560000.0
"Russia, Asia",Diam. (Ind),(ct),15488177.0,14729829.0,10892902.0,11518790.0,13040000.0
"Russia, Asia",Feldspar,(t),275700.0,281300.0,290000.0,290000.0,300000.0
"Russia, Asia",Fluorspar,(t),6000.0,4000.0,32000.0,76000.0,76000.0
"Russia, Asia",Graphite,(t),11900.0,17500.0,12900.0,17300.0,18800.0
"Russia, Asia",Talc,(t),12500.0,38000.0,42000.0,40000.0,57000.0
"Russia, Asia",Steam Coal,(t),271200000.0,266700000.0,240900000.0,262226600.0,242600000.0
"Russia, Asia",Coking Coal,(t),89800000.0,93900000.0,88600000.0,100800000.0,105000000.0
"Russia, Asia",Lignite,(t),70470000.0,72720000.0,65340000.0,66258000.0,80460000.0
"Russia, Asia",Nat. Gas,(Mio m3),675920.0,683010.0,638800.0,691200.0,640100.0
"Russia, Asia",Petroleum,(t),389083730.0,448205350.0,410208800.0,419240000.0,449400000.0
"Russia, Asia",Uranium,(t),3424.0,3433.0,3356.0,3107.0,2957.0
"Russia, Europe",Iron,(t),46860200.0,47322700.0,46414100.0,42156800.0,40398500.0
"Russia, Europe",Chromium,(t),177500.0,175000.0,187000.0,167360.0,203200.0
"Russia, Europe",Cobalt,(t),850.0,950.0,1000.0,1000.0,1100.0
"Russia, Europe",Manganese,(t),8600.0,5900.0,28200.0,10700.0,16500.0
"Russia, Europe",Nickel,(t),28700.0,28100.0,26100.0,26300.0,28600.0
"Russia, Europe",Niobium,(t),669.0,659.0,617.0,648.0,549.0
"Russia, Europe",Tantalum,(t),44.0,32.0,60.0,39.0,24.0
"Russia, Europe",Titanium,(t),3000.0,3600.0,3300.0,2900.0,3200.0
"Russia, Europe",Vanadium,(t),17052.0,18380.0,19533.0,20058.0,21000.0
"Russia, Europe",Aluminium,(t),142000.0,141500.0,139900.0,133200.0,134000.0
"Russia, Europe",Bauxite,(t),7057000.0,6641000.0,6647000.0,6565000.0,6712000.0
"Russia, Europe",Copper,(t),174100.0,162480.0,184820.0,140800.0,142000.0
"Russia, Europe",Gallium,(t),6.0,8.0,5.0,5.0,5.0
"Russia, Europe",Lithium,(t),24.0,28.0,29.0,29.0,29.0
"Russia, Europe",Rare Earths,(t),2596.0,2620.0,2663.0,2276.0,2038.0
"Russia, Europe",Rhenium,(kg),1000.0,1000.0,2000.0,2000.0,2000.0
"Russia, Europe",Zinc,(t),37440.0,33050.0,39100.0,86400.0,93000.0
"Russia, Europe",Gold,(kg),5400.0,4300.0,6900.0,7000.0,7000.0
"Russia, Europe",Silver,(kg),68500.0,53000.0,82200.0,81000.0,90000.0
"Russia, Europe",Asbestos,(t),438700.0,474300.0,420440.0,429000.0,389000.0
"Russia, Europe",Bentonite,(t),214200.0,227100.0,220000.0,30000.0,35000.0
"Russia, Europe",Diam. (Gem),(ct),5348145.0,6279004.0,2372578.0,6192000.0,5594350.0
"Russia, Europe",Diam. (Ind),(ct),4699749.0,4736792.0,1581718.0,4128000.0,3729560.0
"Russia, Europe",Diatomite,(t),50600.0,51000.0,51000.0,176800.0,180000.0
"Russia, Europe",Feldspar,(t),5600.0,0.0,0.0,0.0,0.0
"Russia, Europe",Gypsum,(t),5453400.0,4179300.0,4060000.0,4629000.0,4630000.0
"Russia, Europe",Kaolin,(t),1485900.0,1530800.0,2478000.0,2193800.0,3000000.0
"Russia, Europe",Magnesite,(t),1571400.0,1013800.0,1281400.0,1108700.0,1327100.0
"Russia, Europe",Perlite,(t),45000.0,45000.0,45000.0,45000.0,45000.0
"Russia, Europe",Phosphates,(t),5304000.0,5382000.0,5382000.0,5517800.0,5597100.0
"Russia, Europe",Potash,(t),7055000.0,7368000.0,8194200.0,8890000.0,6900000.0
"Russia, Europe",Salt,(t),6710000.0,8175000.0,6026000.0,8242000.0,8186000.0
"Russia, Europe",Sulfur,(t),7170000.0,7175000.0,6850000.0,4690900.0,5989439.0
"Russia, Europe",Talc,(t),0.0,10000.0,62000.0,10000.0,43000.0
"Russia, Europe",Vermiculite,(t),25904.0,29237.0,28442.0,39804.0,35619.0
"Russia, Europe",Zircon,(t),7400.0,6300.0,6000.0,6650.0,7850.0
"Russia, Europe",Lignite,(t),7830000.0,8080000.0,7260000.0,7362000.0,8940000.0
"Russia, Europe",Nat. Gas,(Mio m3),35580.0,35950.0,33600.0,36400.0,26700.0
"Russia, Europe",Petroleum,(t),166750170.0,112051340.0,102552200.0,104810000.0,85600000.0
Rwanda,Niobium,(t),245.0,205.0,160.0,160.0,195.0
Rwanda,Tantalum,(t),380.0,315.0,240.0,245.0,300.0
Rwanda,Tungsten,(t),1155.0,1120.0,990.0,1545.0,1610.0
Rwanda,Beryllium,(t),30.0,20.0,20.0,20.0,20.0
Rwanda,Tin,(t),3405.0,2780.0,2030.0,2260.0,3115.0
Rwanda,Gold,(kg),2163.0,2000.0,2000.0,2000.0,2000.0
Saudi Arabia,Iron,(t),280100.0,294100.0,275000.0,335200.0,351700.0
Saudi Arabia,Aluminium,(t),775500.0,775561.0,796004.0,805056.0,776413.0
Saudi Arabia,Bauxite,(t),4906000.0,5127000.0,5227927.0,5649000.0,5930000.0
Saudi Arabia,Copper,(t),59200.0,66610.0,75370.0,75180.0,74690.0
Saudi Arabia,Zinc,(t),27100.0,27270.0,26790.0,22710.0,24660.0
Saudi Arabia,Gold,(kg),13397.0,12418.0,13222.0,11153.0,12268.0
Saudi Arabia,Silver,(kg),6480.0,7123.0,7479.0,8604.0,9464.0
Saudi Arabia,Feldspar,(t),175594.0,216000.0,523000.0,621000.0,652000.0
Saudi Arabia,Gypsum,(t),3352832.0,3472000.0,3803000.0,3640000.0,3822000.0
Saudi Arabia,Kaolin,(t),207461.0,227000.0,213000.0,266000.0,279000.0
Saudi Arabia,Magnesite,(t),155000.0,200000.0,250000.0,250000.0,176049.0
Saudi Arabia,Phosphates,(t),1827000.0,2275000.0,2600000.0,2730000.0,2950000.0
Saudi Arabia,Salt,(t),2646000.0,2778000.0,2220000.0,2231000.0,2342000.0
Saudi Arabia,Sulfur,(t),6600000.0,6600000.0,6600000.0,6600000.0,7000000.0
Saudi Arabia,Talc,(t),46000.0,48000.0,61000.0,167000.0,175000.0
Saudi Arabia,Nat. Gas,(Mio m3),118000.0,117000.0,119000.0,120485.0,122895.0
Saudi Arabia,Petroleum,(t),576817650.0,556564010.0,519613000.0,515878200.0,574692000.0
Senegal,Manganese,(t),3330.0,1880.0,6580.0,4040.0,13370.0
Senegal,Titanium,(t),287940.0,281030.0,291740.0,310310.0,284998.0
Senegal,Gold,(kg),12508.0,14550.0,12408.0,14678.0,15220.0
Senegal,Silver,(kg),940.0,898.0,1090.0,1310.0,1325.0
Senegal,Phosphates,(t),775410.0,855850.0,684300.0,792800.0,859970.0
Senegal,Salt,(t),245700.0,286100.0,290873.0,306347.0,272041.0
Senegal,Zircon,(t),93569.0,80747.0,83257.0,90760.0,84062.0
Senegal,Nat. Gas,(Mio m3),11.0,15.0,14.0,6.0,4.0
Senegal,Petroleum,(t),20300.0,28500.0,25280.0,0.0,0.0
Serbia,Copper,(t),44096.0,43550.0,52207.0,121150.0,203998.0
Serbia,Lead,(t),9110.0,9970.0,8420.0,6330.0,6660.0
Serbia,Selenium,(t),28.0,20.0,10.0,4.0,10.0
Serbia,Zinc,(t),8230.0,7510.0,11480.0,11310.0,9960.0
Serbia,Gold,(kg),839.0,1452.0,1550.0,4794.0,7290.0
Serbia,Palladium,(kg),55.0,100.0,100.0,140.0,110.0
Serbia,Platinum,(kg),6.0,10.0,22.0,30.0,10.0
Serbia,Silver,(kg),8970.0,14502.0,15900.0,11600.0,10900.0
Serbia,Kaolin,(t),279000.0,254000.0,234000.0,249000.0,301000.0
Serbia,Salt,(t),7811.0,13464.0,6703.0,6469.0,5969.0
Serbia,Lignite,(t),37648957.0,38880520.0,39673059.0,36417513.0,35129690.0
Serbia,Nat. Gas,(Mio m3),450.0,439.0,409.0,362.0,328.0
Serbia,Petroleum,(t),910712.0,881000.0,859226.0,835319.0,823280.0
Sierra Leone,Iron,(t),561800.0,418950.0,0.0,950300.0,1230000.0
Sierra Leone,Tantalum,(t),31.0,16.0,29.0,36.0,25.0
Sierra Leone,Titanium,(t),145400.0,165180.0,135930.0,149380.0,161250.0
Sierra Leone,Bauxite,(t),1938461.0,1883863.0,1342139.0,1396678.0,910344.0
Sierra Leone,Gold,(kg),464.0,75.0,25.0,149.0,150.0
Sierra Leone,Diam. (Gem),(ct),402530.0,433054.0,603360.0,541400.0,447800.0
Sierra Leone,Diam. (Ind),(ct),339070.0,391403.0,83040.0,297700.0,241200.0
Sierra Leone,Zircon,(t),11400.0,8500.0,4564.0,4100.0,7200.0
Slovakia,Aluminium,(t),173721.0,174794.0,151875.0,163995.0,71933.0
Slovakia,Copper,(t),21.0,17.0,20.0,76.0,30.0
Slovakia,Lead,(t),114.0,111.0,102.0,101.0,126.0
Slovakia,Zinc,(t),151.0,119.0,96.0,25.0,65.0
Slovakia,Gold,(kg),515.0,346.0,336.0,392.0,399.0
Slovakia,Silver,(kg),345.0,295.0,269.0,328.0,354.0
Slovakia,Baryte,(t),11100.0,0.0,0.0,0.0,0.0
Slovakia,Bentonite,(t),269990.0,260120.0,261640.0,274350.0,302135.0
Slovakia,Feldspar,(t),16800.0,19100.0,29100.0,10000.0,22900.0
Slovakia,Gypsum,(t),55190.0,58250.0,72300.0,66600.0,54300.0
Slovakia,Kaolin,(t),34400.0,24970.0,30960.0,38780.0,24610.0
Slovakia,Magnesite,(t),1053900.0,1015800.0,787476.0,781600.0,592900.0
Slovakia,Perlite,(t),35600.0,32450.000000000004,37850.0,37240.0,38280.0
Slovakia,Talc,(t),43000.0,70100.0,91600.0,99900.0,114600.0
Slovakia,Lignite,(t),1506940.0,1474830.0,986270.0,1080562.0,870764.0
Slovakia,Nat. Gas,(Mio m3),90.0,80.0,70.0,71.0,58.0
Slovakia,Petroleum,(t),7522.0,6331.0,3790.0,6130.0,3680.0
Slovenia,Aluminium,(t),80511.0,68255.0,50185.0,37867.0,19211.0
Slovenia,Bentonite,(t),113.0,99.0,77.0,75.0,68.0
Slovenia,Salt,(t),2018.0,1437.0,805.0,1671.0,2342.0
Slovenia,Lignite,(t),3216735.0,3218696.0,3259309.0,2807476.0,2745022.0
Slovenia,Nat. Gas,(Mio m3),18.0,8.0,6.0,6.0,5.0
Slovenia,Petroleum,(t),769.0,490.0,385.0,296.0,127.0
Solomon Islands,Bauxite,(t),1646200.0,1234030.0,841890.0,0.0,0.0
Solomon Islands,Gold,(kg),0.0,0.0,0.0,0.0,121.0
Solomon Islands,Silver,(kg),0.0,0.0,0.0,0.0,25.0
South Africa,Iron,(t),48277430.0,47064410.0,36163000.0,47554200.0,41414300.0
South Africa,Chromium,(t),7524700.0,7384000.0,5479400.0,7605500.0,7905000.0
South Africa,Cobalt,(t),1007.0,1027.0,897.0,355.0,250.0
South Africa,Manganese,(t),5641200.0,6456400.0,6029368.0,7098396.0,7113500.0
South Africa,Nickel,(t),43236.0,43443.0,34908.0,31846.0,29500.0
South Africa,Titanium,(t),911000.0,1064000.0,950000.0,900000.0,1050000.0
South Africa,Vanadium,(t),7691.0,8062.0,8584.0,8799.0,8872.0
South Africa,Aluminium,(t),714000.0,717000.0,717000.0,714000.0,718000.0
South Africa,Copper,(t),46900.0,52501.0,29068.0,44958.0,49194.0
South Africa,Lead,(t),35118.0,42936.0,28048.0,31224.0,40000.0
South Africa,Zinc,(t),28129.0,125157.0,160816.0,193785.0,224400.0
South Africa,Gold,(kg),117144.0,105185.0,95786.0,105036.0,96400.0
South Africa,Palladium,(kg),80629.0,80684.0,66264.0,84336.0,78155.0
South Africa,Platinum,(kg),137053.0,132989.0,111993.0,141626.0,134750.0
South Africa,Rhodium,(kg),18608.0,19545.0,16972.0,20875.0,18865.0
South Africa,Silver,(kg),46467.0,55903.0,38118.0,37146.0,45700.0
South Africa,Bentonite,(t),173486.0,105084.0,85558.0,98606.0,103200.0
South Africa,Diam. (Gem),(ct),4594990.0,3373210.0,4160000.0,4494000.0,4213000.0
South Africa,Diam. (Ind),(ct),5316840.0,3807495.0,4318000.0,5224000.0,5447000.0
South Africa,Feldspar,(t),76803.0,76255.0,48427.0,67113.0,78800.0
South Africa,Fluorspar,(t),212000.0,252974.0,330000.0,400000.0,410000.0
South Africa,Gypsum,(t),321988.0,277102.0,205542.0,277376.0,265270.0
South Africa,Kaolin,(t),23724.0,27827.0,20639.0,29168.0,10000.0
South Africa,Magnesite,(t),9400.0,8100.0,8500.0,5000.0,8000.0
South Africa,Perlite,(t),1000.0,1000.0,1000.0,1000.0,1000.0
South Africa,Phosphates,(t),720400.0,639000.0,461000.0,767600.0,674800.0
South Africa,Salt,(t),478285.0,510012.0,538355.0,545942.0,531100.0
South Africa,Sulfur,(t),239297.0,919624.0,575491.0,61929.0,74540.0
South Africa,Talc,(t),102142.0,135430.0,92318.0,270944.0,449600.0
South Africa,Vermiculite,(t),141346.0,158013.0,118223.0,150104.0,183133.0
South Africa,Zircon,(t),341304.0,368336.0,311800.0,301000.0,310000.0
South Africa,Steam Coal,(t),251607600.0,254767800.0,246025000.0,225804400.0,227554000.0
South Africa,Coking Coal,(t),4508302.0,3722225.0,2057020.0,2840646.0,2351000.0
South Africa,Nat. Gas,(Mio m3),615.0,658.0,554.0,44.0,4.0
South Africa,Petroleum,(t),23770.0,29774.0,31974.0,15633.0,6540.0
South Africa,Uranium,(t),231.0,163.0,131.0,153.0,170.0
South Sudan,Petroleum,(t),7107700.0,8448490.0,8126230.0,7515700.0,6947860.0
Spain,Iron,(t),,,0.0,36580.0,0.0
Spain,Tantalum,(t),0.0,18.0,16.0,19.0,19.0
Spain,Tungsten,(t),856.0,414.0,238.0,642.0,396.0
Spain,Aluminium,(t),350000.0,230000.0,200000.0,190000.0,0.0
Spain,Copper,(t),187714.0,170556.0,182678.0,142381.0,124949.0
Spain,Lead,(t),9936.0,11390.0,11397.0,10880.0,9557.0
Spain,Tin,(t),81.0,101.0,115.0,255.0,315.0
Spain,Zinc,(t),106352.0,90980.0,90368.0,90480.0,82963.0
Spain,Gold,(kg),1991.0,1913.0,1609.0,1822.0,1369.0
Spain,Silver,(kg),88514.0,77501.0,92662.0,80848.0,58235.0
Spain,Bentonite,(t),178463.0,160477.0,205773.0,171572.0,186363.0
Spain,Diatomite,(t),61056.0,62741.0,59250.0,55982.0,87095.0
Spain,Feldspar,(t),616229.0,855139.0,911095.0,820749.0,716535.0
Spain,Fluorspar,(t),176188.0,145185.0,185958.0,187225.0,153415.0
Spain,Gypsum,(t),10593056.0,11279443.0,13376353.0,14629150.0,14380727.0
Spain,Kaolin,(t),474462.0,463617.0,274137.0,303743.0,277170.0
Spain,Magnesite,(t),738994.0,634580.0,626055.0,703834.0,676699.0
Spain,Potash,(t),603812.0,519644.0,351918.0,375779.0,429893.0
Spain,Salt,(t),4512243.0,4330514.0,3676039.0,4329090.0,3987690.0
Spain,Sulfur,(t),662000.0,663100.0,584300.0,687600.0,641800.0
Spain,Talc,(t),15500.0,13100.0,2920.0,651.0,0.0
Spain,Steam Coal,(t),645612.0,0.0,0.0,0.0,0.0
Spain,Lignite,(t),1727513.0,0.0,0.0,0.0,0.0
Spain,Nat. Gas,(Mio m3),90.0,135.0,47.0,38.0,38.0
Spain,Petroleum,(t),89476.0,40244.0,26819.0,5785.0,910.0
Sri Lanka,Titanium,(t),35670.0,25940.0,11150.0,28775.0,18025.0
Sri Lanka,Feldspar,(t),70000.0,65400.0,50000.0,60000.0,50000.0
Sri Lanka,Graphite,(t),3800.0,3100.0,2500.0,3388.0,3299.0
Sri Lanka,Kaolin,(t),20000.0,34100.0,30000.0,30000.0,30000.0
Sri Lanka,Phosphates,(t),16290.0,16600.0,18240.0,23880.0,12360.0
Sri Lanka,Salt,(t),68834.0,57291.0,60076.0,63254.0,111000.0
Sri Lanka,Zircon,(t),785.0,971.0,419.0,400.0,268.0
Sudan,Chromium,(t),12960.0,5950.0,4300.0,2700.0,1450.0
Sudan,Manganese,(t),4000.0,1000.0,0.0,0.0,0.0
Sudan,Gold,(kg),93600.0,57700.0,35700.0,49700.0,41800.0
Sudan,Silver,(kg),1000.0,1000.0,1000.0,1000.0,2000.0
Sudan,Feldspar,(t),36000.0,17000.0,25000.0,6400.0,10000.0
Sudan,Gypsum,(t),226000.0,193000.0,173000.0,136000.0,150000.0
Sudan,Kaolin,(t),11000.0,29000.0,19700.0,3700.0,20000.0
Sudan,Salt,(t),267000.0,263000.0,237000.0,121000.0,200000.0
Sudan,Talc,(t),4000.0,2000.0,0.0,4500.0,4500.0
Sudan,Petroleum,(t),3560000.0,3778300.0,2932600.0,2605000.0,2532000.0
Suriname,Gold,(kg),26006.0,24516.0,21214.0,18634.0,19541.0
Suriname,Petroleum,(t),818400.0,825200.0,818400.0,811600.0,837500.0
Sweden,Iron,(t),18405000.0,19367200.0,20112200.0,19964200.0,18799000.0
Sweden,Aluminium,(t),125000.0,120000.0,117000.0,124000.0,120000.0
Sweden,Copper,(t),106140.0,99332.0,100065.0,88108.0,88337.0
Sweden,Lead,(t),64751.0,68635.0,65402.0,65404.0,70339.0
Sweden,Selenium,(t),59.0,53.0,69.0,51.0,20.0
Sweden,Tellurium,(t),45.0,41.0,42.0,41.0,33.0
Sweden,Zinc,(t),237715.0,247657.0,234811.0,236416.0,233958.0
Sweden,Gold,(kg),7866.0,7972.0,8249.0,8805.0,8054.0
Sweden,Silver,(kg),443624.0,419926.0,400929.0,428585.0,422086.0
Sweden,Feldspar,(t),28000.0,25000.0,27537.0,28000.0,25000.0
Sweden,Sulfur,(t),416560.0,347990.0,339890.0,375370.0,375000.0
Switzerland,Gypsum,(t),330000.0,330000.0,320000.0,330000.0,330000.0
Switzerland,Salt,(t),530414.0,477325.0,324527.0,512700.0,422665.0
Syria,Gypsum,(t),66000.0,70000.0,70000.0,70000.0,100000.0
Syria,Phosphates,(t),95000.0,134000.0,580000.0,400000.0,400000.0
Syria,Salt,(t),12000.0,50000.0,70000.0,70000.0,112000.0
Syria,Nat. Gas,(Mio m3),3470.0,3330.0,2920.0,3110.0,2900.0
Syria,Petroleum,(t),1051030.0,1510590.0,1964180.0,4598420.0,4563840.0
Taiwan,Gold,(kg),4.0,6.0,3.0,1.0,1.0
Taiwan,Kaolin,(t),20.0,500.0,404.0,30.0,0.0
Taiwan,Salt,(t),78539.0,76255.0,77854.0,77297.0,78415.0
Taiwan,Sulfur,(t),169698.0,195358.0,167337.0,192228.0,162571.0
Taiwan,Talc,(t),17.0,6.0,0.0,43.0,0.0
Taiwan,Nat. Gas,(Mio m3),198.0,167.0,105.0,110.0,96.0
Taiwan,Petroleum,(t),4000.0,3300.0,1860.0,2110.0,1600.0
Tajikistan,Aluminium,(t),95800.0,100800.0,84000.0,61000.0,62000.0
Tajikistan,Antimony,(t),28890.0,29900.0,24070.0,24110.0,14500.0
Tajikistan,Copper,(t),8490.0,8500.0,978.0,4480.0,19240.0
Tajikistan,Lead,(t),47140.0,52720.0,33282.0,48058.0,47510.0
Tajikistan,Mercury,(t),120.0,91.0,178.0,311.0,326.0
Tajikistan,Zinc,(t),82330.0,78150.0,48416.0,70573.0,59055.0
Tajikistan,Gold,(kg),6432.0,8100.0,8764.0,9330.0,9225.0
Tajikistan,Silver,(kg),9500.0,11100.0,11350.0,11500.0,11000.0
Tajikistan,Fluorspar,(t),400.0,1000.0,10000.0,10000.0,2000.0
Tajikistan,Gypsum,(t),9639.0,14000.0,8183.0,10000.0,10000.0
Tajikistan,Salt,(t),36964.0,35324.0,26637.0,26169.0,37000.0
Tajikistan,Steam Coal,(t),1907055.0,2027790.0,2023000.0,2080000.0,2394000.0
Tajikistan,Nat. Gas,(Mio m3),1.0,1.0,1.0,1.0,1.0
Tajikistan,Petroleum,(t),23939.0,23293.0,24400.0,24635.0,24860.0
Tanzania,Iron,(t),0.0,0.0,14200.0,39100.0,25500.0
Tanzania,Bauxite,(t),7.0,0.0,25995.0,38142.0,40921.0
Tanzania,Copper,(t),1500.0,1500.0,1706.0,1521.0,3097.0
Tanzania,Tin,(t),6.0,18.0,35.0,158.0,404.0
Tanzania,Gold,(kg),39304.0,48408.0,55805.0,59638.0,56943.0
Tanzania,Silver,(kg),12041.0,12550.0,13187.0,9324.0,13602.0
Tanzania,Diam. (Gem),(ct),324105.0,354240.0,125110.0,53165.0,375715.0
Tanzania,Diam. (Ind),(ct),57195.0,62510.0,22080.0,9380.0,66300.0
Tanzania,Gypsum,(t),241260.0,256529.0,443926.0,598053.0,604408.0
Tanzania,Kaolin,(t),129383.0,15343.0,98454.0,100950.0,46973.0
Tanzania,Phosphates,(t),650.0,5050.0,6240.0,5390.0,5850.0
Tanzania,Salt,(t),36600.0,99510.0,83974.0,112995.0,181818.0
Tanzania,Steam Coal,(t),627652.0,712136.0,689959.0,976319.0,2511419.0
Tanzania,Nat. Gas,(Mio m3),1675.0,1807.0,1616.0,1838.0,2239.0
Thailand,Iron,(t),0.0,10950.0,70210.0,201450.0,117800.0
Thailand,Manganese,(t),1920.0,2305.0,670.0,0.0,320.0
Thailand,Titanium,(t),23.0,64.0,84.0,36.0,1.0
Thailand,Tungsten,(t),65.0,22.0,57.0,58.0,60.0
Thailand,Tin,(t),47.0,46.0,198.0,220.0,85.0
Thailand,Baryte,(t),67490.0,33644.0,22394.0,4988.0,6509.0
Thailand,Feldspar,(t),1117803.0,1251143.0,1105344.0,1346997.0,1953918.0
Thailand,Fluorspar,(t),16700.0,22247.0,9807.0,9766.0,59243.0
Thailand,Gypsum,(t),11197657.0,9787287.0,9279119.0,10402998.0,9847562.0
Thailand,Kaolin,(t),110437.0,92414.0,87320.0,124798.0,86076.0
Thailand,Perlite,(t),5600.0,15000.0,3500.0,3500.0,2500.0
Thailand,Salt,(t),1487364.0,1580390.0,1439877.0,1563970.0,1737090.0
Thailand,Talc,(t),58676.0,14564.0,38146.0,31950.0,30369.0
Thailand,Lignite,(t),14851950.0,14071710.0,13250574.0,14221573.0,13641283.0
Thailand,Nat. Gas,(Mio m3),36454.0,37450.0,33799.0,33117.0,27368.0
Thailand,Petroleum,(t),11361670.0,11362210.0,10077510.0,8820540.0,7134630.0
Togo,Gold,(kg),10000.0,8227.0,3565.0,3600.0,3600.0
Togo,Diam. (Ind),(ct),0.0,16.0,2.0,0.0,0.0
Togo,Phosphates,(t),370810.0,260320.0,488900.0,538860.0,570460.0
Trinidad and Tobago,Nat. Gas,(Mio m3),35005.0,35545.0,30230.0,25425.0,26735.0
Trinidad and Tobago,Petroleum,(t),4122240.0,3869080.0,3600510.0,3652900.0,3524510.0
Tunisia,Iron,(t),95000.0,100700.0,93400.0,143900.0,140000.0
Tunisia,Baryte,(t),10000.0,10000.0,10000.0,11100.0,10000.0
Tunisia,Gypsum,(t),984031.0,946892.0,890000.0,908130.0,900000.0
Tunisia,Phosphates,(t),812800.0,1124700.0,911800.0,1080700.0,1033300.0
Tunisia,Salt,(t),2116972.0,1966528.0,1666075.0,1889614.0,1900000.0
Tunisia,Nat. Gas,(Mio m3),1950.0,1780.0,1850.0,2240.0,2030.0
Tunisia,Petroleum,(t),2027230.0,1859060.0,1726250.0,2079000.0,1757000.0
Türkiye,Iron,(t),9546700.0,8828800.0,13087300.0,9791300.0,11928200.0
Türkiye,Chromium,(t),1146600.0,1528700.0,1087400.0,1227900.0,1460300.0
Türkiye,Cobalt,(t),259.0,115.0,250.0,2400.0,2100.0
Türkiye,Manganese,(t),29900.0,39900.0,35600.0,30300.0,36900.0
Türkiye,Molybdenum,(t),450.0,0.0,0.0,0.0,0.0
Türkiye,Nickel,(t),13560.0,4740.0,20200.0,11650.0,14540.0
Türkiye,Titanium,(t),6175.0,6130.0,6455.0,7080.0,6860.0
Türkiye,Aluminium,(t),73291.0,78100.0,79600.0,79200.0,80000.0
Türkiye,Antimony,(t),3570.0,3815.0,2570.0,4210.0,10640.0
Türkiye,Bauxite,(t),678138.0,2255480.0,2399680.0,2764873.0,2072968.0
Türkiye,Copper,(t),87000.0,73300.0,107000.0,108100.0,115000.0
Türkiye,Lead,(t),75990.0,71480.0,81520.0,93660.0,81650.0
Türkiye,Zinc,(t),184500.0,146800.0,136300.0,180500.0,184800.0
Türkiye,Gold,(kg),27100.0,39000.0,42100.0,39290.0,31020.0
Türkiye,Silver,(kg),202400.0,241590.0,98270.0,162670.0,143260.0
Türkiye,Baryte,(t),465138.0,413811.0,283161.0,256076.0,344322.0
Türkiye,Bentonite,(t),1331955.0,1533547.0,1658837.0,2020356.0,2018993.0
Türkiye,Boron,(t),2432000.0,2040000.0,1680000.0,2540000.0,2590000.0
Türkiye,Diatomite,(t),242789.0,220757.0,100327.0,207732.0,237267.0
Türkiye,Feldspar,(t),11474040.0,9447810.0,10050911.0,12936959.0,15781540.0
Türkiye,Fluorspar,(t),6200.0,14400.0,19896.0,10348.0,17252.0
Türkiye,Graphite,(t),16752.0,9990.0,15205.0,28336.0,27715.0
Türkiye,Gypsum,(t),10896476.0,7489129.0,9280864.0,10620061.0,10679212.0
Türkiye,Kaolin,(t),1515609.0,1283776.0,1224746.0,1748014.0,2289367.0
Türkiye,Magnesite,(t),1958847.0,1496081.0,1560818.0,1927280.0,1820068.0
Türkiye,Perlite,(t),1088983.0,1174486.0,1146341.0,1428695.0,1319432.0
Türkiye,Phosphates,(t),0.0,94600.0,261900.0,287100.0,289000.0
Türkiye,Salt,(t),6298705.0,6961015.0,7698018.0,7843502.0,9085711.0
Türkiye,Sulfur,(t),250000.0,242600.0,117400.0,120600.0,132700.0
Türkiye,Talc,(t),284216.0,92077.0,143470.0,220350.0,43196.0
Türkiye,Vermiculite,(t),18183.0,1370.0,19230.0,3300.0,21230.0
Türkiye,Zircon,(t),1950.0,0.0,0.0,0.0,0.0
Türkiye,Steam Coal,(t),2160520.0,2695628.0,2457720.0,2288148.0,647117.0
Türkiye,Coking Coal,(t),692130.0,698870.0,617280.0,619565.0,759996.0
Türkiye,Lignite,(t),81084000.0,83694600.0,71637000.0,83558680.0,80928800.0
Türkiye,Nat. Gas,(Mio m3),436.0,483.0,458.0,415.0,408.0
Türkiye,Petroleum,(t),2850828.0,2984800.0,3202924.0,3441659.0,3583040.0
Turkmenistan,Bentonite,(t),10000.0,10000.0,10000.0,10000.0,10000.0
Turkmenistan,Potash,(t),15200.0,11100.0,16000.0,19000.0,26500.0
Turkmenistan,Salt,(t),100000.0,100000.0,94600.0,96000.0,96480.0
Turkmenistan,Sulfur,(t),480000.0,330000.0,470000.0,590000.0,320000.0
Turkmenistan,Nat. Gas,(Mio m3),70000.0,71000.0,67960.0,83773.0,82700.0
Turkmenistan,Petroleum,(t),10640000.0,10420000.0,9490000.0,10961000.0,10756800.0
Uganda,Iron,(t),2700.0,0.0,0.0,34300.0,61600.0
Uganda,Niobium,(t),2.0,3.0,52.0,9.0,0.0
Uganda,Tungsten,(t),113.0,87.0,7.0,25.0,38.0
Uganda,Beryllium,(t),24.0,15.0,186.0,35.0,35.0
Uganda,Tin,(t),53.0,15.0,0.0,7.0,0.0
Uganda,Gold,(kg),12.0,7.0,10.0,13.0,8.0
Uganda,Diatomite,(t),,0.0,96.0,433.0,21.0
Uganda,Feldspar,(t),,,0.0,95.0,1388.0
Uganda,Kaolin,(t),17281.0,10448.0,12014.0,10264.0,226.0
Uganda,Vermiculite,(t),10413.0,9674.0,14170.0,21754.0,22947.0
Ukraine,Iron,(t),38751300.0,47584000.0,49274000.0,52431000.0,22354000.0
Ukraine,Manganese,(t),682700.0,686100.0,698500.0,652300.0,372800.0
Ukraine,Titanium,(t),518950.0,564050.0,537430.0,489200.0,180000.0
Ukraine,Gallium,(t),6.0,5.0,4.0,1.0,0.0
Ukraine,Germanium,(t),1.0,1.0,1.0,1.0,0.0
Ukraine,Bentonite,(t),178200.0,124700.0,125000.0,125000.0,50000.0
Ukraine,Feldspar,(t),50000.0,60000.0,50000.0,60000.0,30000.0
Ukraine,Graphite,(t),15000.0,10000.0,10000.0,17000.0,846.0
Ukraine,Gypsum,(t),1386400.0,1409400.0,1529000.0,1783300.0,1000000.0
Ukraine,Kaolin,(t),2091525.0,1843561.0,1680891.0,2317723.0,1000000.0
Ukraine,Salt,(t),2191619.0,2092795.0,2075000.0,1900000.0,500000.0
Ukraine,Sulfur,(t),222200.0,220400.0,223500.0,255600.0,150000.0
Ukraine,Zircon,(t),21614.0,18000.0,16000.0,28800.0,14100.0
Ukraine,Steam Coal,(t),21648100.0,19747200.0,17733500.0,22153000.0,4500000.0
Ukraine,Coking Coal,(t),4606300.0,5783200.0,6434800.0,7234000.0,2480000.0
Ukraine,Nat. Gas,(Mio m3),20806.0,20520.0,20183.0,19757.0,18500.0
Ukraine,Petroleum,(t),2293300.0,2453600.0,2430800.0,2455400.0,527800.0
Ukraine,Uranium,(t),1390.0,944.0,877.0,536.0,142.0
United Arab Emirates,Aluminium,(t),2640000.0,2579000.0,2505000.0,2577680.0,2650000.0
United Arab Emirates,Sulfur,(t),5300000.0,5980000.0,5500000.0,5950000.0,6105000.0
United Arab Emirates,Nat. Gas,(Mio m3),52920.0,56197.0,50551.0,58346.0,57996.0
United Arab Emirates,Petroleum,(t),175958530.0,179898440.0,165945480.0,163436800.0,181116570.0
United Kingdom,Tungsten,(t),890.0,0.0,0.0,0.0,0.0
United Kingdom,Aluminium,(t),44400.0,39400.0,35700.0,37571.0,38000.0
United Kingdom,Lead,(t),100.0,150.0,100.0,100.0,100.0
United Kingdom,Tin,(t),220.0,0.0,0.0,0.0,0.0
United Kingdom,Gold,(kg),0.0,50.0,28.0,79.0,266.0
United Kingdom,Silver,(kg),0.0,130.0,100.0,358.0,1328.0
United Kingdom,Baryte,(t),50000.0,46000.0,46000.0,27000.0,27000.0
United Kingdom,Fluorspar,(t),11000.0,14000.0,15000.0,16674.0,10000.0
United Kingdom,Gypsum,(t),1400000.0,1600000.0,1300000.0,2400000.0,2400000.0
United Kingdom,Kaolin,(t),996000.0,715000.0,635000.0,735000.0,715000.0
United Kingdom,Potash,(t),291100.0,88480.0,99260.00000000001,110460.00000000001,133420.0
United Kingdom,Salt,(t),3430266.0,2377765.0,2327965.0,2687483.0,2587790.0
United Kingdom,Sulfur,(t),129000.0,130000.0,106000.0,107000.0,107000.0
United Kingdom,Talc,(t),1640.0,3131.0,1386.0,1397.0,1300.0
United Kingdom,Steam Coal,(t),1996860.0,1849060.0,1166420.0,717080.0,457050.0
United Kingdom,Coking Coal,(t),785470.0,742340.0,506870.0,336740.0,193890.0
United Kingdom,Nat. Gas,(Mio m3),40736.0,39386.0,39433.0,32570.0,37737.0
United Kingdom,Petroleum,(t),51550700.0,52856200.0,49361500.0,41162470.0,38036800.0
United States,Iron,(t),31185000.0,29547000.0,24100000.0,30100000.0,24687000.0
United States,Cobalt,(t),480.0,500.0,600.0,650.0,500.0
United States,Molybdenum,(t),41400.0,43600.0,51100.0,41100.0,34600.0
United States,Nickel,(t),17600.0,13500.0,16700.0,18400.0,17500.0
United States,Titanium,(t),100000.0,100000.0,100000.0,100000.0,200000.0
United States,Vanadium,(t),0.0,460.0,17.0,0.0,0.0
United States,Aluminium,(t),896652.0,1126032.0,1026617.0,907846.0,872270.0
United States,Bauxite,(t),399700.0,154900.0,16440.0,0.0,12580.0
United States,Beryllium,(t),4170.0,4050.0,4160.0,4380.0,4330.0
United States,Cadmium,(t),73.0,131.0,211.0,241.0,212.0
United States,Copper,(t),1220000.0,1260000.0,1200000.0,1230000.0,1300000.0
United States,Germanium,(t),2.0,2.0,2.0,2.0,2.0
United States,Lead,(t),280000.0,266000.0,297000.0,286000.0,264000.0
United States,Lithium,(t),1500.0,1450.0,1220.0,2505.0,1640.0
United States,Mercury,(t),15.0,15.0,15.0,15.0,15.0
United States,Rare Earths,(t),14000.0,27620.0,38503.0,42413.0,42499.0
United States,Rhenium,(kg),8220.0,8360.0,8830.0,9290.0,8870.0
United States,Selenium,(t),152.0,144.0,66.0,112.0,120.0
United States,Tellurium,(t),0.0,2.0,2.0,10.0,10.0
United States,Zinc,(t),824000.0,753000.0,723000.0,704000.0,761000.0
United States,Gold,(kg),225528.0,201000.0,193400.0,187000.0,173000.0
United States,Palladium,(kg),14267.0,14323.0,14555.0,13725.0,10096.0
United States,Platinum,(kg),4165.0,4152.0,4203.0,4017.0,3003.0
United States,Rhodium,(kg),100.0,100.0,100.0,100.0,100.0
United States,Silver,(kg),934000.0,981000.0,1080000.0,1020000.0,1010000.0
United States,Baryte,(t),366000.0,414000.0,125409.0,257450.0,361582.0
United States,Bentonite,(t),4570000.0,4520000.0,4250000.0,4580000.0,4580000.0
United States,Boron,(t),1075000.0,1030000.0,830000.0,900000.0,1160000.0
United States,Diatomite,(t),957000.0,768000.0,822000.0,998000.0,827000.0
United States,Feldspar,(t),550000.0,450000.0,420000.0,380000.0,540000.0
United States,Gypsum,(t),21100000.0,21600000.0,21300000.0,20800000.0,22300000.0
United States,Kaolin,(t),5350000.0,5120000.0,4640000.0,4360000.0,4340000.0
United States,Magnesite,(t),238828.0,294590.0,419076.0,442976.0,357811.0
United States,Perlite,(t),504000.0,629000.0,853000.0,879000.0,672000.0
United States,Phosphates,(t),7250000.0,6547000.0,6604000.0,6070000.0,5564000.0
United States,Potash,(t),520000.0,510000.0,460000.0,480000.0,430000.0
United States,Salt,(t),43900000.0,44800000.0,42600000.0,39300000.0,41000000.0
United States,Sulfur,(t),9670000.0,8710000.0,7890000.0,8060000.0,8640000.0
United States,Talc,(t),648000.0,578000.0,491000.0,577000.0,511000.0
United States,Vermiculite,(t),100000.0,100000.0,100000.0,100000.0,100000.0
United States,Zircon,(t),100000.0,30000.0,30000.0,30000.0,20000.0
United States,Steam Coal,(t),562012600.0,521540300.0,394850100.0,429228900.0,439784100.0
United States,Coking Coal,(t),71948200.0,64168100.0,50358700.0,56084900.0,55280200.0
United States,Lignite,(t),51744500.0,48255700.0,44783600.0,42968700.0,43115700.0
United States,Nat. Gas,(Mio m3),871440.0,959920.0,957430.0,977770.0,1029410.0
United States,Petroleum,(t),723520700.0,809798800.0,776781100.0,782355100.0,835099700.0
United States,Uranium,(t),657.0,79.0,7.0,9.0,88.0
Uruguay,Iron,(t),2520.0,2510.0,1240.0,3310.0,2220.0
Uruguay,Gold,(kg),393.0,0.0,0.0,0.0,0.0
Uruguay,Bentonite,(t),7760.0,6730.0,16550.0,19710.0,21574.0
Uruguay,Feldspar,(t),380.0,100.0,210.0,240.0,300.0
Uruguay,Talc,(t),420.0,50.0,520.0,570.0,1162.0
Uzbekistan,Molybdenum,(t),750.0,800.0,760.0,1282.0,1177.0
Uzbekistan,Tungsten,(t),97.0,100.0,20.0,25.0,34.0
Uzbekistan,Bismuth,(t),0.0,2.0,2.0,2.0,3.0
Uzbekistan,Cadmium,(t),237.0,250.0,450.0,470.0,500.0
Uzbekistan,Copper,(t),117000.0,137300.0,142800.0,148500.0,148520.0
Uzbekistan,Indium,(t),1.0,1.0,1.0,1.0,1.0
Uzbekistan,Lead,(t),21300.0,19100.0,18400.0,30500.0,17200.0
Uzbekistan,Rhenium,(kg),500.0,800.0,1000.0,2370.0,3000.0
Uzbekistan,Selenium,(t),28.0,30.0,40.0,90.0,35.0
Uzbekistan,Tellurium,(t),2.0,2.0,3.0,5.0,3.0
Uzbekistan,Zinc,(t),38400.0,35400.0,37200.0,42000.0,42000.0
Uzbekistan,Gold,(kg),92716.0,100900.0,100000.0,100360.0,105540.0
Uzbekistan,Palladium,(kg),0.0,28.0,91.0,160.0,93.0
Uzbekistan,Silver,(kg),161700.0,172000.0,196000.0,211500.0,217725.0
Uzbekistan,Bentonite,(t),12559.0,32588.0,48739.0,59053.0,60000.0
Uzbekistan,Kaolin,(t),291814.0,377184.0,373440.0,413910.0,441900.0
Uzbekistan,Phosphates,(t),144000.0,137100.0,150500.0,158700.0,160100.0
Uzbekistan,Potash,(t),176900.0,198400.0,210000.0,197600.0,228000.0
Uzbekistan,Steam Coal,(t),160000.0,245168.0,246800.0,258100.0,264800.0
Uzbekistan,Lignite,(t),4014400.0,3807600.0,3869375.0,4781193.0,5073900.0
Uzbekistan,Nat. Gas,(Mio m3),61585.0,60712.0,49768.0,53802.0,51678.0
Uzbekistan,Petroleum,(t),2890915.0,2815400.0,2030400.0,2098040.0,2075026.0
Uzbekistan,Uranium,(t),4062.0,4127.0,4127.0,4158.0,4198.0
Venezuela,Iron,(t),2017500.0,2062800.0,1159000.0,1372500.0,4575000.0
Venezuela,Aluminium,(t),64700.0,10000.0,9996.0,38340.0,8430.0
Venezuela,Bauxite,(t),92000.0,50000.0,0.0,22000.0,770000.0
Venezuela,Gold,(kg),9100.0,9100.0,9000.0,9000.0,9000.0
Venezuela,Diam. (Gem),(ct),800.0,0.0,794.0,457.0,1665.0
Venezuela,Diam. (Ind),(ct),1200.0,0.0,0.0,0.0,0.0
Venezuela,Feldspar,(t),30000.0,30000.0,30000.0,30000.0,30000.0
Venezuela,Phosphates,(t),16800.0,21500.0,20000.0,20000.0,10000.0
Venezuela,Salt,(t),600000.0,600000.0,500000.0,300000.0,350000.0
Venezuela,Sulfur,(t),700000.0,500000.0,300000.0,300000.0,300000.0
Venezuela,Steam Coal,(t),100000.0,379907.0,683583.0,223660.0,196730.0
Venezuela,Nat. Gas,(Mio m3),31619.0,25576.0,21561.0,28059.0,29178.0
Venezuela,Oil Sands*,(t),20000000.0,18000000.0,14900000.0,15000000.0,18000000.0
Venezuela,Petroleum,(t),84296810.0,52747340.0,33566730.0,34360750.0,37306030.0
Vietnam,Iron,(t),3353100.0,3663400.0,2136200.0,1850300.0,1105800.0
Vietnam,Manganese,(t),115100.0,106000.0,121100.0,147000.0,155000.0
Vietnam,Titanium,(t),122250.0,112680.0,139760.0,156000.0,172380.0
Vietnam,Tungsten,(t),4881.0,4816.0,5970.0,11735.0,10817.0
Vietnam,Antimony,(t),245.0,396.0,312.0,268.0,252.0
Vietnam,Bauxite,(t),3569700.0,3700000.0,3610000.0,4100000.0,4000000.0
Vietnam,Bismuth,(t),2639.0,917.0,993.0,2067.0,1938.0
Vietnam,Copper,(t),25300.0,29240.0,30780.0,33930.0,34710.0
Vietnam,Lead,(t),14500.0,12500.0,14100.0,16350.0,20560.0
Vietnam,Tin,(t),5521.0,6071.0,7260.0,7666.0,8139.0
Vietnam,Zinc,(t),12000.0,13000.0,11150.0,10700.0,14420.0
Vietnam,Gold,(kg),570.0,540.0,559.0,664.0,1114.0
Vietnam,Silver,(kg),0.0,500.0,555.0,670.0,1451.0
Vietnam,Baryte,(t),50000.0,43000.0,51500.0,39600.0,42000.0
Vietnam,Fluorspar,(t),238700.0,238003.0,219920.0,215027.0,217975.0
Vietnam,Graphite,(t),1500.0,3500.0,3700.0,1200.0,500.0
Vietnam,Kaolin,(t),100000.0,100000.0,100000.0,100000.0,100000.0
Vietnam,Phosphates,(t),1299660.0,1346880.0,606650.0,813960.0,754140.0
Vietnam,Salt,(t),996500.0,945000.0,1134600.0,1208100.0,987000.0
Vietnam,Zircon,(t),10500.0,6600.0,10700.0,30400.0,16500.0
Vietnam,Steam Coal,(t),42384000.0,47158000.0,44598400.0,48315600.0,49854700.0
Vietnam,Nat. Gas,(Mio m3),10010.0,10200.0,9160.0,7460.0,8080.0
Vietnam,Petroleum,(t),11989000.0,11043000.0,9650000.0,9100000.0,8980000.0
Yemen,Gypsum,(t),50000.0,20000.0,20000.0,20000.0,20000.0
Yemen,Salt,(t),50000.0,50000.0,50000.0,50000.0,50000.0
Yemen,Nat. Gas,(Mio m3),100.0,100.0,130.0,200.0,200.0
Yemen,Petroleum,(t),3853400.0,3967300.0,3588000.0,3289000.0,3180350.0
Zambia,Cobalt,(t),1766.0,1271.0,316.0,247.0,252.0
Zambia,Manganese,(t),37800.0,11970.0,20000.0,56860.0,69490.0
Zambia,Nickel,(t),0.0,2500.0,2760.0,3672.0,3946.0
Zambia,Beryllium,(t),7.0,7.0,2.0,6.0,7.0
Zambia,Copper,(t),857847.0,796430.0,882061.0,830357.0,795141.0
Zambia,Gold,(kg),4044.0,4522.0,3994.0,3987.0,3409.0
Zambia,Sulfur,(t),947800.0,960200.0,917300.0,691900.0,640800.0
Zambia,Steam Coal,(t),344717.0,361648.0,446153.0,663345.0,823450.0
Zimbabwe,Chromium,(t),402600.0,720330.0,572460.0,644400.0,670860.0
Zimbabwe,Cobalt,(t),403.0,402.0,956.0,298.0,241.0
Zimbabwe,Nickel,(t),17850.0,16918.0,16480.0,16213.0,14260.0
Zimbabwe,Tungsten,(t),16.0,37.0,30.0,8.0,18.0
Zimbabwe,Copper,(t),9077.0,8731.0,7933.0,8650.0,10168.0
Zimbabwe,Lithium,(t),3160.0,2650.0,860.0,1670.0,3540.0
Zimbabwe,Gold,(kg),35054.0,29429.0,20873.0,31477.0,37265.0
Zimbabwe,Palladium,(kg),12094.0,11640.0,12890.0,12619.0,13935.0
Zimbabwe,Platinum,(kg),14703.0,13857.0,15004.0,14732.0,16460.0
Zimbabwe,Rhodium,(kg),1334.0,1224.0,1368.0,1334.0,1461.0
Zimbabwe,Silver,(kg),1542.0,1500.0,1522.0,2677.0,1545.0
Zimbabwe,Diam. (Gem),(ct),975730.0,423840.0,534090.0,844860.0,968800.0
Zimbabwe,Diam. (Ind),(ct),2276690.0,1695350.0,2136370.0,3379440.0,3875220.0
Zimbabwe,Phosphates,(t),15400.0,8100.0,13500.0,11900.0,6600.0
Zimbabwe,Vermiculite,(t),33161.0,25524.0,26388.0,27713.0,26380.0
Zimbabwe,Steam Coal,(t),3049730.0,2428370.0,2328030.0,1716120.0,2212880.0
Zimbabwe,Coking Coal,(t),297770.0,301550.0,422860.0,1529890.0,1972540.0
