2026-07-26 17:58:53 | INFO     | backend.app.pipeline.data_loader:load_mining_projects:25 - Loading mining projects from C:\Users\soumy\OneDrive\Desktop\Project\Global Rare Earth Elements Projects\mining_projects.csv
2026-07-26 17:58:53 | INFO     | backend.app.pipeline.data_loader:load_mining_projects:89 - Loaded mining projects: 146 rows, 51 columns
2026-07-26 17:58:59 | INFO     | backend.app.pipeline.preprocessor:fit_transform:25 - Preprocessing mining projects data
2026-07-26 17:58:59 | INFO     | backend.app.pipeline.preprocessor:fit_transform:31 - Filtered to 65 projects with >=10 REE oxide values
2026-07-26 17:59:00 | INFO     | backend.app.pipeline.preprocessor:fit_transform:86 - Preprocessing complete: X shape=(65, 19), features=['log_resource', 'grade_pct', 'continent_encoded', 'deposit_type_encoded', 'La2O3_norm', 'Ce2O3_norm', 'Pr6O11_norm', 'Nd2O3_norm', 'Sm2O3_norm', 'Eu2O3_norm', 'Gd2O3_norm', 'Tb4O7_norm', 'Dy2O3_norm', 'Ho2O3_norm', 'Er2O3_norm', 'Tm2O3_norm', 'Yb2O3_norm', 'Lu2O3_norm', 'Y2O3_norm']
2026-07-26 17:59:00 | INFO     | backend.app.ml.models.base:train:69 - Training HREE Predictor
2026-07-26 17:59:00 | INFO     | backend.app.ml.models.base:save:36 - Saved model hree_predictor to C:\Users\soumy\OneDrive\Desktop\Project\lca_platform\backend\models\hree_predictor
2026-07-26 17:59:00 | INFO     | backend.app.ml.models.base:train:99 - HREE Predictor trained: R2=0.9460, RMSE=7.5012
2026-07-26 17:59:00 | INFO     | backend.app.lca.engine:full_assessment:204 - Running full LCA assessment
2026-07-26 17:59:00 | INFO     | backend.app.lca.engine:calculate:68 - Calculating carbon footprint
2026-07-26 17:59:00 | INFO     | backend.app.lca.engine:calculate:98 - Calculating water footprint
2026-07-26 17:59:00 | INFO     | backend.app.lca.engine:calculate:124 - Calculating energy consumption
2026-07-26 17:59:00 | INFO     | backend.app.lca.engine:calculate:150 - Calculating waste generation
2026-07-26 17:59:01 | INFO     | backend.app.circular.engine:calculate:10 - Calculating circularity metrics
2026-07-26 17:59:01 | INFO     | backend.app.circular.engine:calculate:92 - Calculating sustainability score
2026-07-26 17:59:16 | DEBUG    | passlib.utils.compat:__getattr__:449 - loaded lazy attr 'SafeConfigParser': <class 'configparser.ConfigParser'>
2026-07-26 17:59:16 | DEBUG    | passlib.utils.compat:__getattr__:449 - loaded lazy attr 'NativeStringIO': <class '_io.StringIO'>
2026-07-26 17:59:16 | DEBUG    | passlib.utils.compat:__getattr__:449 - loaded lazy attr 'BytesIO': <class '_io.BytesIO'>
2026-07-26 17:59:16 | DEBUG    | passlib.registry:register_crypt_handler:296 - registered 'bcrypt' handler: <class 'passlib.handlers.bcrypt.bcrypt'>
2026-07-26 17:59:38 | DEBUG    | passlib.utils.compat:__getattr__:449 - loaded lazy attr 'SafeConfigParser': <class 'configparser.ConfigParser'>
2026-07-26 17:59:38 | DEBUG    | passlib.utils.compat:__getattr__:449 - loaded lazy attr 'NativeStringIO': <class '_io.StringIO'>
2026-07-26 17:59:38 | DEBUG    | passlib.utils.compat:__getattr__:449 - loaded lazy attr 'BytesIO': <class '_io.BytesIO'>
2026-07-26 17:59:38 | DEBUG    | passlib.registry:register_crypt_handler:296 - registered 'bcrypt' handler: <class 'passlib.handlers.bcrypt.bcrypt'>
2026-07-26 18:00:29 | DEBUG    | passlib.utils.compat:__getattr__:449 - loaded lazy attr 'SafeConfigParser': <class 'configparser.ConfigParser'>
2026-07-26 18:00:29 | DEBUG    | passlib.utils.compat:__getattr__:449 - loaded lazy attr 'NativeStringIO': <class '_io.StringIO'>
2026-07-26 18:00:29 | DEBUG    | passlib.utils.compat:__getattr__:449 - loaded lazy attr 'BytesIO': <class '_io.BytesIO'>
2026-07-26 18:00:30 | DEBUG    | passlib.registry:register_crypt_handler:296 - registered 'bcrypt' handler: <class 'passlib.handlers.bcrypt.bcrypt'>
2026-07-26 18:00:39 | DEBUG    | passlib.utils.compat:__getattr__:449 - loaded lazy attr 'SafeConfigParser': <class 'configparser.ConfigParser'>
2026-07-26 18:00:39 | DEBUG    | passlib.utils.compat:__getattr__:449 - loaded lazy attr 'NativeStringIO': <class '_io.StringIO'>
2026-07-26 18:00:39 | DEBUG    | passlib.utils.compat:__getattr__:449 - loaded lazy attr 'BytesIO': <class '_io.BytesIO'>
2026-07-26 18:00:39 | DEBUG    | passlib.registry:register_crypt_handler:296 - registered 'bcrypt' handler: <class 'passlib.handlers.bcrypt.bcrypt'>
2026-07-26 18:00:52 | DEBUG    | passlib.utils.compat:__getattr__:449 - loaded lazy attr 'SafeConfigParser': <class 'configparser.ConfigParser'>
2026-07-26 18:00:52 | DEBUG    | passlib.utils.compat:__getattr__:449 - loaded lazy attr 'NativeStringIO': <class '_io.StringIO'>
2026-07-26 18:00:52 | DEBUG    | passlib.utils.compat:__getattr__:449 - loaded lazy attr 'BytesIO': <class '_io.BytesIO'>
2026-07-26 18:00:52 | DEBUG    | passlib.registry:register_crypt_handler:296 - registered 'bcrypt' handler: <class 'passlib.handlers.bcrypt.bcrypt'>
2026-07-26 18:00:53 | INFO     | uvicorn.server:_serve:82 - Started server process [8992]
2026-07-26 18:00:53 | INFO     | uvicorn.lifespan.on:startup:48 - Waiting for application startup.
2026-07-26 18:00:53 | INFO     | backend.app.main:lifespan:24 - Starting LCA Platform application
2026-07-26 18:00:53 | INFO     | backend.app.main:lifespan:26 - Database initialized
2026-07-26 18:00:53 | INFO     | backend.app.pipeline.data_loader:load_mining_projects:25 - Loading mining projects from C:\Users\soumy\OneDrive\Desktop\Project\Global Rare Earth Elements Projects\mining_projects.csv
2026-07-26 18:00:53 | INFO     | backend.app.pipeline.data_loader:load_mining_projects:89 - Loaded mining projects: 146 rows, 51 columns
2026-07-26 18:00:53 | INFO     | backend.app.pipeline.data_loader:load_factory:95 - Loading factory data from C:\Users\soumy\OneDrive\Desktop\Project\Global Rare Earth Elements Projects\factory.csv
2026-07-26 18:00:53 | ERROR    | backend.app.pipeline.data_loader:load_all_datasets:289 - Failed to load factory: could not convert string to float: '.'
2026-07-26 18:00:54 | INFO     | backend.app.pipeline.data_loader:load_facilities_gpkg:176 - Loading facilities from C:\Users\soumy\OneDrive\Desktop\Project\Open Database on Global Coal and Metal Mining\data\facilities.gpkg
2026-07-26 18:00:54 | WARNING  | backend.app.pipeline.data_loader:load_facilities_gpkg:184 - Could not load geopackage: y attribute access only provided for Point geometries. Falling back to CSV approach.
2026-07-26 18:00:54 | INFO     | backend.app.pipeline.data_loader:load_open_db_table:190 - Loading commodities.csv
2026-07-26 18:00:54 | INFO     | backend.app.pipeline.data_loader:load_open_db_table:192 - Loaded commodities.csv: 9426 rows, 16 columns
2026-07-26 18:00:54 | INFO     | backend.app.pipeline.data_loader:load_open_db_table:190 - Loading minerals.csv
2026-07-26 18:00:54 | INFO     | backend.app.pipeline.data_loader:load_open_db_table:192 - Loaded minerals.csv: 12292 rows, 12 columns
2026-07-26 18:00:54 | INFO     | backend.app.pipeline.data_loader:load_open_db_table:190 - Loading coal.csv
2026-07-26 18:00:54 | INFO     | backend.app.pipeline.data_loader:load_open_db_table:192 - Loaded coal.csv: 10478 rows, 10 columns
2026-07-26 18:00:54 | INFO     | backend.app.pipeline.data_loader:load_open_db_table:190 - Loading processing.csv
2026-07-26 18:00:54 | INFO     | backend.app.pipeline.data_loader:load_open_db_table:192 - Loaded processing.csv: 3979 rows, 16 columns
2026-07-26 18:00:54 | INFO     | backend.app.pipeline.data_loader:load_open_db_table:190 - Loading waste.csv
2026-07-26 18:00:54 | INFO     | backend.app.pipeline.data_loader:load_open_db_table:192 - Loaded waste.csv: 1119 rows, 13 columns
2026-07-26 18:00:54 | INFO     | backend.app.pipeline.data_loader:load_open_db_table:190 - Loading transport.csv
2026-07-26 18:00:54 | INFO     | backend.app.pipeline.data_loader:load_open_db_table:192 - Loaded transport.csv: 941 rows, 12 columns
2026-07-26 18:00:54 | INFO     | backend.app.pipeline.data_loader:load_open_db_table:190 - Loading reserves.csv
2026-07-26 18:00:54 | INFO     | backend.app.pipeline.data_loader:load_open_db_table:192 - Loaded reserves.csv: 1039 rows, 10 columns
2026-07-26 18:00:54 | INFO     | backend.app.pipeline.data_loader:load_open_db_table:190 - Loading ownership.csv
2026-07-26 18:00:54 | INFO     | backend.app.pipeline.data_loader:load_open_db_table:192 - Loaded ownership.csv: 699 rows, 7 columns
2026-07-26 18:00:54 | INFO     | backend.app.pipeline.data_loader:load_open_db_table:190 - Loading capacity.csv
2026-07-26 18:00:54 | INFO     | backend.app.pipeline.data_loader:load_open_db_table:192 - Loaded capacity.csv: 163 rows, 8 columns
2026-07-26 18:00:54 | INFO     | backend.app.pipeline.data_loader:load_open_db_table:190 - Loading material_ids.csv
2026-07-26 18:00:54 | INFO     | backend.app.pipeline.data_loader:load_open_db_table:192 - Loaded material_ids.csv: 294 rows, 7 columns
2026-07-26 18:00:54 | INFO     | backend.app.pipeline.data_loader:load_open_db_table:190 - Loading source_ids.csv
2026-07-26 18:00:54 | INFO     | backend.app.pipeline.data_loader:load_open_db_table:192 - Loaded source_ids.csv: 2483 rows, 3 columns
2026-07-26 18:00:54 | INFO     | backend.app.pipeline.data_loader:load_world_commodities:242 - Loading world commodities from C:\Users\soumy\OneDrive\Desktop\Project\World Mining Commodities\world_mining_commodities_clean.csv
2026-07-26 18:00:54 | INFO     | backend.app.pipeline.data_loader:load_world_commodities:244 - Loaded world commodities: 1982 rows
2026-07-26 18:00:54 | INFO     | backend.app.pipeline.data_loader:load_world_companies:250 - Loading world companies from C:\Users\soumy\OneDrive\Desktop\Project\World Mining Commodities\116_world_mining_companies_clean.csv
2026-07-26 18:00:54 | INFO     | backend.app.pipeline.data_loader:load_world_companies:252 - Loaded world companies: 116 rows
2026-07-26 18:00:54 | INFO     | backend.app.pipeline.data_loader:load_commodity_info:258 - Loading commodity info from C:\Users\soumy\OneDrive\Desktop\Project\World Mining Commodities\commodity_info.xlsx
2026-07-26 18:00:55 | INFO     | backend.app.pipeline.data_loader:load_commodity_info:260 - Loaded commodity info: 65 rows
2026-07-26 18:00:55 | INFO     | backend.app.main:lifespan:30 - Datasets loaded successfully
2026-07-26 18:00:55 | INFO     | uvicorn.lifespan.on:startup:62 - Application startup complete.
2026-07-26 18:00:55 | INFO     | uvicorn.server:_log_started_message:214 - Uvicorn running on http://0.0.0.0:8000 (Press CTRL+C to quit)
2026-07-26 18:01:10 | DEBUG    | passlib.utils.compat:__getattr__:449 - loaded lazy attr 'SafeConfigParser': <class 'configparser.ConfigParser'>
2026-07-26 18:01:10 | DEBUG    | passlib.utils.compat:__getattr__:449 - loaded lazy attr 'NativeStringIO': <class '_io.StringIO'>
2026-07-26 18:01:10 | DEBUG    | passlib.utils.compat:__getattr__:449 - loaded lazy attr 'BytesIO': <class '_io.BytesIO'>
2026-07-26 18:01:10 | DEBUG    | passlib.registry:register_crypt_handler:296 - registered 'bcrypt' handler: <class 'passlib.handlers.bcrypt.bcrypt'>
2026-07-26 18:01:11 | INFO     | uvicorn.server:_serve:82 - Started server process [10368]
2026-07-26 18:01:11 | INFO     | uvicorn.lifespan.on:startup:48 - Waiting for application startup.
2026-07-26 18:01:11 | INFO     | backend.app.main:lifespan:24 - Starting LCA Platform application
2026-07-26 18:01:11 | INFO     | backend.app.main:lifespan:26 - Database initialized
2026-07-26 18:01:11 | INFO     | backend.app.pipeline.data_loader:load_mining_projects:25 - Loading mining projects from C:\Users\soumy\OneDrive\Desktop\Project\Global Rare Earth Elements Projects\mining_projects.csv
2026-07-26 18:01:11 | INFO     | backend.app.pipeline.data_loader:load_mining_projects:89 - Loaded mining projects: 146 rows, 51 columns
2026-07-26 18:01:11 | INFO     | backend.app.pipeline.data_loader:load_factory:95 - Loading factory data from C:\Users\soumy\OneDrive\Desktop\Project\Global Rare Earth Elements Projects\factory.csv
2026-07-26 18:01:11 | ERROR    | backend.app.pipeline.data_loader:load_all_datasets:289 - Failed to load factory: could not convert string to float: '.'
2026-07-26 18:01:11 | INFO     | backend.app.pipeline.data_loader:load_facilities_gpkg:176 - Loading facilities from C:\Users\soumy\OneDrive\Desktop\Project\Open Database on Global Coal and Metal Mining\data\facilities.gpkg
2026-07-26 18:01:11 | WARNING  | backend.app.pipeline.data_loader:load_facilities_gpkg:184 - Could not load geopackage: y attribute access only provided for Point geometries. Falling back to CSV approach.
2026-07-26 18:01:11 | INFO     | backend.app.pipeline.data_loader:load_open_db_table:190 - Loading commodities.csv
2026-07-26 18:01:11 | INFO     | backend.app.pipeline.data_loader:load_open_db_table:192 - Loaded commodities.csv: 9426 rows, 16 columns
2026-07-26 18:01:11 | INFO     | backend.app.pipeline.data_loader:load_open_db_table:190 - Loading minerals.csv
2026-07-26 18:01:11 | INFO     | backend.app.pipeline.data_loader:load_open_db_table:192 - Loaded minerals.csv: 12292 rows, 12 columns
2026-07-26 18:01:11 | INFO     | backend.app.pipeline.data_loader:load_open_db_table:190 - Loading coal.csv
2026-07-26 18:01:11 | INFO     | backend.app.pipeline.data_loader:load_open_db_table:192 - Loaded coal.csv: 10478 rows, 10 columns
2026-07-26 18:01:11 | INFO     | backend.app.pipeline.data_loader:load_open_db_table:190 - Loading processing.csv
2026-07-26 18:01:11 | INFO     | backend.app.pipeline.data_loader:load_open_db_table:192 - Loaded processing.csv: 3979 rows, 16 columns
2026-07-26 18:01:11 | INFO     | backend.app.pipeline.data_loader:load_open_db_table:190 - Loading waste.csv
2026-07-26 18:01:11 | INFO     | backend.app.pipeline.data_loader:load_open_db_table:192 - Loaded waste.csv: 1119 rows, 13 columns
2026-07-26 18:01:11 | INFO     | backend.app.pipeline.data_loader:load_open_db_table:190 - Loading transport.csv
2026-07-26 18:01:11 | INFO     | backend.app.pipeline.data_loader:load_open_db_table:192 - Loaded transport.csv: 941 rows, 12 columns
2026-07-26 18:01:11 | INFO     | backend.app.pipeline.data_loader:load_open_db_table:190 - Loading reserves.csv
2026-07-26 18:01:11 | INFO     | backend.app.pipeline.data_loader:load_open_db_table:192 - Loaded reserves.csv: 1039 rows, 10 columns
2026-07-26 18:01:11 | INFO     | backend.app.pipeline.data_loader:load_open_db_table:190 - Loading ownership.csv
2026-07-26 18:01:11 | INFO     | backend.app.pipeline.data_loader:load_open_db_table:192 - Loaded ownership.csv: 699 rows, 7 columns
2026-07-26 18:01:11 | INFO     | backend.app.pipeline.data_loader:load_open_db_table:190 - Loading capacity.csv
2026-07-26 18:01:11 | INFO     | backend.app.pipeline.data_loader:load_open_db_table:192 - Loaded capacity.csv: 163 rows, 8 columns
2026-07-26 18:01:11 | INFO     | backend.app.pipeline.data_loader:load_open_db_table:190 - Loading material_ids.csv
2026-07-26 18:01:11 | INFO     | backend.app.pipeline.data_loader:load_open_db_table:192 - Loaded material_ids.csv: 294 rows, 7 columns
2026-07-26 18:01:11 | INFO     | backend.app.pipeline.data_loader:load_open_db_table:190 - Loading source_ids.csv
2026-07-26 18:01:11 | INFO     | backend.app.pipeline.data_loader:load_open_db_table:192 - Loaded source_ids.csv: 2483 rows, 3 columns
2026-07-26 18:01:11 | INFO     | backend.app.pipeline.data_loader:load_world_commodities:242 - Loading world commodities from C:\Users\soumy\OneDrive\Desktop\Project\World Mining Commodities\world_mining_commodities_clean.csv
2026-07-26 18:01:11 | INFO     | backend.app.pipeline.data_loader:load_world_commodities:244 - Loaded world commodities: 1982 rows
2026-07-26 18:01:11 | INFO     | backend.app.pipeline.data_loader:load_world_companies:250 - Loading world companies from C:\Users\soumy\OneDrive\Desktop\Project\World Mining Commodities\116_world_mining_companies_clean.csv
2026-07-26 18:01:11 | INFO     | backend.app.pipeline.data_loader:load_world_companies:252 - Loaded world companies: 116 rows
2026-07-26 18:01:11 | INFO     | backend.app.pipeline.data_loader:load_commodity_info:258 - Loading commodity info from C:\Users\soumy\OneDrive\Desktop\Project\World Mining Commodities\commodity_info.xlsx
2026-07-26 18:01:12 | INFO     | backend.app.pipeline.data_loader:load_commodity_info:260 - Loaded commodity info: 65 rows
2026-07-26 18:01:12 | INFO     | backend.app.main:lifespan:30 - Datasets loaded successfully
2026-07-26 18:01:12 | INFO     | uvicorn.lifespan.on:startup:62 - Application startup complete.
2026-07-26 18:01:12 | ERROR    | uvicorn.server:startup:170 - [Errno 10048] error while attempting to bind on address ('0.0.0.0', 8000): [winerror 10048] only one usage of each socket address (protocol/network address/port) is normally permitted
2026-07-26 18:01:12 | INFO     | uvicorn.lifespan.on:shutdown:67 - Waiting for application shutdown.
2026-07-26 18:01:12 | INFO     | backend.app.main:lifespan:34 - Shutting down LCA Platform application
2026-07-26 18:01:12 | INFO     | uvicorn.lifespan.on:shutdown:76 - Application shutdown complete.
2026-07-26 18:01:19 | DEBUG    | backend.app.main:log_requests:58 - GET /health -> 200 (0.002s)
2026-07-26 18:01:19 | INFO     | uvicorn.protocols.http.httptools_impl:send:468 - 127.0.0.1:56724 - "GET /health HTTP/1.1" 200
2026-07-26 18:01:19 | DEBUG    | backend.app.main:log_requests:58 - GET /api/v1/datasets/ -> 200 (0.071s)
2026-07-26 18:01:19 | INFO     | uvicorn.protocols.http.httptools_impl:send:468 - 127.0.0.1:56724 - "GET /api/v1/datasets/ HTTP/1.1" 200
2026-07-26 18:01:30 | DEBUG    | backend.app.main:log_requests:58 - GET /health -> 200 (0.001s)
2026-07-26 18:01:30 | INFO     | uvicorn.protocols.http.httptools_impl:send:468 - 127.0.0.1:52467 - "GET /health HTTP/1.1" 200
2026-07-26 18:01:30 | DEBUG    | backend.app.main:log_requests:58 - GET /api/v1/datasets/ -> 200 (0.067s)
2026-07-26 18:01:30 | INFO     | uvicorn.protocols.http.httptools_impl:send:468 - 127.0.0.1:52467 - "GET /api/v1/datasets/ HTTP/1.1" 200
2026-07-26 18:01:30 | DEBUG    | backend.app.main:log_requests:58 - GET /api/v1/datasets/mining_projects -> 200 (0.007s)
2026-07-26 18:01:30 | INFO     | uvicorn.protocols.http.httptools_impl:send:468 - 127.0.0.1:52467 - "GET /api/v1/datasets/mining_projects HTTP/1.1" 200
2026-07-26 18:01:30 | INFO     | uvicorn.protocols.http.httptools_impl:send:468 - 127.0.0.1:52467 - "GET /api/v1/datasets/mining_projects/sample?rows=2 HTTP/1.1" 500
2026-07-26 18:01:30 | ERROR    | uvicorn.protocols.http.httptools_impl:run_asgi:406 - Exception in ASGI application

Traceback (most recent call last):

  File "<frozen runpy>", line 198, in _run_module_as_main
  File "<frozen runpy>", line 88, in _run_code
  File "C:\Users\soumy\AppData\Local\Programs\Python\Python312\Lib\site-packages\uvicorn\__main__.py", line 4, in <module>
    uvicorn.main()
    │       └ <Command main>
    └ <module 'uvicorn' from 'C:\\Users\\soumy\\AppData\\Local\\Programs\\Python\\Python312\\Lib\\site-packages\\uvicorn\\__init__....
  File "C:\Users\soumy\AppData\Local\Programs\Python\Python312\Lib\site-packages\click\core.py", line 1485, in __call__
    return self.main(*args, **kwargs)
           │    │     │       └ {}
           │    │     └ ()
           │    └ <function Command.main at 0x0000027903EC7600>
           └ <Command main>
  File "C:\Users\soumy\AppData\Local\Programs\Python\Python312\Lib\site-packages\click\core.py", line 1406, in main
    rv = self.invoke(ctx)
         │    │      └ <click.core.Context object at 0x0000027903F0CA40>
         │    └ <function Command.invoke at 0x0000027903EC72E0>
         └ <Command main>
  File "C:\Users\soumy\AppData\Local\Programs\Python\Python312\Lib\site-packages\click\core.py", line 1269, in invoke
    return ctx.invoke(self.callback, **ctx.params)
           │   │      │    │           │   └ {'host': '0.0.0.0', 'port': 8000, 'app': 'backend.app.main:app', 'uds': None, 'fd': None, 'reload': False, 'reload_dirs': (),...
           │   │      │    │           └ <click.core.Context object at 0x0000027903F0CA40>
           │   │      │    └ <function main at 0x0000027904152FC0>
           │   │      └ <Command main>
           │   └ <function Context.invoke at 0x0000027903EC6520>
           └ <click.core.Context object at 0x0000027903F0CA40>
  File "C:\Users\soumy\AppData\Local\Programs\Python\Python312\Lib\site-packages\click\core.py", line 824, in invoke
    return callback(*args, **kwargs)
           │         │       └ {'host': '0.0.0.0', 'port': 8000, 'app': 'backend.app.main:app', 'uds': None, 'fd': None, 'reload': False, 'reload_dirs': (),...
           │         └ ()
           └ <function main at 0x0000027904152FC0>
  File "C:\Users\soumy\AppData\Local\Programs\Python\Python312\Lib\site-packages\uvicorn\main.py", line 410, in main
    run(
    └ <function run at 0x0000027903EFA840>
  File "C:\Users\soumy\AppData\Local\Programs\Python\Python312\Lib\site-packages\uvicorn\main.py", line 577, in run
    server.run()
    │      └ <function Server.run at 0x0000027903F9DEE0>
    └ <uvicorn.server.Server object at 0x0000027904155E80>
  File "C:\Users\soumy\AppData\Local\Programs\Python\Python312\Lib\site-packages\uvicorn\server.py", line 65, in run
    return asyncio.run(self.serve(sockets=sockets))
           │       │   │    │             └ None
           │       │   │    └ <function Server.serve at 0x0000027903F9DF80>
           │       │   └ <uvicorn.server.Server object at 0x0000027904155E80>
           │       └ <function run at 0x0000027901AB6D40>
           └ <module 'asyncio' from 'C:\\Users\\soumy\\AppData\\Local\\Programs\\Python\\Python312\\Lib\\asyncio\\__init__.py'>
  File "C:\Users\soumy\AppData\Local\Programs\Python\Python312\Lib\asyncio\runners.py", line 195, in run
    return runner.run(main)
           │      │   └ <coroutine object Server.serve at 0x0000027904123A00>
           │      └ <function Runner.run at 0x00000279038013A0>
           └ <asyncio.runners.Runner object at 0x0000027903EAF740>
  File "C:\Users\soumy\AppData\Local\Programs\Python\Python312\Lib\asyncio\runners.py", line 118, in run
    return self._loop.run_until_complete(task)
           │    │     │                  └ <Task pending name='Task-1' coro=<Server.serve() running at C:\Users\soumy\AppData\Local\Programs\Python\Python312\Lib\site-p...
           │    │     └ <function BaseEventLoop.run_until_complete at 0x00000279037FEFC0>
           │    └ <ProactorEventLoop running=True closed=False debug=False>
           └ <asyncio.runners.Runner object at 0x0000027903EAF740>
  File "C:\Users\soumy\AppData\Local\Programs\Python\Python312\Lib\asyncio\base_events.py", line 678, in run_until_complete
    self.run_forever()
    │    └ <function ProactorEventLoop.run_forever at 0x00000279038B2B60>
    └ <ProactorEventLoop running=True closed=False debug=False>
  File "C:\Users\soumy\AppData\Local\Programs\Python\Python312\Lib\asyncio\windows_events.py", line 322, in run_forever
    super().run_forever()
  File "C:\Users\soumy\AppData\Local\Programs\Python\Python312\Lib\asyncio\base_events.py", line 645, in run_forever
    self._run_once()
    │    └ <function BaseEventLoop._run_once at 0x0000027903800D60>
    └ <ProactorEventLoop running=True closed=False debug=False>
  File "C:\Users\soumy\AppData\Local\Programs\Python\Python312\Lib\asyncio\base_events.py", line 1999, in _run_once
    handle._run()
    │      └ <function Handle._run at 0x0000027903742DE0>
    └ <Handle Task.task_wakeup(<Future finished result=None>)>
  File "C:\Users\soumy\AppData\Local\Programs\Python\Python312\Lib\asyncio\events.py", line 88, in _run
    self._context.run(self._callback, *self._args)
    │    │            │    │           │    └ <member '_args' of 'Handle' objects>
    │    │            │    │           └ <Handle Task.task_wakeup(<Future finished result=None>)>
    │    │            │    └ <member '_callback' of 'Handle' objects>
    │    │            └ <Handle Task.task_wakeup(<Future finished result=None>)>
    │    └ <member '_context' of 'Handle' objects>
    └ <Handle Task.task_wakeup(<Future finished result=None>)>
> File "C:\Users\soumy\AppData\Local\Programs\Python\Python312\Lib\site-packages\uvicorn\protocols\http\httptools_impl.py", line 401, in run_asgi
    result = await app(  # type: ignore[func-returns-value]
                   └ <uvicorn.middleware.proxy_headers.ProxyHeadersMiddleware object at 0x000002790409E300>
  File "C:\Users\soumy\AppData\Local\Programs\Python\Python312\Lib\site-packages\uvicorn\middleware\proxy_headers.py", line 70, in __call__
    return await self.app(scope, receive, send)
                 │    │   │      │        └ <bound method RequestResponseCycle.send of <uvicorn.protocols.http.httptools_impl.RequestResponseCycle object at 0x0000027939...
                 │    │   │      └ <bound method RequestResponseCycle.receive of <uvicorn.protocols.http.httptools_impl.RequestResponseCycle object at 0x0000027...
                 │    │   └ {'type': 'http', 'asgi': {'version': '3.0', 'spec_version': '2.4'}, 'http_version': '1.1', 'server': ('127.0.0.1', 8000), 'cl...
                 │    └ <fastapi.applications.FastAPI object at 0x00000279067F17F0>
                 └ <uvicorn.middleware.proxy_headers.ProxyHeadersMiddleware object at 0x000002790409E300>
  File "C:\Users\soumy\AppData\Local\Programs\Python\Python312\Lib\site-packages\fastapi\applications.py", line 1163, in __call__
    await super().__call__(scope, receive, send)
                           │      │        └ <bound method RequestResponseCycle.send of <uvicorn.protocols.http.httptools_impl.RequestResponseCycle object at 0x0000027939...
                           │      └ <bound method RequestResponseCycle.receive of <uvicorn.protocols.http.httptools_impl.RequestResponseCycle object at 0x0000027...
                           └ {'type': 'http', 'asgi': {'version': '3.0', 'spec_version': '2.4'}, 'http_version': '1.1', 'server': ('127.0.0.1', 8000), 'cl...
  File "C:\Users\soumy\AppData\Local\Programs\Python\Python312\Lib\site-packages\starlette\applications.py", line 107, in __call__
    await self.middleware_stack(scope, receive, send)
          │    │                │      │        └ <bound method RequestResponseCycle.send of <uvicorn.protocols.http.httptools_impl.RequestResponseCycle object at 0x0000027939...
          │    │                │      └ <bound method RequestResponseCycle.receive of <uvicorn.protocols.http.httptools_impl.RequestResponseCycle object at 0x0000027...
          │    │                └ {'type': 'http', 'asgi': {'version': '3.0', 'spec_version': '2.4'}, 'http_version': '1.1', 'server': ('127.0.0.1', 8000), 'cl...
          │    └ <starlette.middleware.errors.ServerErrorMiddleware object at 0x00000279372EE300>
          └ <fastapi.applications.FastAPI object at 0x00000279067F17F0>
  File "C:\Users\soumy\AppData\Local\Programs\Python\Python312\Lib\site-packages\starlette\middleware\errors.py", line 186, in __call__
    raise exc
  File "C:\Users\soumy\AppData\Local\Programs\Python\Python312\Lib\site-packages\starlette\middleware\errors.py", line 164, in __call__
    await self.app(scope, receive, _send)
          │    │   │      │        └ <function ServerErrorMiddleware.__call__.<locals>._send at 0x00000279399105E0>
          │    │   │      └ <bound method RequestResponseCycle.receive of <uvicorn.protocols.http.httptools_impl.RequestResponseCycle object at 0x0000027...
          │    │   └ {'type': 'http', 'asgi': {'version': '3.0', 'spec_version': '2.4'}, 'http_version': '1.1', 'server': ('127.0.0.1', 8000), 'cl...
          │    └ <starlette.middleware.base.BaseHTTPMiddleware object at 0x00000279379B7470>
          └ <starlette.middleware.errors.ServerErrorMiddleware object at 0x00000279372EE300>
  File "C:\Users\soumy\AppData\Local\Programs\Python\Python312\Lib\site-packages\starlette\middleware\base.py", line 191, in __call__
    with recv_stream, send_stream, collapse_excgroups():
         │            │            └ <function collapse_excgroups at 0x0000027905046980>
         │            └ MemoryObjectSendStream(_state=_MemoryObjectStreamState(max_buffer_size=0, buffer=deque([]), open_send_channels=0, open_receiv...
         └ MemoryObjectReceiveStream(_state=_MemoryObjectStreamState(max_buffer_size=0, buffer=deque([]), open_send_channels=0, open_rec...
  File "C:\Users\soumy\AppData\Local\Programs\Python\Python312\Lib\contextlib.py", line 158, in __exit__
    self.gen.throw(value)
    │    │   │     └ ExceptionGroup('unhandled errors in a TaskGroup', [ValueError('Out of range float values are not JSON compliant: nan')])
    │    │   └ <method 'throw' of 'generator' objects>
    │    └ <generator object collapse_excgroups at 0x00000279379FEF60>
    └ <contextlib._GeneratorContextManager object at 0x00000279399C2BD0>
  File "C:\Users\soumy\AppData\Local\Programs\Python\Python312\Lib\site-packages\starlette\_utils.py", line 87, in collapse_excgroups
    raise exc
  File "C:\Users\soumy\AppData\Local\Programs\Python\Python312\Lib\site-packages\starlette\middleware\base.py", line 193, in __call__
    response = await self.dispatch_func(request, call_next)
                     │    │             │        └ <function BaseHTTPMiddleware.__call__.<locals>.call_next at 0x000002793993ECA0>
                     │    │             └ <starlette.middleware.base._CachedRequest object at 0x00000279399D6BA0>
                     │    └ <function log_requests at 0x00000279051C05E0>
                     └ <starlette.middleware.base.BaseHTTPMiddleware object at 0x00000279379B7470>

  File "C:\Users\soumy\OneDrive\Desktop\Project\lca_platform\backend\app\main.py", line 56, in log_requests
    response = await call_next(request)
                     │         └ <starlette.middleware.base._CachedRequest object at 0x00000279399D6BA0>
                     └ <function BaseHTTPMiddleware.__call__.<locals>.call_next at 0x000002793993ECA0>

  File "C:\Users\soumy\AppData\Local\Programs\Python\Python312\Lib\site-packages\starlette\middleware\base.py", line 168, in call_next
    raise app_exc from app_exc.__cause__ or app_exc.__context__
          │            │       │            │       └ <attribute '__context__' of 'BaseException' objects>
          │            │       │            └ ValueError('Out of range float values are not JSON compliant: nan')
          │            │       └ <attribute '__cause__' of 'BaseException' objects>
          │            └ ValueError('Out of range float values are not JSON compliant: nan')
          └ ValueError('Out of range float values are not JSON compliant: nan')
  File "C:\Users\soumy\AppData\Local\Programs\Python\Python312\Lib\site-packages\starlette\middleware\base.py", line 144, in coro
    await self.app(scope, receive_or_disconnect, send_no_error)
          │    │   │      │                      └ <function BaseHTTPMiddleware.__call__.<locals>.call_next.<locals>.send_no_error at 0x000002793993DF80>
          │    │   │      └ <function BaseHTTPMiddleware.__call__.<locals>.call_next.<locals>.receive_or_disconnect at 0x000002793993E160>
          │    │   └ {'type': 'http', 'asgi': {'version': '3.0', 'spec_version': '2.4'}, 'http_version': '1.1', 'server': ('127.0.0.1', 8000), 'cl...
          │    └ <starlette.middleware.cors.CORSMiddleware object at 0x000002793760B230>
          └ <starlette.middleware.base.BaseHTTPMiddleware object at 0x00000279379B7470>
  File "C:\Users\soumy\AppData\Local\Programs\Python\Python312\Lib\site-packages\starlette\middleware\cors.py", line 87, in __call__
    await self.app(scope, receive, send)
          │    │   │      │        └ <function BaseHTTPMiddleware.__call__.<locals>.call_next.<locals>.send_no_error at 0x000002793993DF80>
          │    │   │      └ <function BaseHTTPMiddleware.__call__.<locals>.call_next.<locals>.receive_or_disconnect at 0x000002793993E160>
          │    │   └ {'type': 'http', 'asgi': {'version': '3.0', 'spec_version': '2.4'}, 'http_version': '1.1', 'server': ('127.0.0.1', 8000), 'cl...
          │    └ <starlette.middleware.exceptions.ExceptionMiddleware object at 0x00000279379DDB80>
          └ <starlette.middleware.cors.CORSMiddleware object at 0x000002793760B230>
  File "C:\Users\soumy\AppData\Local\Programs\Python\Python312\Lib\site-packages\starlette\middleware\exceptions.py", line 63, in __call__
    await wrap_app_handling_exceptions(self.app, conn)(scope, receive, send)
          │                            │    │    │     │      │        └ <function BaseHTTPMiddleware.__call__.<locals>.call_next.<locals>.send_no_error at 0x000002793993DF80>
          │                            │    │    │     │      └ <function BaseHTTPMiddleware.__call__.<locals>.call_next.<locals>.receive_or_disconnect at 0x000002793993E160>
          │                            │    │    │     └ {'type': 'http', 'asgi': {'version': '3.0', 'spec_version': '2.4'}, 'http_version': '1.1', 'server': ('127.0.0.1', 8000), 'cl...
          │                            │    │    └ <starlette.requests.Request object at 0x00000279399C19D0>
          │                            │    └ <fastapi.middleware.asyncexitstack.AsyncExitStackMiddleware object at 0x00000279362A3260>
          │                            └ <starlette.middleware.exceptions.ExceptionMiddleware object at 0x00000279379DDB80>
          └ <function wrap_app_handling_exceptions at 0x00000279050DA8E0>
  File "C:\Users\soumy\AppData\Local\Programs\Python\Python312\Lib\site-packages\starlette\_exception_handler.py", line 53, in wrapped_app
    raise exc
  File "C:\Users\soumy\AppData\Local\Programs\Python\Python312\Lib\site-packages\starlette\_exception_handler.py", line 42, in wrapped_app
    await app(scope, receive, sender)
          │   │      │        └ <function wrap_app_handling_exceptions.<locals>.wrapped_app.<locals>.sender at 0x000002793993ED40>
          │   │      └ <function BaseHTTPMiddleware.__call__.<locals>.call_next.<locals>.receive_or_disconnect at 0x000002793993E160>
          │   └ {'type': 'http', 'asgi': {'version': '3.0', 'spec_version': '2.4'}, 'http_version': '1.1', 'server': ('127.0.0.1', 8000), 'cl...
          └ <fastapi.middleware.asyncexitstack.AsyncExitStackMiddleware object at 0x00000279362A3260>
  File "C:\Users\soumy\AppData\Local\Programs\Python\Python312\Lib\site-packages\fastapi\middleware\asyncexitstack.py", line 18, in __call__
    await self.app(scope, receive, send)
          │    │   │      │        └ <function wrap_app_handling_exceptions.<locals>.wrapped_app.<locals>.sender at 0x000002793993ED40>
          │    │   │      └ <function BaseHTTPMiddleware.__call__.<locals>.call_next.<locals>.receive_or_disconnect at 0x000002793993E160>
          │    │   └ {'type': 'http', 'asgi': {'version': '3.0', 'spec_version': '2.4'}, 'http_version': '1.1', 'server': ('127.0.0.1', 8000), 'cl...
          │    └ <fastapi.routing.APIRouter object at 0x0000027906C32C90>
          └ <fastapi.middleware.asyncexitstack.AsyncExitStackMiddleware object at 0x00000279362A3260>
  File "C:\Users\soumy\AppData\Local\Programs\Python\Python312\Lib\site-packages\starlette\routing.py", line 716, in __call__
    await self.middleware_stack(scope, receive, send)
          │    │                │      │        └ <function wrap_app_handling_exceptions.<locals>.wrapped_app.<locals>.sender at 0x000002793993ED40>
          │    │                │      └ <function BaseHTTPMiddleware.__call__.<locals>.call_next.<locals>.receive_or_disconnect at 0x000002793993E160>
          │    │                └ {'type': 'http', 'asgi': {'version': '3.0', 'spec_version': '2.4'}, 'http_version': '1.1', 'server': ('127.0.0.1', 8000), 'cl...
          │    └ <bound method APIRouter.app of <fastapi.routing.APIRouter object at 0x0000027906C32C90>>
          └ <fastapi.routing.APIRouter object at 0x0000027906C32C90>
  File "C:\Users\soumy\AppData\Local\Programs\Python\Python312\Lib\site-packages\fastapi\routing.py", line 2531, in app
    await route.handle(scope, receive, send)
          │     │      │      │        └ <function wrap_app_handling_exceptions.<locals>.wrapped_app.<locals>.sender at 0x000002793993ED40>
          │     │      │      └ <function BaseHTTPMiddleware.__call__.<locals>.call_next.<locals>.receive_or_disconnect at 0x000002793993E160>
          │     │      └ {'type': 'http', 'asgi': {'version': '3.0', 'spec_version': '2.4'}, 'http_version': '1.1', 'server': ('127.0.0.1', 8000), 'cl...
          │     └ <function _IncludedRouter.handle at 0x000002790511D260>
          └ _IncludedRouter(original_router=<fastapi.routing.APIRouter object at 0x0000027906FD7860>, include_context=_RouterIncludeConte...
  File "C:\Users\soumy\AppData\Local\Programs\Python\Python312\Lib\site-packages\fastapi\routing.py", line 1700, in handle
    await self.original_router.handle(scope, receive, send)
          │    │               │      │      │        └ <function wrap_app_handling_exceptions.<locals>.wrapped_app.<locals>.sender at 0x000002793993ED40>
          │    │               │      │      └ <function BaseHTTPMiddleware.__call__.<locals>.call_next.<locals>.receive_or_disconnect at 0x000002793993E160>
          │    │               │      └ {'type': 'http', 'asgi': {'version': '3.0', 'spec_version': '2.4'}, 'http_version': '1.1', 'server': ('127.0.0.1', 8000), 'cl...
          │    │               └ <function APIRouter.handle at 0x000002790511EFC0>
          │    └ <fastapi.routing.APIRouter object at 0x0000027906FD7860>
          └ _IncludedRouter(original_router=<fastapi.routing.APIRouter object at 0x0000027906FD7860>, include_context=_RouterIncludeConte...
  File "C:\Users\soumy\AppData\Local\Programs\Python\Python312\Lib\site-packages\fastapi\routing.py", line 2586, in handle
    await included_router._handle_selected(scope, receive, send)
          │               │                │      │        └ <function wrap_app_handling_exceptions.<locals>.wrapped_app.<locals>.sender at 0x000002793993ED40>
          │               │                │      └ <function BaseHTTPMiddleware.__call__.<locals>.call_next.<locals>.receive_or_disconnect at 0x000002793993E160>
          │               │                └ {'type': 'http', 'asgi': {'version': '3.0', 'spec_version': '2.4'}, 'http_version': '1.1', 'server': ('127.0.0.1', 8000), 'cl...
          │               └ <function _IncludedRouter._handle_selected at 0x000002790511D300>
          └ _IncludedRouter(original_router=<fastapi.routing.APIRouter object at 0x0000027906FD7860>, include_context=_RouterIncludeConte...
  File "C:\Users\soumy\AppData\Local\Programs\Python\Python312\Lib\site-packages\fastapi\routing.py", line 1720, in _handle_selected
    await original_route.handle(scope, receive, send)
          │              │      │      │        └ <function wrap_app_handling_exceptions.<locals>.wrapped_app.<locals>.sender at 0x000002793993ED40>
          │              │      │      └ <function BaseHTTPMiddleware.__call__.<locals>.call_next.<locals>.receive_or_disconnect at 0x000002793993E160>
          │              │      └ {'type': 'http', 'asgi': {'version': '3.0', 'spec_version': '2.4'}, 'http_version': '1.1', 'server': ('127.0.0.1', 8000), 'cl...
          │              └ <function APIRoute.handle at 0x000002790510B380>
          └ APIRoute(path='/datasets/{name}/sample', name='get_dataset_sample', methods=['GET'])
  File "C:\Users\soumy\AppData\Local\Programs\Python\Python312\Lib\site-packages\fastapi\routing.py", line 1239, in handle
    await app(scope, receive, send)
          │   │      │        └ <function wrap_app_handling_exceptions.<locals>.wrapped_app.<locals>.sender at 0x000002793993ED40>
          │   │      └ <function BaseHTTPMiddleware.__call__.<locals>.call_next.<locals>.receive_or_disconnect at 0x000002793993E160>
          │   └ {'type': 'http', 'asgi': {'version': '3.0', 'spec_version': '2.4'}, 'http_version': '1.1', 'server': ('127.0.0.1', 8000), 'cl...
          └ <function request_response.<locals>.app at 0x000002793993EAC0>
  File "C:\Users\soumy\AppData\Local\Programs\Python\Python312\Lib\site-packages\fastapi\routing.py", line 150, in app
    await wrap_app_handling_exceptions(app, request)(scope, receive, send)
          │                            │    │        │      │        └ <function wrap_app_handling_exceptions.<locals>.wrapped_app.<locals>.sender at 0x000002793993ED40>
          │                            │    │        │      └ <function BaseHTTPMiddleware.__call__.<locals>.call_next.<locals>.receive_or_disconnect at 0x000002793993E160>
          │                            │    │        └ {'type': 'http', 'asgi': {'version': '3.0', 'spec_version': '2.4'}, 'http_version': '1.1', 'server': ('127.0.0.1', 8000), 'cl...
          │                            │    └ <starlette.requests.Request object at 0x000002793995D100>
          │                            └ <function request_response.<locals>.app.<locals>.app at 0x000002793993EA20>
          └ <function wrap_app_handling_exceptions at 0x00000279050DA8E0>
  File "C:\Users\soumy\AppData\Local\Programs\Python\Python312\Lib\site-packages\starlette\_exception_handler.py", line 53, in wrapped_app
    raise exc
  File "C:\Users\soumy\AppData\Local\Programs\Python\Python312\Lib\site-packages\starlette\_exception_handler.py", line 42, in wrapped_app
    await app(scope, receive, sender)
          │   │      │        └ <function wrap_app_handling_exceptions.<locals>.wrapped_app.<locals>.sender at 0x000002793993E2A0>
          │   │      └ <function BaseHTTPMiddleware.__call__.<locals>.call_next.<locals>.receive_or_disconnect at 0x000002793993E160>
          │   └ {'type': 'http', 'asgi': {'version': '3.0', 'spec_version': '2.4'}, 'http_version': '1.1', 'server': ('127.0.0.1', 8000), 'cl...
          └ <function request_response.<locals>.app.<locals>.app at 0x000002793993EA20>
  File "C:\Users\soumy\AppData\Local\Programs\Python\Python312\Lib\site-packages\fastapi\routing.py", line 136, in app
    response = await f(request)
                     │ └ <starlette.requests.Request object at 0x000002793995D100>
                     └ <function get_request_handler.<locals>.app at 0x000002793993E340>
  File "C:\Users\soumy\AppData\Local\Programs\Python\Python312\Lib\site-packages\fastapi\routing.py", line 731, in app
    response = actual_response_class(content, **response_args)
               │                     │          └ {'background': None}
               │                     └ {'name': 'mining_projects', 'sample': [{'project_no': 1, 'deposit_no': 1.0, 'company': 'Lynas Rare Earths', 'project_name': '...
               └ <class 'starlette.responses.JSONResponse'>
  File "C:\Users\soumy\AppData\Local\Programs\Python\Python312\Lib\site-packages\starlette\responses.py", line 189, in __init__
    super().__init__(content, status_code, headers, media_type, background)
                     │        │            │        │           └ None
                     │        │            │        └ None
                     │        │            └ None
                     │        └ 200
                     └ {'name': 'mining_projects', 'sample': [{'project_no': 1, 'deposit_no': 1.0, 'company': 'Lynas Rare Earths', 'project_name': '...
  File "C:\Users\soumy\AppData\Local\Programs\Python\Python312\Lib\site-packages\starlette\responses.py", line 46, in __init__
    self.body = self.render(content)
    │           │    │      └ {'name': 'mining_projects', 'sample': [{'project_no': 1, 'deposit_no': 1.0, 'company': 'Lynas Rare Earths', 'project_name': '...
    │           │    └ <function JSONResponse.render at 0x00000279050C1260>
    │           └ <starlette.responses.JSONResponse object at 0x00000279395DB860>
    └ <starlette.responses.JSONResponse object at 0x00000279395DB860>
  File "C:\Users\soumy\AppData\Local\Programs\Python\Python312\Lib\site-packages\starlette\responses.py", line 192, in render
    return json.dumps(
           │    └ <function dumps at 0x00000279038B85E0>
           └ <module 'json' from 'C:\\Users\\soumy\\AppData\\Local\\Programs\\Python\\Python312\\Lib\\json\\__init__.py'>
  File "C:\Users\soumy\AppData\Local\Programs\Python\Python312\Lib\json\__init__.py", line 238, in dumps
    **kw).encode(obj)
      │          └ {'name': 'mining_projects', 'sample': [{'project_no': 1, 'deposit_no': 1.0, 'company': 'Lynas Rare Earths', 'project_name': '...
      └ {}
  File "C:\Users\soumy\AppData\Local\Programs\Python\Python312\Lib\json\encoder.py", line 200, in encode
    chunks = self.iterencode(o, _one_shot=True)
             │    │          └ {'name': 'mining_projects', 'sample': [{'project_no': 1, 'deposit_no': 1.0, 'company': 'Lynas Rare Earths', 'project_name': '...
             │    └ <function JSONEncoder.iterencode at 0x00000279038B9120>
             └ <json.encoder.JSONEncoder object at 0x000002793982D9A0>
  File "C:\Users\soumy\AppData\Local\Programs\Python\Python312\Lib\json\encoder.py", line 258, in iterencode
    return _iterencode(o, 0)
           │           └ {'name': 'mining_projects', 'sample': [{'project_no': 1, 'deposit_no': 1.0, 'company': 'Lynas Rare Earths', 'project_name': '...
           └ <_json.Encoder object at 0x00000279399F70A0>

ValueError: Out of range float values are not JSON compliant: nan
2026-07-26 18:01:31 | DEBUG    | backend.app.main:log_requests:58 - GET /api/v1/datasets/mining_projects/stats -> 200 (0.023s)
2026-07-26 18:01:31 | INFO     | uvicorn.protocols.http.httptools_impl:send:468 - 127.0.0.1:52468 - "GET /api/v1/datasets/mining_projects/stats HTTP/1.1" 200
2026-07-26 18:01:31 | DEBUG    | backend.app.main:log_requests:58 - GET /api/v1/predictions/models -> 200 (0.005s)
2026-07-26 18:01:31 | INFO     | uvicorn.protocols.http.httptools_impl:send:468 - 127.0.0.1:52468 - "GET /api/v1/predictions/models HTTP/1.1" 200
2026-07-26 18:01:31 | DEBUG    | backend.app.main:log_requests:58 - GET / -> 200 (0.007s)
2026-07-26 18:01:31 | INFO     | uvicorn.protocols.http.httptools_impl:send:468 - 127.0.0.1:52468 - "GET / HTTP/1.1" 200
2026-07-26 18:01:31 | DEBUG    | backend.app.main:log_requests:58 - GET /docs -> 200 (0.001s)
2026-07-26 18:01:31 | INFO     | uvicorn.protocols.http.httptools_impl:send:468 - 127.0.0.1:52468 - "GET /docs HTTP/1.1" 200
2026-07-26 18:01:42 | INFO     | uvicorn.protocols.http.httptools_impl:send:468 - 127.0.0.1:50648 - "GET /api/v1/datasets/mining_projects/sample?rows=2 HTTP/1.1" 500
2026-07-26 18:01:42 | ERROR    | uvicorn.protocols.http.httptools_impl:run_asgi:406 - Exception in ASGI application

Traceback (most recent call last):

  File "<frozen runpy>", line 198, in _run_module_as_main
  File "<frozen runpy>", line 88, in _run_code
  File "C:\Users\soumy\AppData\Local\Programs\Python\Python312\Lib\site-packages\uvicorn\__main__.py", line 4, in <module>
    uvicorn.main()
    │       └ <Command main>
    └ <module 'uvicorn' from 'C:\\Users\\soumy\\AppData\\Local\\Programs\\Python\\Python312\\Lib\\site-packages\\uvicorn\\__init__....
  File "C:\Users\soumy\AppData\Local\Programs\Python\Python312\Lib\site-packages\click\core.py", line 1485, in __call__
    return self.main(*args, **kwargs)
           │    │     │       └ {}
           │    │     └ ()
           │    └ <function Command.main at 0x0000027903EC7600>
           └ <Command main>
  File "C:\Users\soumy\AppData\Local\Programs\Python\Python312\Lib\site-packages\click\core.py", line 1406, in main
    rv = self.invoke(ctx)
         │    │      └ <click.core.Context object at 0x0000027903F0CA40>
         │    └ <function Command.invoke at 0x0000027903EC72E0>
         └ <Command main>
  File "C:\Users\soumy\AppData\Local\Programs\Python\Python312\Lib\site-packages\click\core.py", line 1269, in invoke
    return ctx.invoke(self.callback, **ctx.params)
           │   │      │    │           │   └ {'host': '0.0.0.0', 'port': 8000, 'app': 'backend.app.main:app', 'uds': None, 'fd': None, 'reload': False, 'reload_dirs': (),...
           │   │      │    │           └ <click.core.Context object at 0x0000027903F0CA40>
           │   │      │    └ <function main at 0x0000027904152FC0>
           │   │      └ <Command main>
           │   └ <function Context.invoke at 0x0000027903EC6520>
           └ <click.core.Context object at 0x0000027903F0CA40>
  File "C:\Users\soumy\AppData\Local\Programs\Python\Python312\Lib\site-packages\click\core.py", line 824, in invoke
    return callback(*args, **kwargs)
           │         │       └ {'host': '0.0.0.0', 'port': 8000, 'app': 'backend.app.main:app', 'uds': None, 'fd': None, 'reload': False, 'reload_dirs': (),...
           │         └ ()
           └ <function main at 0x0000027904152FC0>
  File "C:\Users\soumy\AppData\Local\Programs\Python\Python312\Lib\site-packages\uvicorn\main.py", line 410, in main
    run(
    └ <function run at 0x0000027903EFA840>
  File "C:\Users\soumy\AppData\Local\Programs\Python\Python312\Lib\site-packages\uvicorn\main.py", line 577, in run
    server.run()
    │      └ <function Server.run at 0x0000027903F9DEE0>
    └ <uvicorn.server.Server object at 0x0000027904155E80>
  File "C:\Users\soumy\AppData\Local\Programs\Python\Python312\Lib\site-packages\uvicorn\server.py", line 65, in run
    return asyncio.run(self.serve(sockets=sockets))
           │       │   │    │             └ None
           │       │   │    └ <function Server.serve at 0x0000027903F9DF80>
           │       │   └ <uvicorn.server.Server object at 0x0000027904155E80>
           │       └ <function run at 0x0000027901AB6D40>
           └ <module 'asyncio' from 'C:\\Users\\soumy\\AppData\\Local\\Programs\\Python\\Python312\\Lib\\asyncio\\__init__.py'>
  File "C:\Users\soumy\AppData\Local\Programs\Python\Python312\Lib\asyncio\runners.py", line 195, in run
    return runner.run(main)
           │      │   └ <coroutine object Server.serve at 0x0000027904123A00>
           │      └ <function Runner.run at 0x00000279038013A0>
           └ <asyncio.runners.Runner object at 0x0000027903EAF740>
  File "C:\Users\soumy\AppData\Local\Programs\Python\Python312\Lib\asyncio\runners.py", line 118, in run
    return self._loop.run_until_complete(task)
           │    │     │                  └ <Task pending name='Task-1' coro=<Server.serve() running at C:\Users\soumy\AppData\Local\Programs\Python\Python312\Lib\site-p...
           │    │     └ <function BaseEventLoop.run_until_complete at 0x00000279037FEFC0>
           │    └ <ProactorEventLoop running=True closed=False debug=False>
           └ <asyncio.runners.Runner object at 0x0000027903EAF740>
  File "C:\Users\soumy\AppData\Local\Programs\Python\Python312\Lib\asyncio\base_events.py", line 678, in run_until_complete
    self.run_forever()
    │    └ <function ProactorEventLoop.run_forever at 0x00000279038B2B60>
    └ <ProactorEventLoop running=True closed=False debug=False>
  File "C:\Users\soumy\AppData\Local\Programs\Python\Python312\Lib\asyncio\windows_events.py", line 322, in run_forever
    super().run_forever()
  File "C:\Users\soumy\AppData\Local\Programs\Python\Python312\Lib\asyncio\base_events.py", line 645, in run_forever
    self._run_once()
    │    └ <function BaseEventLoop._run_once at 0x0000027903800D60>
    └ <ProactorEventLoop running=True closed=False debug=False>
  File "C:\Users\soumy\AppData\Local\Programs\Python\Python312\Lib\asyncio\base_events.py", line 1999, in _run_once
    handle._run()
    │      └ <function Handle._run at 0x0000027903742DE0>
    └ <Handle Task.task_wakeup(<Future finished result=None>)>
  File "C:\Users\soumy\AppData\Local\Programs\Python\Python312\Lib\asyncio\events.py", line 88, in _run
    self._context.run(self._callback, *self._args)
    │    │            │    │           │    └ <member '_args' of 'Handle' objects>
    │    │            │    │           └ <Handle Task.task_wakeup(<Future finished result=None>)>
    │    │            │    └ <member '_callback' of 'Handle' objects>
    │    │            └ <Handle Task.task_wakeup(<Future finished result=None>)>
    │    └ <member '_context' of 'Handle' objects>
    └ <Handle Task.task_wakeup(<Future finished result=None>)>
> File "C:\Users\soumy\AppData\Local\Programs\Python\Python312\Lib\site-packages\uvicorn\protocols\http\httptools_impl.py", line 401, in run_asgi
    result = await app(  # type: ignore[func-returns-value]
                   └ <uvicorn.middleware.proxy_headers.ProxyHeadersMiddleware object at 0x000002790409E300>
  File "C:\Users\soumy\AppData\Local\Programs\Python\Python312\Lib\site-packages\uvicorn\middleware\proxy_headers.py", line 70, in __call__
    return await self.app(scope, receive, send)
                 │    │   │      │        └ <bound method RequestResponseCycle.send of <uvicorn.protocols.http.httptools_impl.RequestResponseCycle object at 0x0000027939...
                 │    │   │      └ <bound method RequestResponseCycle.receive of <uvicorn.protocols.http.httptools_impl.RequestResponseCycle object at 0x0000027...
                 │    │   └ {'type': 'http', 'asgi': {'version': '3.0', 'spec_version': '2.4'}, 'http_version': '1.1', 'server': ('127.0.0.1', 8000), 'cl...
                 │    └ <fastapi.applications.FastAPI object at 0x00000279067F17F0>
                 └ <uvicorn.middleware.proxy_headers.ProxyHeadersMiddleware object at 0x000002790409E300>
  File "C:\Users\soumy\AppData\Local\Programs\Python\Python312\Lib\site-packages\fastapi\applications.py", line 1163, in __call__
    await super().__call__(scope, receive, send)
                           │      │        └ <bound method RequestResponseCycle.send of <uvicorn.protocols.http.httptools_impl.RequestResponseCycle object at 0x0000027939...
                           │      └ <bound method RequestResponseCycle.receive of <uvicorn.protocols.http.httptools_impl.RequestResponseCycle object at 0x0000027...
                           └ {'type': 'http', 'asgi': {'version': '3.0', 'spec_version': '2.4'}, 'http_version': '1.1', 'server': ('127.0.0.1', 8000), 'cl...
  File "C:\Users\soumy\AppData\Local\Programs\Python\Python312\Lib\site-packages\starlette\applications.py", line 107, in __call__
    await self.middleware_stack(scope, receive, send)
          │    │                │      │        └ <bound method RequestResponseCycle.send of <uvicorn.protocols.http.httptools_impl.RequestResponseCycle object at 0x0000027939...
          │    │                │      └ <bound method RequestResponseCycle.receive of <uvicorn.protocols.http.httptools_impl.RequestResponseCycle object at 0x0000027...
          │    │                └ {'type': 'http', 'asgi': {'version': '3.0', 'spec_version': '2.4'}, 'http_version': '1.1', 'server': ('127.0.0.1', 8000), 'cl...
          │    └ <starlette.middleware.errors.ServerErrorMiddleware object at 0x00000279372EE300>
          └ <fastapi.applications.FastAPI object at 0x00000279067F17F0>
  File "C:\Users\soumy\AppData\Local\Programs\Python\Python312\Lib\site-packages\starlette\middleware\errors.py", line 186, in __call__
    raise exc
  File "C:\Users\soumy\AppData\Local\Programs\Python\Python312\Lib\site-packages\starlette\middleware\errors.py", line 164, in __call__
    await self.app(scope, receive, _send)
          │    │   │      │        └ <function ServerErrorMiddleware.__call__.<locals>._send at 0x0000027939BDB920>
          │    │   │      └ <bound method RequestResponseCycle.receive of <uvicorn.protocols.http.httptools_impl.RequestResponseCycle object at 0x0000027...
          │    │   └ {'type': 'http', 'asgi': {'version': '3.0', 'spec_version': '2.4'}, 'http_version': '1.1', 'server': ('127.0.0.1', 8000), 'cl...
          │    └ <starlette.middleware.base.BaseHTTPMiddleware object at 0x00000279379B7470>
          └ <starlette.middleware.errors.ServerErrorMiddleware object at 0x00000279372EE300>
  File "C:\Users\soumy\AppData\Local\Programs\Python\Python312\Lib\site-packages\starlette\middleware\base.py", line 191, in __call__
    with recv_stream, send_stream, collapse_excgroups():
         │            │            └ <function collapse_excgroups at 0x0000027905046980>
         │            └ MemoryObjectSendStream(_state=_MemoryObjectStreamState(max_buffer_size=0, buffer=deque([]), open_send_channels=0, open_receiv...
         └ MemoryObjectReceiveStream(_state=_MemoryObjectStreamState(max_buffer_size=0, buffer=deque([]), open_send_channels=0, open_rec...
  File "C:\Users\soumy\AppData\Local\Programs\Python\Python312\Lib\contextlib.py", line 158, in __exit__
    self.gen.throw(value)
    │    │   │     └ ExceptionGroup('unhandled errors in a TaskGroup', [ValueError('Out of range float values are not JSON compliant: nan')])
    │    │   └ <method 'throw' of 'generator' objects>
    │    └ <generator object collapse_excgroups at 0x00000279399D1D80>
    └ <contextlib._GeneratorContextManager object at 0x0000027939A1D970>
  File "C:\Users\soumy\AppData\Local\Programs\Python\Python312\Lib\site-packages\starlette\_utils.py", line 87, in collapse_excgroups
    raise exc
  File "C:\Users\soumy\AppData\Local\Programs\Python\Python312\Lib\site-packages\starlette\middleware\base.py", line 193, in __call__
    response = await self.dispatch_func(request, call_next)
                     │    │             │        └ <function BaseHTTPMiddleware.__call__.<locals>.call_next at 0x0000027939BDBBA0>
                     │    │             └ <starlette.middleware.base._CachedRequest object at 0x0000027939A1DB80>
                     │    └ <function log_requests at 0x00000279051C05E0>
                     └ <starlette.middleware.base.BaseHTTPMiddleware object at 0x00000279379B7470>

  File "C:\Users\soumy\OneDrive\Desktop\Project\lca_platform\backend\app\main.py", line 56, in log_requests
    response = await call_next(request)
                     │         └ <starlette.middleware.base._CachedRequest object at 0x0000027939A1DB80>
                     └ <function BaseHTTPMiddleware.__call__.<locals>.call_next at 0x0000027939BDBBA0>

  File "C:\Users\soumy\AppData\Local\Programs\Python\Python312\Lib\site-packages\starlette\middleware\base.py", line 168, in call_next
    raise app_exc from app_exc.__cause__ or app_exc.__context__
          │            │       │            │       └ <attribute '__context__' of 'BaseException' objects>
          │            │       │            └ ValueError('Out of range float values are not JSON compliant: nan')
          │            │       └ <attribute '__cause__' of 'BaseException' objects>
          │            └ ValueError('Out of range float values are not JSON compliant: nan')
          └ ValueError('Out of range float values are not JSON compliant: nan')
  File "C:\Users\soumy\AppData\Local\Programs\Python\Python312\Lib\site-packages\starlette\middleware\base.py", line 144, in coro
    await self.app(scope, receive_or_disconnect, send_no_error)
          │    │   │      │                      └ <function BaseHTTPMiddleware.__call__.<locals>.call_next.<locals>.send_no_error at 0x0000027939BDB740>
          │    │   │      └ <function BaseHTTPMiddleware.__call__.<locals>.call_next.<locals>.receive_or_disconnect at 0x0000027939BDBA60>
          │    │   └ {'type': 'http', 'asgi': {'version': '3.0', 'spec_version': '2.4'}, 'http_version': '1.1', 'server': ('127.0.0.1', 8000), 'cl...
          │    └ <starlette.middleware.cors.CORSMiddleware object at 0x000002793760B230>
          └ <starlette.middleware.base.BaseHTTPMiddleware object at 0x00000279379B7470>
  File "C:\Users\soumy\AppData\Local\Programs\Python\Python312\Lib\site-packages\starlette\middleware\cors.py", line 87, in __call__
    await self.app(scope, receive, send)
          │    │   │      │        └ <function BaseHTTPMiddleware.__call__.<locals>.call_next.<locals>.send_no_error at 0x0000027939BDB740>
          │    │   │      └ <function BaseHTTPMiddleware.__call__.<locals>.call_next.<locals>.receive_or_disconnect at 0x0000027939BDBA60>
          │    │   └ {'type': 'http', 'asgi': {'version': '3.0', 'spec_version': '2.4'}, 'http_version': '1.1', 'server': ('127.0.0.1', 8000), 'cl...
          │    └ <starlette.middleware.exceptions.ExceptionMiddleware object at 0x00000279379DDB80>
          └ <starlette.middleware.cors.CORSMiddleware object at 0x000002793760B230>
  File "C:\Users\soumy\AppData\Local\Programs\Python\Python312\Lib\site-packages\starlette\middleware\exceptions.py", line 63, in __call__
    await wrap_app_handling_exceptions(self.app, conn)(scope, receive, send)
          │                            │    │    │     │      │        └ <function BaseHTTPMiddleware.__call__.<locals>.call_next.<locals>.send_no_error at 0x0000027939BDB740>
          │                            │    │    │     │      └ <function BaseHTTPMiddleware.__call__.<locals>.call_next.<locals>.receive_or_disconnect at 0x0000027939BDBA60>
          │                            │    │    │     └ {'type': 'http', 'asgi': {'version': '3.0', 'spec_version': '2.4'}, 'http_version': '1.1', 'server': ('127.0.0.1', 8000), 'cl...
          │                            │    │    └ <starlette.requests.Request object at 0x0000027939A1DCD0>
          │                            │    └ <fastapi.middleware.asyncexitstack.AsyncExitStackMiddleware object at 0x00000279362A3260>
          │                            └ <starlette.middleware.exceptions.ExceptionMiddleware object at 0x00000279379DDB80>
          └ <function wrap_app_handling_exceptions at 0x00000279050DA8E0>
  File "C:\Users\soumy\AppData\Local\Programs\Python\Python312\Lib\site-packages\starlette\_exception_handler.py", line 53, in wrapped_app
    raise exc
  File "C:\Users\soumy\AppData\Local\Programs\Python\Python312\Lib\site-packages\starlette\_exception_handler.py", line 42, in wrapped_app
    await app(scope, receive, sender)
          │   │      │        └ <function wrap_app_handling_exceptions.<locals>.wrapped_app.<locals>.sender at 0x0000027939BDBEC0>
          │   │      └ <function BaseHTTPMiddleware.__call__.<locals>.call_next.<locals>.receive_or_disconnect at 0x0000027939BDBA60>
          │   └ {'type': 'http', 'asgi': {'version': '3.0', 'spec_version': '2.4'}, 'http_version': '1.1', 'server': ('127.0.0.1', 8000), 'cl...
          └ <fastapi.middleware.asyncexitstack.AsyncExitStackMiddleware object at 0x00000279362A3260>
  File "C:\Users\soumy\AppData\Local\Programs\Python\Python312\Lib\site-packages\fastapi\middleware\asyncexitstack.py", line 18, in __call__
    await self.app(scope, receive, send)
          │    │   │      │        └ <function wrap_app_handling_exceptions.<locals>.wrapped_app.<locals>.sender at 0x0000027939BDBEC0>
          │    │   │      └ <function BaseHTTPMiddleware.__call__.<locals>.call_next.<locals>.receive_or_disconnect at 0x0000027939BDBA60>
          │    │   └ {'type': 'http', 'asgi': {'version': '3.0', 'spec_version': '2.4'}, 'http_version': '1.1', 'server': ('127.0.0.1', 8000), 'cl...
          │    └ <fastapi.routing.APIRouter object at 0x0000027906C32C90>
          └ <fastapi.middleware.asyncexitstack.AsyncExitStackMiddleware object at 0x00000279362A3260>
  File "C:\Users\soumy\AppData\Local\Programs\Python\Python312\Lib\site-packages\starlette\routing.py", line 716, in __call__
    await self.middleware_stack(scope, receive, send)
          │    │                │      │        └ <function wrap_app_handling_exceptions.<locals>.wrapped_app.<locals>.sender at 0x0000027939BDBEC0>
          │    │                │      └ <function BaseHTTPMiddleware.__call__.<locals>.call_next.<locals>.receive_or_disconnect at 0x0000027939BDBA60>
          │    │                └ {'type': 'http', 'asgi': {'version': '3.0', 'spec_version': '2.4'}, 'http_version': '1.1', 'server': ('127.0.0.1', 8000), 'cl...
          │    └ <bound method APIRouter.app of <fastapi.routing.APIRouter object at 0x0000027906C32C90>>
          └ <fastapi.routing.APIRouter object at 0x0000027906C32C90>
  File "C:\Users\soumy\AppData\Local\Programs\Python\Python312\Lib\site-packages\fastapi\routing.py", line 2531, in app
    await route.handle(scope, receive, send)
          │     │      │      │        └ <function wrap_app_handling_exceptions.<locals>.wrapped_app.<locals>.sender at 0x0000027939BDBEC0>
          │     │      │      └ <function BaseHTTPMiddleware.__call__.<locals>.call_next.<locals>.receive_or_disconnect at 0x0000027939BDBA60>
          │     │      └ {'type': 'http', 'asgi': {'version': '3.0', 'spec_version': '2.4'}, 'http_version': '1.1', 'server': ('127.0.0.1', 8000), 'cl...
          │     └ <function _IncludedRouter.handle at 0x000002790511D260>
          └ _IncludedRouter(original_router=<fastapi.routing.APIRouter object at 0x0000027906FD7860>, include_context=_RouterIncludeConte...
  File "C:\Users\soumy\AppData\Local\Programs\Python\Python312\Lib\site-packages\fastapi\routing.py", line 1700, in handle
    await self.original_router.handle(scope, receive, send)
          │    │               │      │      │        └ <function wrap_app_handling_exceptions.<locals>.wrapped_app.<locals>.sender at 0x0000027939BDBEC0>
          │    │               │      │      └ <function BaseHTTPMiddleware.__call__.<locals>.call_next.<locals>.receive_or_disconnect at 0x0000027939BDBA60>
          │    │               │      └ {'type': 'http', 'asgi': {'version': '3.0', 'spec_version': '2.4'}, 'http_version': '1.1', 'server': ('127.0.0.1', 8000), 'cl...
          │    │               └ <function APIRouter.handle at 0x000002790511EFC0>
          │    └ <fastapi.routing.APIRouter object at 0x0000027906FD7860>
          └ _IncludedRouter(original_router=<fastapi.routing.APIRouter object at 0x0000027906FD7860>, include_context=_RouterIncludeConte...
  File "C:\Users\soumy\AppData\Local\Programs\Python\Python312\Lib\site-packages\fastapi\routing.py", line 2586, in handle
    await included_router._handle_selected(scope, receive, send)
          │               │                │      │        └ <function wrap_app_handling_exceptions.<locals>.wrapped_app.<locals>.sender at 0x0000027939BDBEC0>
          │               │                │      └ <function BaseHTTPMiddleware.__call__.<locals>.call_next.<locals>.receive_or_disconnect at 0x0000027939BDBA60>
          │               │                └ {'type': 'http', 'asgi': {'version': '3.0', 'spec_version': '2.4'}, 'http_version': '1.1', 'server': ('127.0.0.1', 8000), 'cl...
          │               └ <function _IncludedRouter._handle_selected at 0x000002790511D300>
          └ _IncludedRouter(original_router=<fastapi.routing.APIRouter object at 0x0000027906FD7860>, include_context=_RouterIncludeConte...
  File "C:\Users\soumy\AppData\Local\Programs\Python\Python312\Lib\site-packages\fastapi\routing.py", line 1720, in _handle_selected
    await original_route.handle(scope, receive, send)
          │              │      │      │        └ <function wrap_app_handling_exceptions.<locals>.wrapped_app.<locals>.sender at 0x0000027939BDBEC0>
          │              │      │      └ <function BaseHTTPMiddleware.__call__.<locals>.call_next.<locals>.receive_or_disconnect at 0x0000027939BDBA60>
          │              │      └ {'type': 'http', 'asgi': {'version': '3.0', 'spec_version': '2.4'}, 'http_version': '1.1', 'server': ('127.0.0.1', 8000), 'cl...
          │              └ <function APIRoute.handle at 0x000002790510B380>
          └ APIRoute(path='/datasets/{name}/sample', name='get_dataset_sample', methods=['GET'])
  File "C:\Users\soumy\AppData\Local\Programs\Python\Python312\Lib\site-packages\fastapi\routing.py", line 1239, in handle
    await app(scope, receive, send)
          │   │      │        └ <function wrap_app_handling_exceptions.<locals>.wrapped_app.<locals>.sender at 0x0000027939BDBEC0>
          │   │      └ <function BaseHTTPMiddleware.__call__.<locals>.call_next.<locals>.receive_or_disconnect at 0x0000027939BDBA60>
          │   └ {'type': 'http', 'asgi': {'version': '3.0', 'spec_version': '2.4'}, 'http_version': '1.1', 'server': ('127.0.0.1', 8000), 'cl...
          └ <function request_response.<locals>.app at 0x0000027939D28180>
  File "C:\Users\soumy\AppData\Local\Programs\Python\Python312\Lib\site-packages\fastapi\routing.py", line 150, in app
    await wrap_app_handling_exceptions(app, request)(scope, receive, send)
          │                            │    │        │      │        └ <function wrap_app_handling_exceptions.<locals>.wrapped_app.<locals>.sender at 0x0000027939BDBEC0>
          │                            │    │        │      └ <function BaseHTTPMiddleware.__call__.<locals>.call_next.<locals>.receive_or_disconnect at 0x0000027939BDBA60>
          │                            │    │        └ {'type': 'http', 'asgi': {'version': '3.0', 'spec_version': '2.4'}, 'http_version': '1.1', 'server': ('127.0.0.1', 8000), 'cl...
          │                            │    └ <starlette.requests.Request object at 0x0000027939A1E2D0>
          │                            └ <function request_response.<locals>.app.<locals>.app at 0x0000027939D280E0>
          └ <function wrap_app_handling_exceptions at 0x00000279050DA8E0>
  File "C:\Users\soumy\AppData\Local\Programs\Python\Python312\Lib\site-packages\starlette\_exception_handler.py", line 53, in wrapped_app
    raise exc
  File "C:\Users\soumy\AppData\Local\Programs\Python\Python312\Lib\site-packages\starlette\_exception_handler.py", line 42, in wrapped_app
    await app(scope, receive, sender)
          │   │      │        └ <function wrap_app_handling_exceptions.<locals>.wrapped_app.<locals>.sender at 0x0000027939D28220>
          │   │      └ <function BaseHTTPMiddleware.__call__.<locals>.call_next.<locals>.receive_or_disconnect at 0x0000027939BDBA60>
          │   └ {'type': 'http', 'asgi': {'version': '3.0', 'spec_version': '2.4'}, 'http_version': '1.1', 'server': ('127.0.0.1', 8000), 'cl...
          └ <function request_response.<locals>.app.<locals>.app at 0x0000027939D280E0>
  File "C:\Users\soumy\AppData\Local\Programs\Python\Python312\Lib\site-packages\fastapi\routing.py", line 136, in app
    response = await f(request)
                     │ └ <starlette.requests.Request object at 0x0000027939A1E2D0>
                     └ <function get_request_handler.<locals>.app at 0x0000027939D28360>
  File "C:\Users\soumy\AppData\Local\Programs\Python\Python312\Lib\site-packages\fastapi\routing.py", line 731, in app
    response = actual_response_class(content, **response_args)
               │                     │          └ {'background': None}
               │                     └ {'name': 'mining_projects', 'sample': [{'project_no': 1, 'deposit_no': 1.0, 'company': 'Lynas Rare Earths', 'project_name': '...
               └ <class 'starlette.responses.JSONResponse'>
  File "C:\Users\soumy\AppData\Local\Programs\Python\Python312\Lib\site-packages\starlette\responses.py", line 189, in __init__
    super().__init__(content, status_code, headers, media_type, background)
                     │        │            │        │           └ None
                     │        │            │        └ None
                     │        │            └ None
                     │        └ 200
                     └ {'name': 'mining_projects', 'sample': [{'project_no': 1, 'deposit_no': 1.0, 'company': 'Lynas Rare Earths', 'project_name': '...
  File "C:\Users\soumy\AppData\Local\Programs\Python\Python312\Lib\site-packages\starlette\responses.py", line 46, in __init__
    self.body = self.render(content)
    │           │    │      └ {'name': 'mining_projects', 'sample': [{'project_no': 1, 'deposit_no': 1.0, 'company': 'Lynas Rare Earths', 'project_name': '...
    │           │    └ <function JSONResponse.render at 0x00000279050C1260>
    │           └ <starlette.responses.JSONResponse object at 0x00000279399FADE0>
    └ <starlette.responses.JSONResponse object at 0x00000279399FADE0>
  File "C:\Users\soumy\AppData\Local\Programs\Python\Python312\Lib\site-packages\starlette\responses.py", line 192, in render
    return json.dumps(
           │    └ <function dumps at 0x00000279038B85E0>
           └ <module 'json' from 'C:\\Users\\soumy\\AppData\\Local\\Programs\\Python\\Python312\\Lib\\json\\__init__.py'>
  File "C:\Users\soumy\AppData\Local\Programs\Python\Python312\Lib\json\__init__.py", line 238, in dumps
    **kw).encode(obj)
      │          └ {'name': 'mining_projects', 'sample': [{'project_no': 1, 'deposit_no': 1.0, 'company': 'Lynas Rare Earths', 'project_name': '...
      └ {}
  File "C:\Users\soumy\AppData\Local\Programs\Python\Python312\Lib\json\encoder.py", line 200, in encode
    chunks = self.iterencode(o, _one_shot=True)
             │    │          └ {'name': 'mining_projects', 'sample': [{'project_no': 1, 'deposit_no': 1.0, 'company': 'Lynas Rare Earths', 'project_name': '...
             │    └ <function JSONEncoder.iterencode at 0x00000279038B9120>
             └ <json.encoder.JSONEncoder object at 0x0000027939A1E810>
  File "C:\Users\soumy\AppData\Local\Programs\Python\Python312\Lib\json\encoder.py", line 258, in iterencode
    return _iterencode(o, 0)
           │           └ {'name': 'mining_projects', 'sample': [{'project_no': 1, 'deposit_no': 1.0, 'company': 'Lynas Rare Earths', 'project_name': '...
           └ <_json.Encoder object at 0x0000027939CFA320>

ValueError: Out of range float values are not JSON compliant: nan
2026-07-26 18:01:51 | INFO     | backend.app.pipeline.data_loader:load_mining_projects:25 - Loading mining projects from C:\Users\soumy\OneDrive\Desktop\Project\Global Rare Earth Elements Projects\mining_projects.csv
2026-07-26 18:01:51 | INFO     | backend.app.pipeline.data_loader:load_mining_projects:89 - Loaded mining projects: 146 rows, 51 columns
2026-07-26 18:01:51 | INFO     | backend.app.pipeline.data_loader:load_factory:95 - Loading factory data from C:\Users\soumy\OneDrive\Desktop\Project\Global Rare Earth Elements Projects\factory.csv
2026-07-26 18:01:51 | ERROR    | backend.app.pipeline.data_loader:load_all_datasets:289 - Failed to load factory: could not convert string to float: '.'
2026-07-26 18:01:51 | INFO     | backend.app.pipeline.data_loader:load_facilities_gpkg:176 - Loading facilities from C:\Users\soumy\OneDrive\Desktop\Project\Open Database on Global Coal and Metal Mining\data\facilities.gpkg
2026-07-26 18:01:51 | WARNING  | backend.app.pipeline.data_loader:load_facilities_gpkg:184 - Could not load geopackage: y attribute access only provided for Point geometries. Falling back to CSV approach.
2026-07-26 18:01:51 | INFO     | backend.app.pipeline.data_loader:load_open_db_table:190 - Loading commodities.csv
2026-07-26 18:01:51 | INFO     | backend.app.pipeline.data_loader:load_open_db_table:192 - Loaded commodities.csv: 9426 rows, 16 columns
2026-07-26 18:01:51 | INFO     | backend.app.pipeline.data_loader:load_open_db_table:190 - Loading minerals.csv
2026-07-26 18:01:51 | INFO     | backend.app.pipeline.data_loader:load_open_db_table:192 - Loaded minerals.csv: 12292 rows, 12 columns
2026-07-26 18:01:51 | INFO     | backend.app.pipeline.data_loader:load_open_db_table:190 - Loading coal.csv
2026-07-26 18:01:51 | INFO     | backend.app.pipeline.data_loader:load_open_db_table:192 - Loaded coal.csv: 10478 rows, 10 columns
2026-07-26 18:01:51 | INFO     | backend.app.pipeline.data_loader:load_open_db_table:190 - Loading processing.csv
2026-07-26 18:01:51 | INFO     | backend.app.pipeline.data_loader:load_open_db_table:192 - Loaded processing.csv: 3979 rows, 16 columns
2026-07-26 18:01:51 | INFO     | backend.app.pipeline.data_loader:load_open_db_table:190 - Loading waste.csv
2026-07-26 18:01:51 | INFO     | backend.app.pipeline.data_loader:load_open_db_table:192 - Loaded waste.csv: 1119 rows, 13 columns
2026-07-26 18:01:51 | INFO     | backend.app.pipeline.data_loader:load_open_db_table:190 - Loading transport.csv
2026-07-26 18:01:51 | INFO     | backend.app.pipeline.data_loader:load_open_db_table:192 - Loaded transport.csv: 941 rows, 12 columns
2026-07-26 18:01:51 | INFO     | backend.app.pipeline.data_loader:load_open_db_table:190 - Loading reserves.csv
2026-07-26 18:01:51 | INFO     | backend.app.pipeline.data_loader:load_open_db_table:192 - Loaded reserves.csv: 1039 rows, 10 columns
2026-07-26 18:01:51 | INFO     | backend.app.pipeline.data_loader:load_open_db_table:190 - Loading ownership.csv
2026-07-26 18:01:51 | INFO     | backend.app.pipeline.data_loader:load_open_db_table:192 - Loaded ownership.csv: 699 rows, 7 columns
2026-07-26 18:01:51 | INFO     | backend.app.pipeline.data_loader:load_open_db_table:190 - Loading capacity.csv
2026-07-26 18:01:51 | INFO     | backend.app.pipeline.data_loader:load_open_db_table:192 - Loaded capacity.csv: 163 rows, 8 columns
2026-07-26 18:01:51 | INFO     | backend.app.pipeline.data_loader:load_open_db_table:190 - Loading material_ids.csv
2026-07-26 18:01:51 | INFO     | backend.app.pipeline.data_loader:load_open_db_table:192 - Loaded material_ids.csv: 294 rows, 7 columns
2026-07-26 18:01:51 | INFO     | backend.app.pipeline.data_loader:load_open_db_table:190 - Loading source_ids.csv
2026-07-26 18:01:51 | INFO     | backend.app.pipeline.data_loader:load_open_db_table:192 - Loaded source_ids.csv: 2483 rows, 3 columns
2026-07-26 18:01:51 | INFO     | backend.app.pipeline.data_loader:load_world_commodities:242 - Loading world commodities from C:\Users\soumy\OneDrive\Desktop\Project\World Mining Commodities\world_mining_commodities_clean.csv
2026-07-26 18:01:51 | INFO     | backend.app.pipeline.data_loader:load_world_commodities:244 - Loaded world commodities: 1982 rows
2026-07-26 18:01:51 | INFO     | backend.app.pipeline.data_loader:load_world_companies:250 - Loading world companies from C:\Users\soumy\OneDrive\Desktop\Project\World Mining Commodities\116_world_mining_companies_clean.csv
2026-07-26 18:01:51 | INFO     | backend.app.pipeline.data_loader:load_world_companies:252 - Loaded world companies: 116 rows
2026-07-26 18:01:51 | INFO     | backend.app.pipeline.data_loader:load_commodity_info:258 - Loading commodity info from C:\Users\soumy\OneDrive\Desktop\Project\World Mining Commodities\commodity_info.xlsx
2026-07-26 18:01:51 | INFO     | backend.app.pipeline.data_loader:load_commodity_info:260 - Loaded commodity info: 65 rows
2026-07-26 18:03:14 | DEBUG    | passlib.utils.compat:__getattr__:449 - loaded lazy attr 'SafeConfigParser': <class 'configparser.ConfigParser'>
2026-07-26 18:03:14 | DEBUG    | passlib.utils.compat:__getattr__:449 - loaded lazy attr 'NativeStringIO': <class '_io.StringIO'>
2026-07-26 18:03:14 | DEBUG    | passlib.utils.compat:__getattr__:449 - loaded lazy attr 'BytesIO': <class '_io.BytesIO'>
2026-07-26 18:03:15 | DEBUG    | passlib.registry:register_crypt_handler:296 - registered 'bcrypt' handler: <class 'passlib.handlers.bcrypt.bcrypt'>
2026-07-26 18:03:16 | INFO     | uvicorn.server:_serve:82 - Started server process [12884]
2026-07-26 18:03:16 | INFO     | uvicorn.lifespan.on:startup:48 - Waiting for application startup.
2026-07-26 18:03:16 | INFO     | backend.app.main:lifespan:24 - Starting LCA Platform application
2026-07-26 18:03:16 | INFO     | backend.app.main:lifespan:26 - Database initialized
2026-07-26 18:03:16 | INFO     | backend.app.pipeline.data_loader:load_mining_projects:25 - Loading mining projects from C:\Users\soumy\OneDrive\Desktop\Project\Global Rare Earth Elements Projects\mining_projects.csv
2026-07-26 18:03:16 | INFO     | backend.app.pipeline.data_loader:load_mining_projects:89 - Loaded mining projects: 146 rows, 51 columns
2026-07-26 18:03:16 | INFO     | backend.app.pipeline.data_loader:load_factory:95 - Loading factory data from C:\Users\soumy\OneDrive\Desktop\Project\Global Rare Earth Elements Projects\factory.csv
2026-07-26 18:03:16 | INFO     | backend.app.pipeline.data_loader:load_factory:134 - Loaded factory data: 67 rows
2026-07-26 18:03:16 | INFO     | backend.app.pipeline.data_loader:load_facilities_gpkg:182 - Loading facilities from C:\Users\soumy\OneDrive\Desktop\Project\Open Database on Global Coal and Metal Mining\data\facilities.gpkg
2026-07-26 18:03:16 | WARNING  | backend.app.pipeline.data_loader:load_facilities_gpkg:190 - Could not load geopackage: y attribute access only provided for Point geometries. Falling back to CSV approach.
2026-07-26 18:03:16 | INFO     | backend.app.pipeline.data_loader:load_open_db_table:196 - Loading commodities.csv
2026-07-26 18:03:16 | INFO     | backend.app.pipeline.data_loader:load_open_db_table:198 - Loaded commodities.csv: 9426 rows, 16 columns
2026-07-26 18:03:16 | INFO     | backend.app.pipeline.data_loader:load_open_db_table:196 - Loading minerals.csv
2026-07-26 18:03:16 | INFO     | backend.app.pipeline.data_loader:load_open_db_table:198 - Loaded minerals.csv: 12292 rows, 12 columns
2026-07-26 18:03:16 | INFO     | backend.app.pipeline.data_loader:load_open_db_table:196 - Loading coal.csv
2026-07-26 18:03:16 | INFO     | backend.app.pipeline.data_loader:load_open_db_table:198 - Loaded coal.csv: 10478 rows, 10 columns
2026-07-26 18:03:16 | INFO     | backend.app.pipeline.data_loader:load_open_db_table:196 - Loading processing.csv
2026-07-26 18:03:16 | INFO     | backend.app.pipeline.data_loader:load_open_db_table:198 - Loaded processing.csv: 3979 rows, 16 columns
2026-07-26 18:03:16 | INFO     | backend.app.pipeline.data_loader:load_open_db_table:196 - Loading waste.csv
2026-07-26 18:03:16 | INFO     | backend.app.pipeline.data_loader:load_open_db_table:198 - Loaded waste.csv: 1119 rows, 13 columns
2026-07-26 18:03:16 | INFO     | backend.app.pipeline.data_loader:load_open_db_table:196 - Loading transport.csv
2026-07-26 18:03:16 | INFO     | backend.app.pipeline.data_loader:load_open_db_table:198 - Loaded transport.csv: 941 rows, 12 columns
2026-07-26 18:03:16 | INFO     | backend.app.pipeline.data_loader:load_open_db_table:196 - Loading reserves.csv
2026-07-26 18:03:16 | INFO     | backend.app.pipeline.data_loader:load_open_db_table:198 - Loaded reserves.csv: 1039 rows, 10 columns
2026-07-26 18:03:16 | INFO     | backend.app.pipeline.data_loader:load_open_db_table:196 - Loading ownership.csv
2026-07-26 18:03:16 | INFO     | backend.app.pipeline.data_loader:load_open_db_table:198 - Loaded ownership.csv: 699 rows, 7 columns
2026-07-26 18:03:16 | INFO     | backend.app.pipeline.data_loader:load_open_db_table:196 - Loading capacity.csv
2026-07-26 18:03:16 | INFO     | backend.app.pipeline.data_loader:load_open_db_table:198 - Loaded capacity.csv: 163 rows, 8 columns
2026-07-26 18:03:16 | INFO     | backend.app.pipeline.data_loader:load_open_db_table:196 - Loading material_ids.csv
2026-07-26 18:03:16 | INFO     | backend.app.pipeline.data_loader:load_open_db_table:198 - Loaded material_ids.csv: 294 rows, 7 columns
2026-07-26 18:03:16 | INFO     | backend.app.pipeline.data_loader:load_open_db_table:196 - Loading source_ids.csv
2026-07-26 18:03:16 | INFO     | backend.app.pipeline.data_loader:load_open_db_table:198 - Loaded source_ids.csv: 2483 rows, 3 columns
2026-07-26 18:03:16 | INFO     | backend.app.pipeline.data_loader:load_world_commodities:248 - Loading world commodities from C:\Users\soumy\OneDrive\Desktop\Project\World Mining Commodities\world_mining_commodities_clean.csv
2026-07-26 18:03:16 | INFO     | backend.app.pipeline.data_loader:load_world_commodities:250 - Loaded world commodities: 1982 rows
2026-07-26 18:03:16 | INFO     | backend.app.pipeline.data_loader:load_world_companies:256 - Loading world companies from C:\Users\soumy\OneDrive\Desktop\Project\World Mining Commodities\116_world_mining_companies_clean.csv
2026-07-26 18:03:16 | INFO     | backend.app.pipeline.data_loader:load_world_companies:258 - Loaded world companies: 116 rows
2026-07-26 18:03:16 | INFO     | backend.app.pipeline.data_loader:load_commodity_info:264 - Loading commodity info from C:\Users\soumy\OneDrive\Desktop\Project\World Mining Commodities\commodity_info.xlsx
2026-07-26 18:03:16 | INFO     | backend.app.pipeline.data_loader:load_commodity_info:266 - Loaded commodity info: 65 rows
2026-07-26 18:03:16 | INFO     | backend.app.main:lifespan:30 - Datasets loaded successfully
2026-07-26 18:03:16 | INFO     | uvicorn.lifespan.on:startup:62 - Application startup complete.
2026-07-26 18:03:16 | INFO     | uvicorn.server:_log_started_message:214 - Uvicorn running on http://0.0.0.0:8000 (Press CTRL+C to quit)
2026-07-26 18:03:26 | DEBUG    | backend.app.main:log_requests:58 - GET /health -> 200 (0.002s)
2026-07-26 18:03:26 | INFO     | uvicorn.protocols.http.httptools_impl:send:468 - 127.0.0.1:51128 - "GET /health HTTP/1.1" 200
2026-07-26 18:03:26 | DEBUG    | backend.app.main:log_requests:58 - GET / -> 200 (0.012s)
2026-07-26 18:03:26 | INFO     | uvicorn.protocols.http.httptools_impl:send:468 - 127.0.0.1:51128 - "GET / HTTP/1.1" 200
2026-07-26 18:03:26 | DEBUG    | backend.app.main:log_requests:58 - GET /api/v1/datasets/ -> 200 (0.079s)
2026-07-26 18:03:26 | INFO     | uvicorn.protocols.http.httptools_impl:send:468 - 127.0.0.1:51128 - "GET /api/v1/datasets/ HTTP/1.1" 200
2026-07-26 18:03:26 | DEBUG    | backend.app.main:log_requests:58 - GET /api/v1/datasets/mining_projects -> 200 (0.004s)
2026-07-26 18:03:26 | INFO     | uvicorn.protocols.http.httptools_impl:send:468 - 127.0.0.1:51128 - "GET /api/v1/datasets/mining_projects HTTP/1.1" 200
2026-07-26 18:03:26 | DEBUG    | backend.app.main:log_requests:58 - GET /api/v1/datasets/mining_projects/sample -> 200 (0.006s)
2026-07-26 18:03:26 | INFO     | uvicorn.protocols.http.httptools_impl:send:468 - 127.0.0.1:51128 - "GET /api/v1/datasets/mining_projects/sample?rows=2 HTTP/1.1" 200
2026-07-26 18:03:26 | DEBUG    | backend.app.main:log_requests:58 - GET /api/v1/datasets/mining_projects/stats -> 200 (0.017s)
2026-07-26 18:03:26 | INFO     | uvicorn.protocols.http.httptools_impl:send:468 - 127.0.0.1:51128 - "GET /api/v1/datasets/mining_projects/stats HTTP/1.1" 200
2026-07-26 18:03:26 | DEBUG    | backend.app.main:log_requests:58 - GET /api/v1/predictions/models -> 200 (0.001s)
2026-07-26 18:03:26 | INFO     | uvicorn.protocols.http.httptools_impl:send:468 - 127.0.0.1:51128 - "GET /api/v1/predictions/models HTTP/1.1" 200
2026-07-26 18:04:18 | DEBUG    | passlib.utils.compat:__getattr__:449 - loaded lazy attr 'SafeConfigParser': <class 'configparser.ConfigParser'>
2026-07-26 18:04:18 | DEBUG    | passlib.utils.compat:__getattr__:449 - loaded lazy attr 'NativeStringIO': <class '_io.StringIO'>
2026-07-26 18:04:18 | DEBUG    | passlib.utils.compat:__getattr__:449 - loaded lazy attr 'BytesIO': <class '_io.BytesIO'>
2026-07-26 18:04:18 | DEBUG    | passlib.registry:register_crypt_handler:296 - registered 'bcrypt' handler: <class 'passlib.handlers.bcrypt.bcrypt'>
2026-07-26 18:04:19 | INFO     | uvicorn.server:_serve:82 - Started server process [5496]
2026-07-26 18:04:19 | INFO     | uvicorn.lifespan.on:startup:48 - Waiting for application startup.
2026-07-26 18:04:19 | INFO     | backend.app.main:lifespan:24 - Starting LCA Platform application
2026-07-26 18:04:19 | INFO     | backend.app.main:lifespan:26 - Database initialized
2026-07-26 18:04:19 | INFO     | backend.app.pipeline.data_loader:load_mining_projects:25 - Loading mining projects from C:\Users\soumy\OneDrive\Desktop\Project\Global Rare Earth Elements Projects\mining_projects.csv
2026-07-26 18:04:19 | INFO     | backend.app.pipeline.data_loader:load_mining_projects:89 - Loaded mining projects: 146 rows, 51 columns
2026-07-26 18:04:19 | INFO     | backend.app.pipeline.data_loader:load_factory:95 - Loading factory data from C:\Users\soumy\OneDrive\Desktop\Project\Global Rare Earth Elements Projects\factory.csv
2026-07-26 18:04:19 | INFO     | backend.app.pipeline.data_loader:load_factory:134 - Loaded factory data: 67 rows
2026-07-26 18:04:19 | INFO     | backend.app.pipeline.data_loader:load_facilities_gpkg:182 - Loading facilities from C:\Users\soumy\OneDrive\Desktop\Project\Open Database on Global Coal and Metal Mining\data\facilities.gpkg
2026-07-26 18:04:19 | WARNING  | backend.app.pipeline.data_loader:load_facilities_gpkg:190 - Could not load geopackage: y attribute access only provided for Point geometries. Falling back to CSV approach.
2026-07-26 18:04:19 | INFO     | backend.app.pipeline.data_loader:load_open_db_table:196 - Loading commodities.csv
2026-07-26 18:04:19 | INFO     | backend.app.pipeline.data_loader:load_open_db_table:198 - Loaded commodities.csv: 9426 rows, 16 columns
2026-07-26 18:04:19 | INFO     | backend.app.pipeline.data_loader:load_open_db_table:196 - Loading minerals.csv
2026-07-26 18:04:19 | INFO     | backend.app.pipeline.data_loader:load_open_db_table:198 - Loaded minerals.csv: 12292 rows, 12 columns
2026-07-26 18:04:19 | INFO     | backend.app.pipeline.data_loader:load_open_db_table:196 - Loading coal.csv
2026-07-26 18:04:19 | INFO     | backend.app.pipeline.data_loader:load_open_db_table:198 - Loaded coal.csv: 10478 rows, 10 columns
2026-07-26 18:04:19 | INFO     | backend.app.pipeline.data_loader:load_open_db_table:196 - Loading processing.csv
2026-07-26 18:04:19 | INFO     | backend.app.pipeline.data_loader:load_open_db_table:198 - Loaded processing.csv: 3979 rows, 16 columns
2026-07-26 18:04:19 | INFO     | backend.app.pipeline.data_loader:load_open_db_table:196 - Loading waste.csv
2026-07-26 18:04:19 | INFO     | backend.app.pipeline.data_loader:load_open_db_table:198 - Loaded waste.csv: 1119 rows, 13 columns
2026-07-26 18:04:19 | INFO     | backend.app.pipeline.data_loader:load_open_db_table:196 - Loading transport.csv
2026-07-26 18:04:19 | INFO     | backend.app.pipeline.data_loader:load_open_db_table:198 - Loaded transport.csv: 941 rows, 12 columns
2026-07-26 18:04:19 | INFO     | backend.app.pipeline.data_loader:load_open_db_table:196 - Loading reserves.csv
2026-07-26 18:04:19 | INFO     | backend.app.pipeline.data_loader:load_open_db_table:198 - Loaded reserves.csv: 1039 rows, 10 columns
2026-07-26 18:04:19 | INFO     | backend.app.pipeline.data_loader:load_open_db_table:196 - Loading ownership.csv
2026-07-26 18:04:19 | INFO     | backend.app.pipeline.data_loader:load_open_db_table:198 - Loaded ownership.csv: 699 rows, 7 columns
2026-07-26 18:04:19 | INFO     | backend.app.pipeline.data_loader:load_open_db_table:196 - Loading capacity.csv
2026-07-26 18:04:19 | INFO     | backend.app.pipeline.data_loader:load_open_db_table:198 - Loaded capacity.csv: 163 rows, 8 columns
2026-07-26 18:04:19 | INFO     | backend.app.pipeline.data_loader:load_open_db_table:196 - Loading material_ids.csv
2026-07-26 18:04:19 | INFO     | backend.app.pipeline.data_loader:load_open_db_table:198 - Loaded material_ids.csv: 294 rows, 7 columns
2026-07-26 18:04:19 | INFO     | backend.app.pipeline.data_loader:load_open_db_table:196 - Loading source_ids.csv
2026-07-26 18:04:19 | INFO     | backend.app.pipeline.data_loader:load_open_db_table:198 - Loaded source_ids.csv: 2483 rows, 3 columns
2026-07-26 18:04:19 | INFO     | backend.app.pipeline.data_loader:load_world_commodities:248 - Loading world commodities from C:\Users\soumy\OneDrive\Desktop\Project\World Mining Commodities\world_mining_commodities_clean.csv
2026-07-26 18:04:19 | INFO     | backend.app.pipeline.data_loader:load_world_commodities:250 - Loaded world commodities: 1982 rows
2026-07-26 18:04:19 | INFO     | backend.app.pipeline.data_loader:load_world_companies:256 - Loading world companies from C:\Users\soumy\OneDrive\Desktop\Project\World Mining Commodities\116_world_mining_companies_clean.csv
2026-07-26 18:04:19 | INFO     | backend.app.pipeline.data_loader:load_world_companies:258 - Loaded world companies: 116 rows
2026-07-26 18:04:19 | INFO     | backend.app.pipeline.data_loader:load_commodity_info:264 - Loading commodity info from C:\Users\soumy\OneDrive\Desktop\Project\World Mining Commodities\commodity_info.xlsx
2026-07-26 18:04:19 | INFO     | backend.app.pipeline.data_loader:load_commodity_info:266 - Loaded commodity info: 65 rows
2026-07-26 18:04:19 | INFO     | backend.app.main:lifespan:30 - Datasets loaded successfully
2026-07-26 18:04:19 | INFO     | uvicorn.lifespan.on:startup:62 - Application startup complete.
2026-07-26 18:04:19 | INFO     | uvicorn.server:_log_started_message:214 - Uvicorn running on http://0.0.0.0:8000 (Press CTRL+C to quit)
2026-07-26 18:04:31 | DEBUG    | backend.app.main:log_requests:58 - GET /health -> 200 (0.002s)
2026-07-26 18:04:31 | INFO     | uvicorn.protocols.http.httptools_impl:send:468 - 127.0.0.1:63632 - "GET /health HTTP/1.1" 200
2026-07-26 18:04:33 | DEBUG    | backend.app.main:log_requests:58 - GET / -> 200 (0.012s)
2026-07-26 18:04:33 | INFO     | uvicorn.protocols.http.httptools_impl:send:468 - 127.0.0.1:63634 - "GET / HTTP/1.1" 200
2026-07-26 18:04:35 | DEBUG    | backend.app.main:log_requests:58 - GET /api/v1/datasets/ -> 200 (0.083s)
2026-07-26 18:04:35 | INFO     | uvicorn.protocols.http.httptools_impl:send:468 - 127.0.0.1:63636 - "GET /api/v1/datasets/ HTTP/1.1" 200
2026-07-26 18:04:37 | DEBUG    | backend.app.main:log_requests:58 - GET /api/v1/datasets/mining_projects -> 200 (0.007s)
2026-07-26 18:04:37 | INFO     | uvicorn.protocols.http.httptools_impl:send:468 - 127.0.0.1:63638 - "GET /api/v1/datasets/mining_projects HTTP/1.1" 200
2026-07-26 18:04:39 | DEBUG    | backend.app.main:log_requests:58 - GET /api/v1/datasets/mining_projects/sample -> 200 (0.007s)
2026-07-26 18:04:39 | INFO     | uvicorn.protocols.http.httptools_impl:send:468 - 127.0.0.1:63641 - "GET /api/v1/datasets/mining_projects/sample?rows=2 HTTP/1.1" 200
2026-07-26 18:04:41 | DEBUG    | backend.app.main:log_requests:58 - GET /api/v1/datasets/mining_projects/stats -> 200 (0.020s)
2026-07-26 18:04:41 | INFO     | uvicorn.protocols.http.httptools_impl:send:468 - 127.0.0.1:63643 - "GET /api/v1/datasets/mining_projects/stats HTTP/1.1" 200
2026-07-26 18:04:43 | DEBUG    | backend.app.main:log_requests:58 - GET /api/v1/predictions/models -> 200 (0.001s)
2026-07-26 18:04:43 | INFO     | uvicorn.protocols.http.httptools_impl:send:468 - 127.0.0.1:63645 - "GET /api/v1/predictions/models HTTP/1.1" 200
2026-07-26 18:04:45 | INFO     | backend.app.ml.models.base:load:49 - Loaded model hree_predictor
2026-07-26 18:04:45 | WARNING  | backend.app.ml.models.base:get_model:297 - Model deposit_classifier not found, needs training
2026-07-26 18:04:45 | WARNING  | backend.app.ml.models.base:get_model:297 - Model resource_estimator not found, needs training
2026-07-26 18:04:45 | WARNING  | backend.app.ml.models.base:get_model:297 - Model dy_predictor not found, needs training
2026-07-26 18:04:45 | DEBUG    | backend.app.main:log_requests:58 - GET /api/v1/predictions/metrics -> 200 (0.062s)
2026-07-26 18:04:45 | INFO     | uvicorn.protocols.http.httptools_impl:send:468 - 127.0.0.1:63647 - "GET /api/v1/predictions/metrics HTTP/1.1" 200
2026-07-26 18:04:47 | DEBUG    | backend.app.main:log_requests:58 - GET /api/v1/environmental/benchmarks -> 200 (0.002s)
2026-07-26 18:04:47 | INFO     | uvicorn.protocols.http.httptools_impl:send:468 - 127.0.0.1:63649 - "GET /api/v1/environmental/benchmarks HTTP/1.1" 200
2026-07-26 18:04:50 | DEBUG    | backend.app.main:log_requests:58 - GET /api/v1/dashboard/activity -> 200 (0.019s)
2026-07-26 18:04:50 | INFO     | uvicorn.protocols.http.httptools_impl:send:468 - 127.0.0.1:63651 - "GET /api/v1/dashboard/activity HTTP/1.1" 200
2026-07-26 18:04:52 | INFO     | backend.app.services.dashboard_service:get_dashboard_data:13 - Building dashboard data
2026-07-26 18:04:52 | INFO     | backend.app.ml.models.base:load:49 - Loaded model hree_predictor
2026-07-26 18:04:52 | WARNING  | backend.app.ml.models.base:get_model:297 - Model deposit_classifier not found, needs training
2026-07-26 18:04:52 | WARNING  | backend.app.ml.models.base:get_model:297 - Model resource_estimator not found, needs training
2026-07-26 18:04:52 | WARNING  | backend.app.ml.models.base:get_model:297 - Model dy_predictor not found, needs training
2026-07-26 18:04:52 | DEBUG    | backend.app.main:log_requests:58 - GET /api/v1/dashboard/ -> 200 (0.157s)
2026-07-26 18:04:52 | INFO     | uvicorn.protocols.http.httptools_impl:send:468 - 127.0.0.1:63653 - "GET /api/v1/dashboard/ HTTP/1.1" 200
2026-07-26 18:04:54 | WARNING  | passlib.handlers.bcrypt:_load_backend_mixin:622 - (trapped) error reading bcrypt version
Traceback (most recent call last):

  File "C:\Users\soumy\AppData\Local\Programs\Python\Python312\Lib\threading.py", line 1032, in _bootstrap
    self._bootstrap_inner()
    │    └ <function Thread._bootstrap_inner at 0x00000227DAA9DDA0>
    └ <WorkerThread(AnyIO worker thread, started 11660)>
  File "C:\Users\soumy\AppData\Local\Programs\Python\Python312\Lib\threading.py", line 1075, in _bootstrap_inner
    self.run()
    │    └ <function WorkerThread.run at 0x0000022792733BA0>
    └ <WorkerThread(AnyIO worker thread, started 11660)>
  File "C:\Users\soumy\AppData\Local\Programs\Python\Python312\Lib\site-packages\anyio\_backends\_asyncio.py", line 1029, in run
    result = context.run(func, *args)
             │       │   │      └ ()
             │       │   └ functools.partial(<function register at 0x00000227DFE3E160>, db=<sqlalchemy.orm.session.Session object at 0x0000022792A2EF00>...
             │       └ <method 'run' of '_contextvars.Context' objects>
             └ <_contextvars.Context object at 0x00000227928C1680>

  File "C:\Users\soumy\OneDrive\Desktop\Project\lca_platform\backend\app\api\v1\auth.py", line 22, in register
    db_user = auth_service.create_user(db, user.username, user.email, user.password, user.full_name)
              │            │           │   │    │         │    │      │    │         │    └ 'Test Admin'
              │            │           │   │    │         │    │      │    │         └ UserCreate(username='testadmin', email='admin@lca.com', password='Admin123!', full_name='Test Admin')
              │            │           │   │    │         │    │      │    └ 'Admin123!'
              │            │           │   │    │         │    │      └ UserCreate(username='testadmin', email='admin@lca.com', password='Admin123!', full_name='Test Admin')
              │            │           │   │    │         │    └ 'admin@lca.com'
              │            │           │   │    │         └ UserCreate(username='testadmin', email='admin@lca.com', password='Admin123!', full_name='Test Admin')
              │            │           │   │    └ 'testadmin'
              │            │           │   └ UserCreate(username='testadmin', email='admin@lca.com', password='Admin123!', full_name='Test Admin')
              │            │           └ <sqlalchemy.orm.session.Session object at 0x0000022792A2EF00>
              │            └ <function create_user at 0x00000227DFB3D760>
              └ <module 'backend.app.services.auth_service' from 'C:\\Users\\soumy\\OneDrive\\Desktop\\Project\\lca_platform\\backend\\app\\s...

  File "C:\Users\soumy\OneDrive\Desktop\Project\lca_platform\backend\app\services\auth_service.py", line 11, in create_user
    user = User(username=username, email=email, hashed_password=hash_password(password), full_name=full_name)
           │             │               │                      │             │                    └ 'Test Admin'
           │             │               │                      │             └ 'Admin123!'
           │             │               │                      └ <function hash_password at 0x00000227DFCA79C0>
           │             │               └ 'admin@lca.com'
           │             └ 'testadmin'
           └ <class 'backend.app.models.user.User'>

  File "C:\Users\soumy\OneDrive\Desktop\Project\lca_platform\backend\app\utils\security.py", line 11, in hash_password
    return pwd_context.hash(password)
           │           │    └ 'Admin123!'
           │           └ <function CryptContext.hash at 0x00000227DFCA7060>
           └ <CryptContext at 0x227dfbe7590>

  File "C:\Users\soumy\AppData\Local\Programs\Python\Python312\Lib\site-packages\passlib\context.py", line 2258, in hash
    return record.hash(secret, **kwds)
           │      │    │         └ {}
           │      │    └ 'Admin123!'
           │      └ <classmethod(<function GenericHandler.hash at 0x00000227DFC9C540>)>
           └ <class 'passlib.handlers.bcrypt.<customized bcrypt hasher>'>
  File "C:\Users\soumy\AppData\Local\Programs\Python\Python312\Lib\site-packages\passlib\utils\handlers.py", line 779, in hash
    self.checksum = self._calc_checksum(secret)
    │    │          │    │              └ 'Admin123!'
    │    │          │    └ <function _NoBackend._calc_checksum at 0x00000227DFE3FB00>
    │    │          └ <passlib.handlers.bcrypt.<customized bcrypt hasher> object at 0x0000022792A2CBF0>
    │    └ None
    └ <passlib.handlers.bcrypt.<customized bcrypt hasher> object at 0x0000022792A2CBF0>
  File "C:\Users\soumy\AppData\Local\Programs\Python\Python312\Lib\site-packages\passlib\handlers\bcrypt.py", line 591, in _calc_checksum
    self._stub_requires_backend()
    │    └ <classmethod(<function BackendMixin._stub_requires_backend at 0x00000227DFC9E8E0>)>
    └ <passlib.handlers.bcrypt.<customized bcrypt hasher> object at 0x0000022792A2CBF0>
  File "C:\Users\soumy\AppData\Local\Programs\Python\Python312\Lib\site-packages\passlib\utils\handlers.py", line 2254, in _stub_requires_backend
    cls.set_backend()
    │   └ <classmethod(<function BackendMixin.set_backend at 0x00000227DFC9E660>)>
    └ <class 'passlib.handlers.bcrypt.<customized bcrypt hasher>'>
  File "C:\Users\soumy\AppData\Local\Programs\Python\Python312\Lib\site-packages\passlib\utils\handlers.py", line 2156, in set_backend
    return owner.set_backend(name, dryrun=dryrun)
           │     │           │            └ False
           │     │           └ 'any'
           │     └ <classmethod(<function BackendMixin.set_backend at 0x00000227DFC9E660>)>
           └ <class 'passlib.handlers.bcrypt.bcrypt'>
  File "C:\Users\soumy\AppData\Local\Programs\Python\Python312\Lib\site-packages\passlib\utils\handlers.py", line 2163, in set_backend
    return cls.set_backend(name, dryrun=dryrun)
           │   │           │            └ False
           │   │           └ 'bcrypt'
           │   └ <classmethod(<function BackendMixin.set_backend at 0x00000227DFC9E660>)>
           └ <class 'passlib.handlers.bcrypt.bcrypt'>
  File "C:\Users\soumy\AppData\Local\Programs\Python\Python312\Lib\site-packages\passlib\utils\handlers.py", line 2188, in set_backend
    cls._set_backend(name, dryrun)
    │   │            │     └ False
    │   │            └ 'bcrypt'
    │   └ <classmethod(<function SubclassBackendMixin._set_backend at 0x00000227DFC9EA20>)>
    └ <class 'passlib.handlers.bcrypt.bcrypt'>
  File "C:\Users\soumy\AppData\Local\Programs\Python\Python312\Lib\site-packages\passlib\utils\handlers.py", line 2311, in _set_backend
    super(SubclassBackendMixin, cls)._set_backend(name, dryrun)
          │                     │                 │     └ False
          │                     │                 └ 'bcrypt'
          │                     └ <class 'passlib.handlers.bcrypt.bcrypt'>
          └ <class 'passlib.utils.handlers.SubclassBackendMixin'>
  File "C:\Users\soumy\AppData\Local\Programs\Python\Python312\Lib\site-packages\passlib\utils\handlers.py", line 2224, in _set_backend
    ok = loader(**kwds)
         │        └ {'name': 'bcrypt', 'dryrun': False}
         └ <bound method _BcryptBackend._load_backend_mixin of <class 'passlib.handlers.bcrypt._BcryptBackend'>>
> File "C:\Users\soumy\AppData\Local\Programs\Python\Python312\Lib\site-packages\passlib\handlers\bcrypt.py", line 620, in _load_backend_mixin
    version = _bcrypt.__about__.__version__
              └ <module 'bcrypt' from 'C:\\Users\\soumy\\AppData\\Local\\Programs\\Python\\Python312\\Lib\\site-packages\\bcrypt\\__init__.py'>

AttributeError: module 'bcrypt' has no attribute '__about__'
2026-07-26 18:04:54 | DEBUG    | passlib.handlers.bcrypt:_load_backend_mixin:625 - detected 'bcrypt' backend, version '<unknown>'
2026-07-26 18:04:54 | DEBUG    | passlib.handlers.bcrypt:_finalize_backend_mixin:406 - 'bcrypt' backend lacks $2$ support, enabling workaround
2026-07-26 18:04:54 | DEBUG    | backend.app.main:log_requests:58 - POST /api/v1/auth/register -> 409 (0.084s)
2026-07-26 18:04:54 | INFO     | uvicorn.protocols.http.httptools_impl:send:468 - 127.0.0.1:63655 - "POST /api/v1/auth/register HTTP/1.1" 409
2026-07-26 18:04:56 | DEBUG    | backend.app.main:log_requests:58 - POST /api/v1/auth/login -> 401 (0.004s)
2026-07-26 18:04:56 | INFO     | uvicorn.protocols.http.httptools_impl:send:468 - 127.0.0.1:63657 - "POST /api/v1/auth/login HTTP/1.1" 401
2026-07-26 18:04:58 | INFO     | backend.app.services.environmental_service:run_lca_assessment:15 - Running LCA for Test Mine
2026-07-26 18:04:58 | INFO     | backend.app.lca.engine:full_assessment:204 - Running full LCA assessment
2026-07-26 18:04:58 | INFO     | backend.app.lca.engine:calculate:68 - Calculating carbon footprint
2026-07-26 18:04:58 | INFO     | backend.app.lca.engine:calculate:98 - Calculating water footprint
2026-07-26 18:04:58 | INFO     | backend.app.lca.engine:calculate:124 - Calculating energy consumption
2026-07-26 18:04:58 | INFO     | backend.app.lca.engine:calculate:150 - Calculating waste generation
2026-07-26 18:04:58 | DEBUG    | backend.app.main:log_requests:58 - POST /api/v1/environmental/assess -> 200 (0.017s)
2026-07-26 18:04:58 | INFO     | uvicorn.protocols.http.httptools_impl:send:468 - 127.0.0.1:63660 - "POST /api/v1/environmental/assess HTTP/1.1" 200
2026-07-26 18:05:00 | INFO     | backend.app.services.circularity_service:calculate_circularity:16 - Calculating circularity for 
2026-07-26 18:05:00 | INFO     | backend.app.circular.engine:calculate:10 - Calculating circularity metrics
2026-07-26 18:05:00 | DEBUG    | backend.app.main:log_requests:58 - POST /api/v1/circularity/calculate -> 200 (0.010s)
2026-07-26 18:05:00 | INFO     | uvicorn.protocols.http.httptools_impl:send:468 - 127.0.0.1:63662 - "POST /api/v1/circularity/calculate HTTP/1.1" 200
2026-07-26 18:05:02 | INFO     | backend.app.services.circularity_service:calculate_sustainability:52 - Calculating sustainability for 
2026-07-26 18:05:02 | INFO     | backend.app.circular.engine:calculate:92 - Calculating sustainability score
2026-07-26 18:05:02 | DEBUG    | backend.app.main:log_requests:58 - POST /api/v1/circularity/sustainability -> 200 (0.009s)
2026-07-26 18:05:02 | INFO     | uvicorn.protocols.http.httptools_impl:send:468 - 127.0.0.1:60451 - "POST /api/v1/circularity/sustainability HTTP/1.1" 200
2026-07-26 18:05:37 | INFO     | uvicorn.server:_serve:82 - Started server process [16720]
2026-07-26 18:05:37 | INFO     | uvicorn.lifespan.on:startup:48 - Waiting for application startup.
2026-07-26 18:05:37 | INFO     | backend.app.main:lifespan:24 - Starting LCA Platform application
2026-07-26 18:05:37 | INFO     | backend.app.main:lifespan:26 - Database initialized
2026-07-26 18:05:37 | INFO     | backend.app.pipeline.data_loader:load_mining_projects:25 - Loading mining projects from C:\Users\soumy\OneDrive\Desktop\Project\Global Rare Earth Elements Projects\mining_projects.csv
2026-07-26 18:05:37 | INFO     | backend.app.pipeline.data_loader:load_mining_projects:89 - Loaded mining projects: 146 rows, 51 columns
2026-07-26 18:05:37 | INFO     | backend.app.pipeline.data_loader:load_factory:95 - Loading factory data from C:\Users\soumy\OneDrive\Desktop\Project\Global Rare Earth Elements Projects\factory.csv
2026-07-26 18:05:37 | INFO     | backend.app.pipeline.data_loader:load_factory:134 - Loaded factory data: 67 rows
2026-07-26 18:05:37 | INFO     | backend.app.pipeline.data_loader:load_facilities_gpkg:182 - Loading facilities from C:\Users\soumy\OneDrive\Desktop\Project\Open Database on Global Coal and Metal Mining\data\facilities.gpkg
2026-07-26 18:05:37 | WARNING  | backend.app.pipeline.data_loader:load_facilities_gpkg:190 - Could not load geopackage: y attribute access only provided for Point geometries. Falling back to CSV approach.
2026-07-26 18:05:37 | INFO     | backend.app.pipeline.data_loader:load_open_db_table:196 - Loading commodities.csv
2026-07-26 18:05:37 | INFO     | backend.app.pipeline.data_loader:load_open_db_table:198 - Loaded commodities.csv: 9426 rows, 16 columns
2026-07-26 18:05:37 | INFO     | backend.app.pipeline.data_loader:load_open_db_table:196 - Loading minerals.csv
2026-07-26 18:05:37 | INFO     | backend.app.pipeline.data_loader:load_open_db_table:198 - Loaded minerals.csv: 12292 rows, 12 columns
2026-07-26 18:05:37 | INFO     | backend.app.pipeline.data_loader:load_open_db_table:196 - Loading coal.csv
2026-07-26 18:05:37 | INFO     | backend.app.pipeline.data_loader:load_open_db_table:198 - Loaded coal.csv: 10478 rows, 10 columns
2026-07-26 18:05:37 | INFO     | backend.app.pipeline.data_loader:load_open_db_table:196 - Loading processing.csv
2026-07-26 18:05:37 | INFO     | backend.app.pipeline.data_loader:load_open_db_table:198 - Loaded processing.csv: 3979 rows, 16 columns
2026-07-26 18:05:37 | INFO     | backend.app.pipeline.data_loader:load_open_db_table:196 - Loading waste.csv
2026-07-26 18:05:37 | INFO     | backend.app.pipeline.data_loader:load_open_db_table:198 - Loaded waste.csv: 1119 rows, 13 columns
2026-07-26 18:05:37 | INFO     | backend.app.pipeline.data_loader:load_open_db_table:196 - Loading transport.csv
2026-07-26 18:05:37 | INFO     | backend.app.pipeline.data_loader:load_open_db_table:198 - Loaded transport.csv: 941 rows, 12 columns
2026-07-26 18:05:37 | INFO     | backend.app.pipeline.data_loader:load_open_db_table:196 - Loading reserves.csv
2026-07-26 18:05:37 | INFO     | backend.app.pipeline.data_loader:load_open_db_table:198 - Loaded reserves.csv: 1039 rows, 10 columns
2026-07-26 18:05:37 | INFO     | backend.app.pipeline.data_loader:load_open_db_table:196 - Loading ownership.csv
2026-07-26 18:05:37 | INFO     | backend.app.pipeline.data_loader:load_open_db_table:198 - Loaded ownership.csv: 699 rows, 7 columns
2026-07-26 18:05:37 | INFO     | backend.app.pipeline.data_loader:load_open_db_table:196 - Loading capacity.csv
2026-07-26 18:05:37 | INFO     | backend.app.pipeline.data_loader:load_open_db_table:198 - Loaded capacity.csv: 163 rows, 8 columns
2026-07-26 18:05:37 | INFO     | backend.app.pipeline.data_loader:load_open_db_table:196 - Loading material_ids.csv
2026-07-26 18:05:37 | INFO     | backend.app.pipeline.data_loader:load_open_db_table:198 - Loaded material_ids.csv: 294 rows, 7 columns
2026-07-26 18:05:37 | INFO     | backend.app.pipeline.data_loader:load_open_db_table:196 - Loading source_ids.csv
2026-07-26 18:05:37 | INFO     | backend.app.pipeline.data_loader:load_open_db_table:198 - Loaded source_ids.csv: 2483 rows, 3 columns
2026-07-26 18:05:37 | INFO     | backend.app.pipeline.data_loader:load_world_commodities:248 - Loading world commodities from C:\Users\soumy\OneDrive\Desktop\Project\World Mining Commodities\world_mining_commodities_clean.csv
2026-07-26 18:05:37 | INFO     | backend.app.pipeline.data_loader:load_world_commodities:250 - Loaded world commodities: 1982 rows
2026-07-26 18:05:37 | INFO     | backend.app.pipeline.data_loader:load_world_companies:256 - Loading world companies from C:\Users\soumy\OneDrive\Desktop\Project\World Mining Commodities\116_world_mining_companies_clean.csv
2026-07-26 18:05:37 | INFO     | backend.app.pipeline.data_loader:load_world_companies:258 - Loaded world companies: 116 rows
2026-07-26 18:05:37 | INFO     | backend.app.pipeline.data_loader:load_commodity_info:264 - Loading commodity info from C:\Users\soumy\OneDrive\Desktop\Project\World Mining Commodities\commodity_info.xlsx
2026-07-26 18:05:37 | INFO     | backend.app.pipeline.data_loader:load_commodity_info:266 - Loaded commodity info: 65 rows
2026-07-26 18:05:37 | INFO     | backend.app.main:lifespan:30 - Datasets loaded successfully
2026-07-26 18:05:37 | INFO     | uvicorn.lifespan.on:startup:62 - Application startup complete.
2026-07-26 18:05:37 | INFO     | uvicorn.server:_log_started_message:214 - Uvicorn running on http://0.0.0.0:8000 (Press CTRL+C to quit)
2026-07-26 18:05:49 | DEBUG    | backend.app.main:log_requests:58 - GET /health -> 200 (0.003s)
2026-07-26 18:05:49 | INFO     | uvicorn.protocols.http.httptools_impl:send:468 - 127.0.0.1:56086 - "GET /health HTTP/1.1" 200
2026-07-26 18:05:51 | DEBUG    | backend.app.main:log_requests:58 - GET / -> 200 (0.013s)
2026-07-26 18:05:51 | INFO     | uvicorn.protocols.http.httptools_impl:send:468 - 127.0.0.1:58209 - "GET / HTTP/1.1" 200
2026-07-26 18:05:53 | DEBUG    | backend.app.main:log_requests:58 - GET /api/v1/datasets/ -> 200 (0.094s)
2026-07-26 18:05:53 | INFO     | uvicorn.protocols.http.httptools_impl:send:468 - 127.0.0.1:58211 - "GET /api/v1/datasets/ HTTP/1.1" 200
2026-07-26 18:05:55 | DEBUG    | backend.app.main:log_requests:58 - GET /api/v1/datasets/mining_projects -> 200 (0.005s)
2026-07-26 18:05:55 | INFO     | uvicorn.protocols.http.httptools_impl:send:468 - 127.0.0.1:52631 - "GET /api/v1/datasets/mining_projects HTTP/1.1" 200
2026-07-26 18:05:57 | DEBUG    | backend.app.main:log_requests:58 - GET /api/v1/datasets/mining_projects/sample -> 200 (0.008s)
2026-07-26 18:05:57 | INFO     | uvicorn.protocols.http.httptools_impl:send:468 - 127.0.0.1:57177 - "GET /api/v1/datasets/mining_projects/sample?rows=2 HTTP/1.1" 200
2026-07-26 18:05:59 | DEBUG    | backend.app.main:log_requests:58 - GET /api/v1/datasets/mining_projects/stats -> 200 (0.021s)
2026-07-26 18:05:59 | INFO     | uvicorn.protocols.http.httptools_impl:send:468 - 127.0.0.1:57179 - "GET /api/v1/datasets/mining_projects/stats HTTP/1.1" 200
2026-07-26 18:06:01 | DEBUG    | backend.app.main:log_requests:58 - GET /api/v1/predictions/models -> 200 (0.001s)
2026-07-26 18:06:01 | INFO     | uvicorn.protocols.http.httptools_impl:send:468 - 127.0.0.1:57181 - "GET /api/v1/predictions/models HTTP/1.1" 200
2026-07-26 18:06:03 | INFO     | backend.app.ml.models.base:load:49 - Loaded model hree_predictor
2026-07-26 18:06:03 | WARNING  | backend.app.ml.models.base:get_model:297 - Model deposit_classifier not found, needs training
2026-07-26 18:06:03 | WARNING  | backend.app.ml.models.base:get_model:297 - Model resource_estimator not found, needs training
2026-07-26 18:06:03 | WARNING  | backend.app.ml.models.base:get_model:297 - Model dy_predictor not found, needs training
2026-07-26 18:06:03 | DEBUG    | backend.app.main:log_requests:58 - GET /api/v1/predictions/metrics -> 200 (0.012s)
2026-07-26 18:06:03 | INFO     | uvicorn.protocols.http.httptools_impl:send:468 - 127.0.0.1:57183 - "GET /api/v1/predictions/metrics HTTP/1.1" 200
2026-07-26 18:06:05 | DEBUG    | backend.app.main:log_requests:58 - GET /api/v1/environmental/benchmarks -> 200 (0.002s)
2026-07-26 18:06:05 | INFO     | uvicorn.protocols.http.httptools_impl:send:468 - 127.0.0.1:57186 - "GET /api/v1/environmental/benchmarks HTTP/1.1" 200
2026-07-26 18:06:07 | DEBUG    | backend.app.main:log_requests:58 - GET /api/v1/dashboard/activity -> 200 (0.017s)
2026-07-26 18:06:07 | INFO     | uvicorn.protocols.http.httptools_impl:send:468 - 127.0.0.1:50511 - "GET /api/v1/dashboard/activity HTTP/1.1" 200
2026-07-26 18:06:09 | INFO     | backend.app.services.dashboard_service:get_dashboard_data:13 - Building dashboard data
2026-07-26 18:06:09 | INFO     | backend.app.ml.models.base:load:49 - Loaded model hree_predictor
2026-07-26 18:06:09 | WARNING  | backend.app.ml.models.base:get_model:297 - Model deposit_classifier not found, needs training
2026-07-26 18:06:09 | WARNING  | backend.app.ml.models.base:get_model:297 - Model resource_estimator not found, needs training
2026-07-26 18:06:09 | WARNING  | backend.app.ml.models.base:get_model:297 - Model dy_predictor not found, needs training
2026-07-26 18:06:09 | DEBUG    | backend.app.main:log_requests:58 - GET /api/v1/dashboard/ -> 200 (0.150s)
2026-07-26 18:06:09 | INFO     | uvicorn.protocols.http.httptools_impl:send:468 - 127.0.0.1:50513 - "GET /api/v1/dashboard/ HTTP/1.1" 200
2026-07-26 18:06:12 | INFO     | backend.app.services.auth_service:create_user:15 - Created user: testadmin
2026-07-26 18:06:12 | DEBUG    | backend.app.main:log_requests:58 - POST /api/v1/auth/register -> 201 (0.061s)
2026-07-26 18:06:12 | INFO     | uvicorn.protocols.http.httptools_impl:send:468 - 127.0.0.1:50515 - "POST /api/v1/auth/register HTTP/1.1" 201
2026-07-26 18:06:14 | DEBUG    | backend.app.main:log_requests:58 - POST /api/v1/auth/login -> 200 (0.056s)
2026-07-26 18:06:14 | INFO     | uvicorn.protocols.http.httptools_impl:send:468 - 127.0.0.1:50517 - "POST /api/v1/auth/login HTTP/1.1" 200
2026-07-26 18:06:16 | DEBUG    | backend.app.main:log_requests:58 - GET /api/v1/auth/me -> 200 (0.003s)
2026-07-26 18:06:16 | INFO     | uvicorn.protocols.http.httptools_impl:send:468 - 127.0.0.1:55540 - "GET /api/v1/auth/me HTTP/1.1" 200
2026-07-26 18:06:18 | INFO     | backend.app.services.environmental_service:run_lca_assessment:15 - Running LCA for Test Mine
2026-07-26 18:06:18 | INFO     | backend.app.lca.engine:full_assessment:204 - Running full LCA assessment
2026-07-26 18:06:18 | INFO     | backend.app.lca.engine:calculate:68 - Calculating carbon footprint
2026-07-26 18:06:18 | INFO     | backend.app.lca.engine:calculate:98 - Calculating water footprint
2026-07-26 18:06:18 | INFO     | backend.app.lca.engine:calculate:124 - Calculating energy consumption
2026-07-26 18:06:18 | INFO     | backend.app.lca.engine:calculate:150 - Calculating waste generation
2026-07-26 18:06:18 | DEBUG    | backend.app.main:log_requests:58 - POST /api/v1/environmental/assess -> 200 (0.011s)
2026-07-26 18:06:18 | INFO     | uvicorn.protocols.http.httptools_impl:send:468 - 127.0.0.1:55543 - "POST /api/v1/environmental/assess HTTP/1.1" 200
2026-07-26 18:06:20 | INFO     | backend.app.services.circularity_service:calculate_circularity:16 - Calculating circularity for 
2026-07-26 18:06:20 | INFO     | backend.app.circular.engine:calculate:10 - Calculating circularity metrics
2026-07-26 18:06:20 | DEBUG    | backend.app.main:log_requests:58 - POST /api/v1/circularity/calculate -> 200 (0.013s)
2026-07-26 18:06:20 | INFO     | uvicorn.protocols.http.httptools_impl:send:468 - 127.0.0.1:55546 - "POST /api/v1/circularity/calculate HTTP/1.1" 200
2026-07-26 18:06:22 | INFO     | backend.app.services.circularity_service:calculate_sustainability:52 - Calculating sustainability for 
2026-07-26 18:06:22 | INFO     | backend.app.circular.engine:calculate:92 - Calculating sustainability score
2026-07-26 18:06:22 | DEBUG    | backend.app.main:log_requests:58 - POST /api/v1/circularity/sustainability -> 200 (0.013s)
2026-07-26 18:06:22 | INFO     | uvicorn.protocols.http.httptools_impl:send:468 - 127.0.0.1:55549 - "POST /api/v1/circularity/sustainability HTTP/1.1" 200
2026-07-26 18:25:37 | INFO     | __main__:setup_all:38 - Running full project setup...
2026-07-26 18:25:37 | INFO     | backend.app.pipeline.data_loader:load_mining_projects:25 - Loading mining projects from C:\Users\soumy\OneDrive\Desktop\Project\Global Rare Earth Elements Projects\mining_projects.csv
2026-07-26 18:25:37 | INFO     | backend.app.pipeline.data_loader:load_mining_projects:89 - Loaded mining projects: 146 rows, 51 columns
2026-07-26 18:25:37 | INFO     | backend.app.pipeline.data_loader:load_factory:95 - Loading factory data from C:\Users\soumy\OneDrive\Desktop\Project\Global Rare Earth Elements Projects\factory.csv
2026-07-26 18:25:37 | INFO     | backend.app.pipeline.data_loader:load_factory:134 - Loaded factory data: 67 rows
2026-07-26 18:25:38 | INFO     | backend.app.pipeline.data_loader:load_facilities_gpkg:182 - Loading facilities from C:\Users\soumy\OneDrive\Desktop\Project\Open Database on Global Coal and Metal Mining\data\facilities.gpkg
2026-07-26 18:25:38 | WARNING  | backend.app.pipeline.data_loader:load_facilities_gpkg:190 - Could not load geopackage: y attribute access only provided for Point geometries. Falling back to CSV approach.
2026-07-26 18:25:38 | INFO     | backend.app.pipeline.data_loader:load_open_db_table:196 - Loading commodities.csv
2026-07-26 18:25:38 | INFO     | backend.app.pipeline.data_loader:load_open_db_table:198 - Loaded commodities.csv: 9426 rows, 16 columns
2026-07-26 18:25:38 | INFO     | backend.app.pipeline.data_loader:load_open_db_table:196 - Loading minerals.csv
2026-07-26 18:25:38 | INFO     | backend.app.pipeline.data_loader:load_open_db_table:198 - Loaded minerals.csv: 12292 rows, 12 columns
2026-07-26 18:25:38 | INFO     | backend.app.pipeline.data_loader:load_open_db_table:196 - Loading coal.csv
2026-07-26 18:25:38 | INFO     | backend.app.pipeline.data_loader:load_open_db_table:198 - Loaded coal.csv: 10478 rows, 10 columns
2026-07-26 18:25:38 | INFO     | backend.app.pipeline.data_loader:load_open_db_table:196 - Loading processing.csv
2026-07-26 18:25:38 | INFO     | backend.app.pipeline.data_loader:load_open_db_table:198 - Loaded processing.csv: 3979 rows, 16 columns
2026-07-26 18:25:38 | INFO     | backend.app.pipeline.data_loader:load_open_db_table:196 - Loading waste.csv
2026-07-26 18:25:38 | INFO     | backend.app.pipeline.data_loader:load_open_db_table:198 - Loaded waste.csv: 1119 rows, 13 columns
2026-07-26 18:25:38 | INFO     | backend.app.pipeline.data_loader:load_open_db_table:196 - Loading transport.csv
2026-07-26 18:25:38 | INFO     | backend.app.pipeline.data_loader:load_open_db_table:198 - Loaded transport.csv: 941 rows, 12 columns
2026-07-26 18:25:38 | INFO     | backend.app.pipeline.data_loader:load_open_db_table:196 - Loading reserves.csv
2026-07-26 18:25:38 | INFO     | backend.app.pipeline.data_loader:load_open_db_table:198 - Loaded reserves.csv: 1039 rows, 10 columns
2026-07-26 18:25:38 | INFO     | backend.app.pipeline.data_loader:load_open_db_table:196 - Loading ownership.csv
2026-07-26 18:25:38 | INFO     | backend.app.pipeline.data_loader:load_open_db_table:198 - Loaded ownership.csv: 699 rows, 7 columns
2026-07-26 18:25:38 | INFO     | backend.app.pipeline.data_loader:load_open_db_table:196 - Loading capacity.csv
2026-07-26 18:25:38 | INFO     | backend.app.pipeline.data_loader:load_open_db_table:198 - Loaded capacity.csv: 163 rows, 8 columns
2026-07-26 18:25:38 | INFO     | backend.app.pipeline.data_loader:load_open_db_table:196 - Loading material_ids.csv
2026-07-26 18:25:38 | INFO     | backend.app.pipeline.data_loader:load_open_db_table:198 - Loaded material_ids.csv: 294 rows, 7 columns
2026-07-26 18:25:38 | INFO     | backend.app.pipeline.data_loader:load_open_db_table:196 - Loading source_ids.csv
2026-07-26 18:25:38 | INFO     | backend.app.pipeline.data_loader:load_open_db_table:198 - Loaded source_ids.csv: 2483 rows, 3 columns
2026-07-26 18:25:38 | INFO     | backend.app.pipeline.data_loader:load_world_commodities:248 - Loading world commodities from C:\Users\soumy\OneDrive\Desktop\Project\World Mining Commodities\world_mining_commodities_clean.csv
2026-07-26 18:25:38 | INFO     | backend.app.pipeline.data_loader:load_world_commodities:250 - Loaded world commodities: 1982 rows
2026-07-26 18:25:38 | INFO     | backend.app.pipeline.data_loader:load_world_companies:256 - Loading world companies from C:\Users\soumy\OneDrive\Desktop\Project\World Mining Commodities\116_world_mining_companies_clean.csv
2026-07-26 18:25:38 | INFO     | backend.app.pipeline.data_loader:load_world_companies:258 - Loaded world companies: 116 rows
2026-07-26 18:25:38 | INFO     | backend.app.pipeline.data_loader:load_commodity_info:264 - Loading commodity info from C:\Users\soumy\OneDrive\Desktop\Project\World Mining Commodities\commodity_info.xlsx
2026-07-26 18:25:39 | INFO     | backend.app.pipeline.data_loader:load_commodity_info:266 - Loaded commodity info: 65 rows
2026-07-26 18:25:39 | INFO     | __main__:setup_database:13 - Initializing database...
2026-07-26 18:25:39 | INFO     | __main__:setup_database:20 - Database setup complete
2026-07-26 18:25:39 | INFO     | __main__:setup_models:24 - Training ML models...
2026-07-26 18:25:39 | INFO     | backend.app.services.prediction_service:train_all_models:27 - Training all models
2026-07-26 18:25:39 | INFO     | backend.app.pipeline.preprocessor:fit_transform:25 - Preprocessing mining projects data
2026-07-26 18:25:39 | INFO     | backend.app.pipeline.preprocessor:fit_transform:31 - Filtered to 65 projects with >=10 REE oxide values
2026-07-26 18:25:39 | INFO     | backend.app.pipeline.preprocessor:fit_transform:86 - Preprocessing complete: X shape=(65, 19), features=['log_resource', 'grade_pct', 'continent_encoded', 'deposit_type_encoded', 'La2O3_norm', 'Ce2O3_norm', 'Pr6O11_norm', 'Nd2O3_norm', 'Sm2O3_norm', 'Eu2O3_norm', 'Gd2O3_norm', 'Tb4O7_norm', 'Dy2O3_norm', 'Ho2O3_norm', 'Er2O3_norm', 'Tm2O3_norm', 'Yb2O3_norm', 'Lu2O3_norm', 'Y2O3_norm']
2026-07-26 18:25:39 | INFO     | backend.app.ml.models.base:train:69 - Training HREE Predictor
2026-07-26 18:25:40 | INFO     | backend.app.ml.models.base:save:36 - Saved model hree_predictor to backend\models\hree_predictor
2026-07-26 18:25:40 | INFO     | backend.app.ml.models.base:train:99 - HREE Predictor trained: R2=0.9460, RMSE=7.5012
2026-07-26 18:25:40 | INFO     | backend.app.ml.models.base:train:122 - Training Deposit Classifier
2026-07-26 18:26:54 | INFO     | __main__:setup_all:38 - Running full project setup...
2026-07-26 18:26:54 | INFO     | backend.app.pipeline.data_loader:load_mining_projects:25 - Loading mining projects from C:\Users\soumy\OneDrive\Desktop\Project\Global Rare Earth Elements Projects\mining_projects.csv
2026-07-26 18:26:54 | INFO     | backend.app.pipeline.data_loader:load_mining_projects:89 - Loaded mining projects: 146 rows, 51 columns
2026-07-26 18:26:54 | INFO     | backend.app.pipeline.data_loader:load_factory:95 - Loading factory data from C:\Users\soumy\OneDrive\Desktop\Project\Global Rare Earth Elements Projects\factory.csv
2026-07-26 18:26:54 | INFO     | backend.app.pipeline.data_loader:load_factory:134 - Loaded factory data: 67 rows
2026-07-26 18:26:54 | INFO     | backend.app.pipeline.data_loader:load_facilities_gpkg:182 - Loading facilities from C:\Users\soumy\OneDrive\Desktop\Project\Open Database on Global Coal and Metal Mining\data\facilities.gpkg
2026-07-26 18:26:54 | WARNING  | backend.app.pipeline.data_loader:load_facilities_gpkg:190 - Could not load geopackage: y attribute access only provided for Point geometries. Falling back to CSV approach.
2026-07-26 18:26:54 | INFO     | backend.app.pipeline.data_loader:load_open_db_table:196 - Loading commodities.csv
2026-07-26 18:26:54 | INFO     | backend.app.pipeline.data_loader:load_open_db_table:198 - Loaded commodities.csv: 9426 rows, 16 columns
2026-07-26 18:26:54 | INFO     | backend.app.pipeline.data_loader:load_open_db_table:196 - Loading minerals.csv
2026-07-26 18:26:54 | INFO     | backend.app.pipeline.data_loader:load_open_db_table:198 - Loaded minerals.csv: 12292 rows, 12 columns
2026-07-26 18:26:54 | INFO     | backend.app.pipeline.data_loader:load_open_db_table:196 - Loading coal.csv
2026-07-26 18:26:54 | INFO     | backend.app.pipeline.data_loader:load_open_db_table:198 - Loaded coal.csv: 10478 rows, 10 columns
2026-07-26 18:26:54 | INFO     | backend.app.pipeline.data_loader:load_open_db_table:196 - Loading processing.csv
2026-07-26 18:26:54 | INFO     | backend.app.pipeline.data_loader:load_open_db_table:198 - Loaded processing.csv: 3979 rows, 16 columns
2026-07-26 18:26:54 | INFO     | backend.app.pipeline.data_loader:load_open_db_table:196 - Loading waste.csv
2026-07-26 18:26:54 | INFO     | backend.app.pipeline.data_loader:load_open_db_table:198 - Loaded waste.csv: 1119 rows, 13 columns
2026-07-26 18:26:54 | INFO     | backend.app.pipeline.data_loader:load_open_db_table:196 - Loading transport.csv
2026-07-26 18:26:54 | INFO     | backend.app.pipeline.data_loader:load_open_db_table:198 - Loaded transport.csv: 941 rows, 12 columns
2026-07-26 18:26:54 | INFO     | backend.app.pipeline.data_loader:load_open_db_table:196 - Loading reserves.csv
2026-07-26 18:26:54 | INFO     | backend.app.pipeline.data_loader:load_open_db_table:198 - Loaded reserves.csv: 1039 rows, 10 columns
2026-07-26 18:26:54 | INFO     | backend.app.pipeline.data_loader:load_open_db_table:196 - Loading ownership.csv
2026-07-26 18:26:54 | INFO     | backend.app.pipeline.data_loader:load_open_db_table:198 - Loaded ownership.csv: 699 rows, 7 columns
2026-07-26 18:26:54 | INFO     | backend.app.pipeline.data_loader:load_open_db_table:196 - Loading capacity.csv
2026-07-26 18:26:54 | INFO     | backend.app.pipeline.data_loader:load_open_db_table:198 - Loaded capacity.csv: 163 rows, 8 columns
2026-07-26 18:26:54 | INFO     | backend.app.pipeline.data_loader:load_open_db_table:196 - Loading material_ids.csv
2026-07-26 18:26:54 | INFO     | backend.app.pipeline.data_loader:load_open_db_table:198 - Loaded material_ids.csv: 294 rows, 7 columns
2026-07-26 18:26:54 | INFO     | backend.app.pipeline.data_loader:load_open_db_table:196 - Loading source_ids.csv
2026-07-26 18:26:54 | INFO     | backend.app.pipeline.data_loader:load_open_db_table:198 - Loaded source_ids.csv: 2483 rows, 3 columns
2026-07-26 18:26:54 | INFO     | backend.app.pipeline.data_loader:load_world_commodities:248 - Loading world commodities from C:\Users\soumy\OneDrive\Desktop\Project\World Mining Commodities\world_mining_commodities_clean.csv
2026-07-26 18:26:54 | INFO     | backend.app.pipeline.data_loader:load_world_commodities:250 - Loaded world commodities: 1982 rows
2026-07-26 18:26:54 | INFO     | backend.app.pipeline.data_loader:load_world_companies:256 - Loading world companies from C:\Users\soumy\OneDrive\Desktop\Project\World Mining Commodities\116_world_mining_companies_clean.csv
2026-07-26 18:26:54 | INFO     | backend.app.pipeline.data_loader:load_world_companies:258 - Loaded world companies: 116 rows
2026-07-26 18:26:54 | INFO     | backend.app.pipeline.data_loader:load_commodity_info:264 - Loading commodity info from C:\Users\soumy\OneDrive\Desktop\Project\World Mining Commodities\commodity_info.xlsx
2026-07-26 18:26:54 | INFO     | backend.app.pipeline.data_loader:load_commodity_info:266 - Loaded commodity info: 65 rows
2026-07-26 18:26:54 | INFO     | __main__:setup_database:13 - Initializing database...
2026-07-26 18:26:54 | INFO     | __main__:setup_database:20 - Database setup complete
2026-07-26 18:26:54 | INFO     | __main__:setup_models:24 - Training ML models...
2026-07-26 18:26:54 | INFO     | backend.app.services.prediction_service:train_all_models:27 - Training all models
2026-07-26 18:26:54 | INFO     | backend.app.pipeline.preprocessor:fit_transform:25 - Preprocessing mining projects data
2026-07-26 18:26:54 | INFO     | backend.app.pipeline.preprocessor:fit_transform:31 - Filtered to 65 projects with >=10 REE oxide values
2026-07-26 18:26:54 | INFO     | backend.app.pipeline.preprocessor:fit_transform:86 - Preprocessing complete: X shape=(65, 19), features=['log_resource', 'grade_pct', 'continent_encoded', 'deposit_type_encoded', 'La2O3_norm', 'Ce2O3_norm', 'Pr6O11_norm', 'Nd2O3_norm', 'Sm2O3_norm', 'Eu2O3_norm', 'Gd2O3_norm', 'Tb4O7_norm', 'Dy2O3_norm', 'Ho2O3_norm', 'Er2O3_norm', 'Tm2O3_norm', 'Yb2O3_norm', 'Lu2O3_norm', 'Y2O3_norm']
2026-07-26 18:26:54 | INFO     | backend.app.ml.models.base:train:69 - Training HREE Predictor
2026-07-26 18:26:55 | INFO     | backend.app.ml.models.base:save:36 - Saved model hree_predictor to backend\models\hree_predictor
2026-07-26 18:26:55 | INFO     | backend.app.ml.models.base:train:99 - HREE Predictor trained: R2=0.9460, RMSE=7.5012
2026-07-26 18:26:55 | INFO     | backend.app.ml.models.base:train:122 - Training Deposit Classifier
2026-07-26 18:26:56 | INFO     | backend.app.ml.models.base:save:36 - Saved model deposit_classifier to backend\models\deposit_classifier
2026-07-26 18:26:56 | INFO     | backend.app.ml.models.base:train:161 - Deposit Classifier trained: Accuracy=0.7692
2026-07-26 18:26:56 | INFO     | backend.app.ml.models.base:train:185 - Training Resource Estimator
2026-07-26 18:26:57 | INFO     | backend.app.ml.models.base:save:36 - Saved model resource_estimator to backend\models\resource_estimator
2026-07-26 18:26:57 | INFO     | backend.app.ml.models.base:train:214 - Resource Estimator trained: R2=0.9909
2026-07-26 18:26:57 | INFO     | backend.app.ml.models.base:train:238 - Training Dy2O3 Predictor
2026-07-26 18:26:58 | INFO     | backend.app.ml.models.base:save:36 - Saved model dy_predictor to backend\models\dy_predictor
2026-07-26 18:26:58 | INFO     | backend.app.ml.models.base:train:268 - Dy2O3 Predictor trained: R2=0.8486
2026-07-26 18:26:58 | INFO     | backend.app.ml.models.base:load:49 - Loaded model hree_predictor
2026-07-26 18:26:58 | INFO     | backend.app.ml.models.base:load:49 - Loaded model deposit_classifier
2026-07-26 18:26:58 | INFO     | backend.app.ml.models.base:load:49 - Loaded model resource_estimator
2026-07-26 18:26:58 | INFO     | backend.app.ml.models.base:load:49 - Loaded model dy_predictor
2026-07-26 18:26:58 | INFO     | backend.app.services.prediction_service:train_all_models:78 - All models trained: ['hree_predictor', 'deposit_classifier', 'resource_estimator', 'dy_predictor']
2026-07-26 18:26:58 | INFO     | __main__:setup_models:31 -   hree_predictor: 0.9460
2026-07-26 18:26:58 | INFO     | __main__:setup_models:31 -   deposit_classifier: 0.7692
2026-07-26 18:26:58 | INFO     | __main__:setup_models:31 -   resource_estimator: 0.9909
2026-07-26 18:26:58 | INFO     | __main__:setup_models:31 -   dy_predictor: 0.8486
2026-07-26 18:26:58 | INFO     | __main__:setup_models:34 - Model training complete
2026-07-26 18:26:58 | INFO     | __main__:setup_all:42 - Setup complete. Run 'python run.py' to start the application.
2026-07-26 18:27:11 | INFO     | uvicorn.server:serve:76 - Started server process [18708]
2026-07-26 18:27:11 | INFO     | uvicorn.lifespan.on:startup:46 - Waiting for application startup.
2026-07-26 18:27:11 | INFO     | backend.app.main:lifespan:24 - Starting LCA Platform application
2026-07-26 18:27:11 | INFO     | backend.app.main:lifespan:26 - Database initialized
2026-07-26 18:27:11 | INFO     | backend.app.pipeline.data_loader:load_mining_projects:25 - Loading mining projects from C:\Users\soumy\OneDrive\Desktop\Project\Global Rare Earth Elements Projects\mining_projects.csv
2026-07-26 18:27:11 | INFO     | backend.app.pipeline.data_loader:load_mining_projects:89 - Loaded mining projects: 146 rows, 51 columns
2026-07-26 18:27:11 | INFO     | backend.app.pipeline.data_loader:load_factory:95 - Loading factory data from C:\Users\soumy\OneDrive\Desktop\Project\Global Rare Earth Elements Projects\factory.csv
2026-07-26 18:27:11 | INFO     | backend.app.pipeline.data_loader:load_factory:134 - Loaded factory data: 67 rows
2026-07-26 18:27:12 | INFO     | backend.app.pipeline.data_loader:load_facilities_gpkg:182 - Loading facilities from C:\Users\soumy\OneDrive\Desktop\Project\Open Database on Global Coal and Metal Mining\data\facilities.gpkg
2026-07-26 18:27:12 | WARNING  | backend.app.pipeline.data_loader:load_facilities_gpkg:190 - Could not load geopackage: y attribute access only provided for Point geometries. Falling back to CSV approach.
2026-07-26 18:27:12 | INFO     | backend.app.pipeline.data_loader:load_open_db_table:196 - Loading commodities.csv
2026-07-26 18:27:12 | INFO     | backend.app.pipeline.data_loader:load_open_db_table:198 - Loaded commodities.csv: 9426 rows, 16 columns
2026-07-26 18:27:12 | INFO     | backend.app.pipeline.data_loader:load_open_db_table:196 - Loading minerals.csv
2026-07-26 18:27:12 | INFO     | backend.app.pipeline.data_loader:load_open_db_table:198 - Loaded minerals.csv: 12292 rows, 12 columns
2026-07-26 18:27:12 | INFO     | backend.app.pipeline.data_loader:load_open_db_table:196 - Loading coal.csv
2026-07-26 18:27:12 | INFO     | backend.app.pipeline.data_loader:load_open_db_table:198 - Loaded coal.csv: 10478 rows, 10 columns
2026-07-26 18:27:12 | INFO     | backend.app.pipeline.data_loader:load_open_db_table:196 - Loading processing.csv
2026-07-26 18:27:12 | INFO     | backend.app.pipeline.data_loader:load_open_db_table:198 - Loaded processing.csv: 3979 rows, 16 columns
2026-07-26 18:27:12 | INFO     | backend.app.pipeline.data_loader:load_open_db_table:196 - Loading waste.csv
2026-07-26 18:27:12 | INFO     | backend.app.pipeline.data_loader:load_open_db_table:198 - Loaded waste.csv: 1119 rows, 13 columns
2026-07-26 18:27:12 | INFO     | backend.app.pipeline.data_loader:load_open_db_table:196 - Loading transport.csv
2026-07-26 18:27:12 | INFO     | backend.app.pipeline.data_loader:load_open_db_table:198 - Loaded transport.csv: 941 rows, 12 columns
2026-07-26 18:27:12 | INFO     | backend.app.pipeline.data_loader:load_open_db_table:196 - Loading reserves.csv
2026-07-26 18:27:12 | INFO     | backend.app.pipeline.data_loader:load_open_db_table:198 - Loaded reserves.csv: 1039 rows, 10 columns
2026-07-26 18:27:12 | INFO     | backend.app.pipeline.data_loader:load_open_db_table:196 - Loading ownership.csv
2026-07-26 18:27:12 | INFO     | backend.app.pipeline.data_loader:load_open_db_table:198 - Loaded ownership.csv: 699 rows, 7 columns
2026-07-26 18:27:12 | INFO     | backend.app.pipeline.data_loader:load_open_db_table:196 - Loading capacity.csv
2026-07-26 18:27:12 | INFO     | backend.app.pipeline.data_loader:load_open_db_table:198 - Loaded capacity.csv: 163 rows, 8 columns
2026-07-26 18:27:12 | INFO     | backend.app.pipeline.data_loader:load_open_db_table:196 - Loading material_ids.csv
2026-07-26 18:27:12 | INFO     | backend.app.pipeline.data_loader:load_open_db_table:198 - Loaded material_ids.csv: 294 rows, 7 columns
2026-07-26 18:27:12 | INFO     | backend.app.pipeline.data_loader:load_open_db_table:196 - Loading source_ids.csv
2026-07-26 18:27:12 | INFO     | backend.app.pipeline.data_loader:load_open_db_table:198 - Loaded source_ids.csv: 2483 rows, 3 columns
2026-07-26 18:27:12 | INFO     | backend.app.pipeline.data_loader:load_world_commodities:248 - Loading world commodities from C:\Users\soumy\OneDrive\Desktop\Project\World Mining Commodities\world_mining_commodities_clean.csv
2026-07-26 18:27:12 | INFO     | backend.app.pipeline.data_loader:load_world_commodities:250 - Loaded world commodities: 1982 rows
2026-07-26 18:27:12 | INFO     | backend.app.pipeline.data_loader:load_world_companies:256 - Loading world companies from C:\Users\soumy\OneDrive\Desktop\Project\World Mining Commodities\116_world_mining_companies_clean.csv
2026-07-26 18:27:12 | INFO     | backend.app.pipeline.data_loader:load_world_companies:258 - Loaded world companies: 116 rows
2026-07-26 18:27:12 | INFO     | backend.app.pipeline.data_loader:load_commodity_info:264 - Loading commodity info from C:\Users\soumy\OneDrive\Desktop\Project\World Mining Commodities\commodity_info.xlsx
2026-07-26 18:27:12 | INFO     | backend.app.pipeline.data_loader:load_commodity_info:266 - Loaded commodity info: 65 rows
2026-07-26 18:27:12 | INFO     | backend.app.main:lifespan:30 - Datasets loaded successfully
2026-07-26 18:27:12 | INFO     | uvicorn.lifespan.on:startup:60 - Application startup complete.
2026-07-26 18:27:52 | DEBUG    | backend.app.main:log_requests:58 - GET / -> 200 (0.000s)
2026-07-26 18:27:52 | INFO     | uvicorn.protocols.http.httptools_impl:send:496 - 127.0.0.1:62401 - "GET / HTTP/1.1" 200
2026-07-26 18:27:52 | DEBUG    | backend.app.main:log_requests:58 - GET /favicon.ico -> 404 (0.001s)
2026-07-26 18:27:52 | INFO     | uvicorn.protocols.http.httptools_impl:send:496 - 127.0.0.1:62401 - "GET /favicon.ico HTTP/1.1" 404
2026-07-26 18:29:55 | DEBUG    | backend.app.main:log_requests:58 - GET / -> 200 (0.001s)
2026-07-26 18:29:55 | INFO     | uvicorn.protocols.http.httptools_impl:send:496 - 127.0.0.1:58154 - "GET / HTTP/1.1" 200
2026-07-26 18:31:10 | DEBUG    | backend.app.main:log_requests:58 - GET / -> 200 (0.001s)
2026-07-26 18:31:10 | INFO     | uvicorn.protocols.http.httptools_impl:send:496 - 127.0.0.1:60418 - "GET / HTTP/1.1" 200
2026-07-26 18:31:10 | INFO     | uvicorn.server:shutdown:264 - Shutting down
2026-07-26 18:31:10 | INFO     | uvicorn.server:_wait_tasks_to_complete:302 - Waiting for connections to close. (CTRL+C to force quit)
2026-07-26 18:33:02 | INFO     | __main__:setup_all:38 - Running full project setup...
2026-07-26 18:33:02 | INFO     | backend.app.pipeline.data_loader:load_mining_projects:25 - Loading mining projects from C:\Users\soumy\OneDrive\Desktop\Project\Global Rare Earth Elements Projects\mining_projects.csv
2026-07-26 18:33:02 | INFO     | backend.app.pipeline.data_loader:load_mining_projects:89 - Loaded mining projects: 146 rows, 51 columns
2026-07-26 18:33:02 | INFO     | backend.app.pipeline.data_loader:load_factory:95 - Loading factory data from C:\Users\soumy\OneDrive\Desktop\Project\Global Rare Earth Elements Projects\factory.csv
2026-07-26 18:33:02 | INFO     | backend.app.pipeline.data_loader:load_factory:134 - Loaded factory data: 67 rows
2026-07-26 18:33:02 | INFO     | backend.app.pipeline.data_loader:load_facilities_gpkg:182 - Loading facilities from C:\Users\soumy\OneDrive\Desktop\Project\Open Database on Global Coal and Metal Mining\data\facilities.gpkg
2026-07-26 18:33:02 | WARNING  | backend.app.pipeline.data_loader:load_facilities_gpkg:190 - Could not load geopackage: y attribute access only provided for Point geometries. Falling back to CSV approach.
2026-07-26 18:33:02 | INFO     | backend.app.pipeline.data_loader:load_open_db_table:196 - Loading commodities.csv
2026-07-26 18:33:02 | INFO     | backend.app.pipeline.data_loader:load_open_db_table:198 - Loaded commodities.csv: 9426 rows, 16 columns
2026-07-26 18:33:02 | INFO     | backend.app.pipeline.data_loader:load_open_db_table:196 - Loading minerals.csv
2026-07-26 18:33:02 | INFO     | backend.app.pipeline.data_loader:load_open_db_table:198 - Loaded minerals.csv: 12292 rows, 12 columns
2026-07-26 18:33:02 | INFO     | backend.app.pipeline.data_loader:load_open_db_table:196 - Loading coal.csv
2026-07-26 18:33:02 | INFO     | backend.app.pipeline.data_loader:load_open_db_table:198 - Loaded coal.csv: 10478 rows, 10 columns
2026-07-26 18:33:02 | INFO     | backend.app.pipeline.data_loader:load_open_db_table:196 - Loading processing.csv
2026-07-26 18:33:02 | INFO     | backend.app.pipeline.data_loader:load_open_db_table:198 - Loaded processing.csv: 3979 rows, 16 columns
2026-07-26 18:33:02 | INFO     | backend.app.pipeline.data_loader:load_open_db_table:196 - Loading waste.csv
2026-07-26 18:33:02 | INFO     | backend.app.pipeline.data_loader:load_open_db_table:198 - Loaded waste.csv: 1119 rows, 13 columns
2026-07-26 18:33:02 | INFO     | backend.app.pipeline.data_loader:load_open_db_table:196 - Loading transport.csv
2026-07-26 18:33:02 | INFO     | backend.app.pipeline.data_loader:load_open_db_table:198 - Loaded transport.csv: 941 rows, 12 columns
2026-07-26 18:33:02 | INFO     | backend.app.pipeline.data_loader:load_open_db_table:196 - Loading reserves.csv
2026-07-26 18:33:02 | INFO     | backend.app.pipeline.data_loader:load_open_db_table:198 - Loaded reserves.csv: 1039 rows, 10 columns
2026-07-26 18:33:02 | INFO     | backend.app.pipeline.data_loader:load_open_db_table:196 - Loading ownership.csv
2026-07-26 18:33:02 | INFO     | backend.app.pipeline.data_loader:load_open_db_table:198 - Loaded ownership.csv: 699 rows, 7 columns
2026-07-26 18:33:02 | INFO     | backend.app.pipeline.data_loader:load_open_db_table:196 - Loading capacity.csv
2026-07-26 18:33:02 | INFO     | backend.app.pipeline.data_loader:load_open_db_table:198 - Loaded capacity.csv: 163 rows, 8 columns
2026-07-26 18:33:02 | INFO     | backend.app.pipeline.data_loader:load_open_db_table:196 - Loading material_ids.csv
2026-07-26 18:33:02 | INFO     | backend.app.pipeline.data_loader:load_open_db_table:198 - Loaded material_ids.csv: 294 rows, 7 columns
2026-07-26 18:33:02 | INFO     | backend.app.pipeline.data_loader:load_open_db_table:196 - Loading source_ids.csv
2026-07-26 18:33:02 | INFO     | backend.app.pipeline.data_loader:load_open_db_table:198 - Loaded source_ids.csv: 2483 rows, 3 columns
2026-07-26 18:33:02 | INFO     | backend.app.pipeline.data_loader:load_world_commodities:248 - Loading world commodities from C:\Users\soumy\OneDrive\Desktop\Project\World Mining Commodities\world_mining_commodities_clean.csv
2026-07-26 18:33:02 | INFO     | backend.app.pipeline.data_loader:load_world_commodities:250 - Loaded world commodities: 1982 rows
2026-07-26 18:33:02 | INFO     | backend.app.pipeline.data_loader:load_world_companies:256 - Loading world companies from C:\Users\soumy\OneDrive\Desktop\Project\World Mining Commodities\116_world_mining_companies_clean.csv
2026-07-26 18:33:02 | INFO     | backend.app.pipeline.data_loader:load_world_companies:258 - Loaded world companies: 116 rows
2026-07-26 18:33:02 | INFO     | backend.app.pipeline.data_loader:load_commodity_info:264 - Loading commodity info from C:\Users\soumy\OneDrive\Desktop\Project\World Mining Commodities\commodity_info.xlsx
2026-07-26 18:33:02 | INFO     | backend.app.pipeline.data_loader:load_commodity_info:266 - Loaded commodity info: 65 rows
2026-07-26 18:33:02 | INFO     | __main__:setup_database:13 - Initializing database...
2026-07-26 18:33:02 | INFO     | __main__:setup_database:20 - Database setup complete
2026-07-26 18:33:02 | INFO     | __main__:setup_models:24 - Training ML models...
2026-07-26 18:33:02 | INFO     | backend.app.services.prediction_service:train_all_models:27 - Training all models
2026-07-26 18:33:02 | INFO     | backend.app.pipeline.preprocessor:fit_transform:25 - Preprocessing mining projects data
2026-07-26 18:33:02 | INFO     | backend.app.pipeline.preprocessor:fit_transform:31 - Filtered to 65 projects with >=10 REE oxide values
2026-07-26 18:33:02 | INFO     | backend.app.pipeline.preprocessor:fit_transform:86 - Preprocessing complete: X shape=(65, 19), features=['log_resource', 'grade_pct', 'continent_encoded', 'deposit_type_encoded', 'La2O3_norm', 'Ce2O3_norm', 'Pr6O11_norm', 'Nd2O3_norm', 'Sm2O3_norm', 'Eu2O3_norm', 'Gd2O3_norm', 'Tb4O7_norm', 'Dy2O3_norm', 'Ho2O3_norm', 'Er2O3_norm', 'Tm2O3_norm', 'Yb2O3_norm', 'Lu2O3_norm', 'Y2O3_norm']
2026-07-26 18:33:02 | INFO     | backend.app.ml.models.base:train:69 - Training HREE Predictor
2026-07-26 18:33:03 | INFO     | backend.app.ml.models.base:save:36 - Saved model hree_predictor to backend\models\hree_predictor
2026-07-26 18:33:03 | INFO     | backend.app.ml.models.base:train:99 - HREE Predictor trained: R2=0.9460, RMSE=7.5012
2026-07-26 18:33:03 | INFO     | backend.app.ml.models.base:train:122 - Training Deposit Classifier
2026-07-26 18:33:04 | INFO     | backend.app.ml.models.base:save:36 - Saved model deposit_classifier to backend\models\deposit_classifier
2026-07-26 18:33:04 | INFO     | backend.app.ml.models.base:train:161 - Deposit Classifier trained: Accuracy=0.7692
2026-07-26 18:33:04 | INFO     | backend.app.ml.models.base:train:185 - Training Resource Estimator
2026-07-26 18:33:05 | INFO     | backend.app.ml.models.base:save:36 - Saved model resource_estimator to backend\models\resource_estimator
2026-07-26 18:33:05 | INFO     | backend.app.ml.models.base:train:214 - Resource Estimator trained: R2=0.9909
2026-07-26 18:33:05 | INFO     | backend.app.ml.models.base:train:238 - Training Dy2O3 Predictor
2026-07-26 18:33:06 | INFO     | backend.app.ml.models.base:save:36 - Saved model dy_predictor to backend\models\dy_predictor
2026-07-26 18:33:06 | INFO     | backend.app.ml.models.base:train:268 - Dy2O3 Predictor trained: R2=0.8486
2026-07-26 18:33:06 | INFO     | backend.app.ml.models.base:load:49 - Loaded model hree_predictor
2026-07-26 18:33:06 | INFO     | backend.app.ml.models.base:load:49 - Loaded model deposit_classifier
2026-07-26 18:33:06 | INFO     | backend.app.ml.models.base:load:49 - Loaded model resource_estimator
2026-07-26 18:33:06 | INFO     | backend.app.ml.models.base:load:49 - Loaded model dy_predictor
2026-07-26 18:33:06 | INFO     | backend.app.services.prediction_service:train_all_models:78 - All models trained: ['hree_predictor', 'deposit_classifier', 'resource_estimator', 'dy_predictor']
2026-07-26 18:33:06 | INFO     | __main__:setup_models:31 -   hree_predictor: 0.9460
2026-07-26 18:33:06 | INFO     | __main__:setup_models:31 -   deposit_classifier: 0.7692
2026-07-26 18:33:06 | INFO     | __main__:setup_models:31 -   resource_estimator: 0.9909
2026-07-26 18:33:06 | INFO     | __main__:setup_models:31 -   dy_predictor: 0.8486
2026-07-26 18:33:06 | INFO     | __main__:setup_models:34 - Model training complete
2026-07-26 18:33:06 | INFO     | __main__:setup_all:42 - Setup complete. Run 'python run.py' to start the application.
2026-07-26 18:33:12 | INFO     | uvicorn.server:serve:76 - Started server process [12600]
2026-07-26 18:33:12 | INFO     | uvicorn.lifespan.on:startup:46 - Waiting for application startup.
2026-07-26 18:33:12 | INFO     | backend.app.main:lifespan:24 - Starting LCA Platform application
2026-07-26 18:33:12 | INFO     | backend.app.main:lifespan:26 - Database initialized
2026-07-26 18:33:12 | INFO     | backend.app.pipeline.data_loader:load_mining_projects:25 - Loading mining projects from C:\Users\soumy\OneDrive\Desktop\Project\Global Rare Earth Elements Projects\mining_projects.csv
2026-07-26 18:33:12 | INFO     | backend.app.pipeline.data_loader:load_mining_projects:89 - Loaded mining projects: 146 rows, 51 columns
2026-07-26 18:33:12 | INFO     | backend.app.pipeline.data_loader:load_factory:95 - Loading factory data from C:\Users\soumy\OneDrive\Desktop\Project\Global Rare Earth Elements Projects\factory.csv
2026-07-26 18:33:12 | INFO     | backend.app.pipeline.data_loader:load_factory:134 - Loaded factory data: 67 rows
2026-07-26 18:33:12 | INFO     | backend.app.pipeline.data_loader:load_facilities_gpkg:182 - Loading facilities from C:\Users\soumy\OneDrive\Desktop\Project\Open Database on Global Coal and Metal Mining\data\facilities.gpkg
2026-07-26 18:33:12 | WARNING  | backend.app.pipeline.data_loader:load_facilities_gpkg:190 - Could not load geopackage: y attribute access only provided for Point geometries. Falling back to CSV approach.
2026-07-26 18:33:12 | INFO     | backend.app.pipeline.data_loader:load_open_db_table:196 - Loading commodities.csv
2026-07-26 18:33:12 | INFO     | backend.app.pipeline.data_loader:load_open_db_table:198 - Loaded commodities.csv: 9426 rows, 16 columns
2026-07-26 18:33:12 | INFO     | backend.app.pipeline.data_loader:load_open_db_table:196 - Loading minerals.csv
2026-07-26 18:33:12 | INFO     | backend.app.pipeline.data_loader:load_open_db_table:198 - Loaded minerals.csv: 12292 rows, 12 columns
2026-07-26 18:33:12 | INFO     | backend.app.pipeline.data_loader:load_open_db_table:196 - Loading coal.csv
2026-07-26 18:33:12 | INFO     | backend.app.pipeline.data_loader:load_open_db_table:198 - Loaded coal.csv: 10478 rows, 10 columns
2026-07-26 18:33:12 | INFO     | backend.app.pipeline.data_loader:load_open_db_table:196 - Loading processing.csv
2026-07-26 18:33:12 | INFO     | backend.app.pipeline.data_loader:load_open_db_table:198 - Loaded processing.csv: 3979 rows, 16 columns
2026-07-26 18:33:12 | INFO     | backend.app.pipeline.data_loader:load_open_db_table:196 - Loading waste.csv
2026-07-26 18:33:12 | INFO     | backend.app.pipeline.data_loader:load_open_db_table:198 - Loaded waste.csv: 1119 rows, 13 columns
2026-07-26 18:33:12 | INFO     | backend.app.pipeline.data_loader:load_open_db_table:196 - Loading transport.csv
2026-07-26 18:33:12 | INFO     | backend.app.pipeline.data_loader:load_open_db_table:198 - Loaded transport.csv: 941 rows, 12 columns
2026-07-26 18:33:12 | INFO     | backend.app.pipeline.data_loader:load_open_db_table:196 - Loading reserves.csv
2026-07-26 18:33:12 | INFO     | backend.app.pipeline.data_loader:load_open_db_table:198 - Loaded reserves.csv: 1039 rows, 10 columns
2026-07-26 18:33:12 | INFO     | backend.app.pipeline.data_loader:load_open_db_table:196 - Loading ownership.csv
2026-07-26 18:33:12 | INFO     | backend.app.pipeline.data_loader:load_open_db_table:198 - Loaded ownership.csv: 699 rows, 7 columns
2026-07-26 18:33:12 | INFO     | backend.app.pipeline.data_loader:load_open_db_table:196 - Loading capacity.csv
2026-07-26 18:33:12 | INFO     | backend.app.pipeline.data_loader:load_open_db_table:198 - Loaded capacity.csv: 163 rows, 8 columns
2026-07-26 18:33:12 | INFO     | backend.app.pipeline.data_loader:load_open_db_table:196 - Loading material_ids.csv
2026-07-26 18:33:12 | INFO     | backend.app.pipeline.data_loader:load_open_db_table:198 - Loaded material_ids.csv: 294 rows, 7 columns
2026-07-26 18:33:12 | INFO     | backend.app.pipeline.data_loader:load_open_db_table:196 - Loading source_ids.csv
2026-07-26 18:33:12 | INFO     | backend.app.pipeline.data_loader:load_open_db_table:198 - Loaded source_ids.csv: 2483 rows, 3 columns
2026-07-26 18:33:12 | INFO     | backend.app.pipeline.data_loader:load_world_commodities:248 - Loading world commodities from C:\Users\soumy\OneDrive\Desktop\Project\World Mining Commodities\world_mining_commodities_clean.csv
2026-07-26 18:33:12 | INFO     | backend.app.pipeline.data_loader:load_world_commodities:250 - Loaded world commodities: 1982 rows
2026-07-26 18:33:12 | INFO     | backend.app.pipeline.data_loader:load_world_companies:256 - Loading world companies from C:\Users\soumy\OneDrive\Desktop\Project\World Mining Commodities\116_world_mining_companies_clean.csv
2026-07-26 18:33:12 | INFO     | backend.app.pipeline.data_loader:load_world_companies:258 - Loaded world companies: 116 rows
2026-07-26 18:33:12 | INFO     | backend.app.pipeline.data_loader:load_commodity_info:264 - Loading commodity info from C:\Users\soumy\OneDrive\Desktop\Project\World Mining Commodities\commodity_info.xlsx
2026-07-26 18:33:12 | INFO     | backend.app.pipeline.data_loader:load_commodity_info:266 - Loaded commodity info: 65 rows
2026-07-26 18:33:12 | INFO     | backend.app.main:lifespan:30 - Datasets loaded successfully
2026-07-26 18:33:12 | INFO     | uvicorn.lifespan.on:startup:60 - Application startup complete.
2026-07-26 18:33:18 | DEBUG    | backend.app.main:log_requests:58 - GET / -> 200 (0.003s)
2026-07-26 18:33:18 | INFO     | uvicorn.protocols.http.httptools_impl:send:496 - 127.0.0.1:58220 - "GET / HTTP/1.1" 200
2026-07-26 18:33:19 | DEBUG    | backend.app.main:log_requests:58 - GET /static/css/style.css -> 200 (0.002s)
2026-07-26 18:33:19 | INFO     | uvicorn.protocols.http.httptools_impl:send:496 - 127.0.0.1:58220 - "GET /css/style.css HTTP/1.1" 200
2026-07-26 18:33:19 | DEBUG    | backend.app.main:log_requests:58 - GET /static/js/api.js -> 200 (0.002s)
2026-07-26 18:33:19 | INFO     | uvicorn.protocols.http.httptools_impl:send:496 - 127.0.0.1:58220 - "GET /js/api.js HTTP/1.1" 200
2026-07-26 18:33:19 | DEBUG    | backend.app.main:log_requests:58 - GET /static/js/charts.js -> 200 (0.002s)
2026-07-26 18:33:19 | INFO     | uvicorn.protocols.http.httptools_impl:send:496 - 127.0.0.1:58220 - "GET /js/charts.js HTTP/1.1" 200
2026-07-26 18:33:19 | DEBUG    | backend.app.main:log_requests:58 - GET /static/js/app.js -> 200 (0.004s)
2026-07-26 18:33:19 | INFO     | uvicorn.protocols.http.httptools_impl:send:496 - 127.0.0.1:56225 - "GET /js/app.js HTTP/1.1" 200
2026-07-26 18:33:19 | DEBUG    | backend.app.main:log_requests:58 - GET /api/v1/health -> 404 (0.000s)
2026-07-26 18:33:19 | INFO     | uvicorn.protocols.http.httptools_impl:send:496 - 127.0.0.1:58220 - "GET /api/v1/health HTTP/1.1" 404
2026-07-26 18:33:19 | INFO     | backend.app.services.dashboard_service:get_dashboard_data:13 - Building dashboard data
2026-07-26 18:33:19 | INFO     | backend.app.ml.models.base:load:49 - Loaded model hree_predictor
2026-07-26 18:33:19 | INFO     | backend.app.ml.models.base:load:49 - Loaded model deposit_classifier
2026-07-26 18:33:19 | INFO     | backend.app.ml.models.base:load:49 - Loaded model resource_estimator
2026-07-26 18:33:19 | INFO     | backend.app.ml.models.base:load:49 - Loaded model dy_predictor
2026-07-26 18:33:19 | DEBUG    | backend.app.main:log_requests:58 - GET /api/v1/dashboard/ -> 200 (0.251s)
2026-07-26 18:33:19 | INFO     | uvicorn.protocols.http.httptools_impl:send:496 - 127.0.0.1:56225 - "GET /api/v1/dashboard/ HTTP/1.1" 200
2026-07-26 18:33:25 | DEBUG    | backend.app.main:log_requests:58 - GET /api/v1/datasets/ -> 200 (0.071s)
2026-07-26 18:33:25 | INFO     | uvicorn.protocols.http.httptools_impl:send:496 - 127.0.0.1:50249 - "GET /api/v1/datasets/ HTTP/1.1" 200
2026-07-26 18:33:29 | DEBUG    | backend.app.main:log_requests:58 - GET /api/v1/datasets/facilities -> 404 (0.001s)
2026-07-26 18:33:29 | INFO     | uvicorn.protocols.http.httptools_impl:send:496 - 127.0.0.1:50249 - "GET /api/v1/datasets/facilities HTTP/1.1" 404
2026-07-26 18:33:29 | DEBUG    | backend.app.main:log_requests:58 - GET /api/v1/datasets/facilities/sample -> 404 (0.001s)
2026-07-26 18:33:29 | INFO     | uvicorn.protocols.http.httptools_impl:send:496 - 127.0.0.1:49672 - "GET /api/v1/datasets/facilities/sample?rows=5 HTTP/1.1" 404
2026-07-26 18:33:30 | DEBUG    | backend.app.main:log_requests:58 - GET /api/v1/datasets/facilities -> 404 (0.002s)
2026-07-26 18:33:30 | DEBUG    | backend.app.main:log_requests:58 - GET /api/v1/datasets/facilities/sample -> 404 (0.001s)
2026-07-26 18:33:30 | INFO     | uvicorn.protocols.http.httptools_impl:send:496 - 127.0.0.1:49672 - "GET /api/v1/datasets/facilities HTTP/1.1" 404
2026-07-26 18:33:30 | INFO     | uvicorn.protocols.http.httptools_impl:send:496 - 127.0.0.1:50249 - "GET /api/v1/datasets/facilities/sample?rows=5 HTTP/1.1" 404
2026-07-26 18:33:31 | DEBUG    | backend.app.main:log_requests:58 - GET /api/v1/predictions/history -> 200 (0.006s)
2026-07-26 18:33:31 | INFO     | uvicorn.protocols.http.httptools_impl:send:496 - 127.0.0.1:49672 - "GET /api/v1/predictions/history?limit=10 HTTP/1.1" 200
2026-07-26 18:33:31 | INFO     | backend.app.ml.models.base:load:49 - Loaded model hree_predictor
2026-07-26 18:33:31 | INFO     | backend.app.ml.models.base:load:49 - Loaded model deposit_classifier
2026-07-26 18:33:31 | INFO     | backend.app.ml.models.base:load:49 - Loaded model resource_estimator
2026-07-26 18:33:31 | INFO     | backend.app.ml.models.base:load:49 - Loaded model dy_predictor
2026-07-26 18:33:31 | DEBUG    | backend.app.main:log_requests:58 - GET /api/v1/predictions/metrics -> 200 (0.079s)
2026-07-26 18:33:31 | INFO     | uvicorn.protocols.http.httptools_impl:send:496 - 127.0.0.1:50249 - "GET /api/v1/predictions/metrics HTTP/1.1" 200
2026-07-26 18:33:34 | DEBUG    | backend.app.main:log_requests:58 - GET /api/v1/environmental/benchmarks -> 200 (0.002s)
2026-07-26 18:33:34 | INFO     | uvicorn.protocols.http.httptools_impl:send:496 - 127.0.0.1:50249 - "GET /api/v1/environmental/benchmarks HTTP/1.1" 200
2026-07-26 18:33:52 | INFO     | backend.app.services.dashboard_service:get_dashboard_data:13 - Building dashboard data
2026-07-26 18:33:52 | INFO     | backend.app.ml.models.base:load:49 - Loaded model hree_predictor
2026-07-26 18:33:52 | INFO     | backend.app.ml.models.base:load:49 - Loaded model deposit_classifier
2026-07-26 18:33:52 | INFO     | backend.app.ml.models.base:load:49 - Loaded model resource_estimator
2026-07-26 18:33:52 | INFO     | backend.app.ml.models.base:load:49 - Loaded model dy_predictor
2026-07-26 18:33:52 | DEBUG    | backend.app.main:log_requests:58 - GET /api/v1/dashboard/ -> 200 (0.154s)
2026-07-26 18:33:52 | INFO     | uvicorn.protocols.http.httptools_impl:send:496 - 127.0.0.1:57306 - "GET /api/v1/dashboard/ HTTP/1.1" 200
2026-07-26 18:34:01 | DEBUG    | backend.app.main:log_requests:58 - GET /api/v1/datasets/ -> 200 (0.065s)
2026-07-26 18:34:01 | INFO     | uvicorn.protocols.http.httptools_impl:send:496 - 127.0.0.1:49886 - "GET /api/v1/datasets/ HTTP/1.1" 200
2026-07-26 18:34:04 | INFO     | backend.app.pipeline.data_loader:load_mining_projects:25 - Loading mining projects from C:\Users\soumy\OneDrive\Desktop\Project\Global Rare Earth Elements Projects\mining_projects.csv
2026-07-26 18:34:04 | INFO     | backend.app.pipeline.data_loader:load_mining_projects:89 - Loaded mining projects: 146 rows, 51 columns
2026-07-26 18:34:04 | INFO     | backend.app.pipeline.data_loader:load_factory:95 - Loading factory data from C:\Users\soumy\OneDrive\Desktop\Project\Global Rare Earth Elements Projects\factory.csv
2026-07-26 18:34:04 | INFO     | backend.app.pipeline.data_loader:load_factory:134 - Loaded factory data: 67 rows
2026-07-26 18:34:04 | INFO     | backend.app.pipeline.data_loader:load_facilities_gpkg:182 - Loading facilities from C:\Users\soumy\OneDrive\Desktop\Project\Open Database on Global Coal and Metal Mining\data\facilities.gpkg
2026-07-26 18:34:04 | WARNING  | backend.app.pipeline.data_loader:load_facilities_gpkg:190 - Could not load geopackage: y attribute access only provided for Point geometries. Falling back to CSV approach.
2026-07-26 18:34:04 | INFO     | backend.app.pipeline.data_loader:load_open_db_table:196 - Loading commodities.csv
2026-07-26 18:34:04 | INFO     | backend.app.pipeline.data_loader:load_open_db_table:198 - Loaded commodities.csv: 9426 rows, 16 columns
2026-07-26 18:34:04 | INFO     | backend.app.pipeline.data_loader:load_open_db_table:196 - Loading minerals.csv
2026-07-26 18:34:04 | INFO     | backend.app.pipeline.data_loader:load_open_db_table:198 - Loaded minerals.csv: 12292 rows, 12 columns
2026-07-26 18:34:04 | INFO     | backend.app.pipeline.data_loader:load_open_db_table:196 - Loading coal.csv
2026-07-26 18:34:04 | INFO     | backend.app.pipeline.data_loader:load_open_db_table:198 - Loaded coal.csv: 10478 rows, 10 columns
2026-07-26 18:34:04 | INFO     | backend.app.pipeline.data_loader:load_open_db_table:196 - Loading processing.csv
2026-07-26 18:34:04 | INFO     | backend.app.pipeline.data_loader:load_open_db_table:198 - Loaded processing.csv: 3979 rows, 16 columns
2026-07-26 18:34:04 | INFO     | backend.app.pipeline.data_loader:load_open_db_table:196 - Loading waste.csv
2026-07-26 18:34:04 | INFO     | backend.app.pipeline.data_loader:load_open_db_table:198 - Loaded waste.csv: 1119 rows, 13 columns
2026-07-26 18:34:04 | INFO     | backend.app.pipeline.data_loader:load_open_db_table:196 - Loading transport.csv
2026-07-26 18:34:04 | INFO     | backend.app.pipeline.data_loader:load_open_db_table:198 - Loaded transport.csv: 941 rows, 12 columns
2026-07-26 18:34:04 | INFO     | backend.app.pipeline.data_loader:load_open_db_table:196 - Loading reserves.csv
2026-07-26 18:34:04 | INFO     | backend.app.pipeline.data_loader:load_open_db_table:198 - Loaded reserves.csv: 1039 rows, 10 columns
2026-07-26 18:34:04 | INFO     | backend.app.pipeline.data_loader:load_open_db_table:196 - Loading ownership.csv
2026-07-26 18:34:04 | INFO     | backend.app.pipeline.data_loader:load_open_db_table:198 - Loaded ownership.csv: 699 rows, 7 columns
2026-07-26 18:34:04 | INFO     | backend.app.pipeline.data_loader:load_open_db_table:196 - Loading capacity.csv
2026-07-26 18:34:04 | INFO     | backend.app.pipeline.data_loader:load_open_db_table:198 - Loaded capacity.csv: 163 rows, 8 columns
2026-07-26 18:34:04 | INFO     | backend.app.pipeline.data_loader:load_open_db_table:196 - Loading material_ids.csv
2026-07-26 18:34:04 | INFO     | backend.app.pipeline.data_loader:load_open_db_table:198 - Loaded material_ids.csv: 294 rows, 7 columns
2026-07-26 18:34:04 | INFO     | backend.app.pipeline.data_loader:load_open_db_table:196 - Loading source_ids.csv
2026-07-26 18:34:04 | INFO     | backend.app.pipeline.data_loader:load_open_db_table:198 - Loaded source_ids.csv: 2483 rows, 3 columns
2026-07-26 18:34:04 | INFO     | backend.app.pipeline.data_loader:load_world_commodities:248 - Loading world commodities from C:\Users\soumy\OneDrive\Desktop\Project\World Mining Commodities\world_mining_commodities_clean.csv
2026-07-26 18:34:04 | INFO     | backend.app.pipeline.data_loader:load_world_commodities:250 - Loaded world commodities: 1982 rows
2026-07-26 18:34:04 | INFO     | backend.app.pipeline.data_loader:load_world_companies:256 - Loading world companies from C:\Users\soumy\OneDrive\Desktop\Project\World Mining Commodities\116_world_mining_companies_clean.csv
2026-07-26 18:34:04 | INFO     | backend.app.pipeline.data_loader:load_world_companies:258 - Loaded world companies: 116 rows
2026-07-26 18:34:04 | INFO     | backend.app.pipeline.data_loader:load_commodity_info:264 - Loading commodity info from C:\Users\soumy\OneDrive\Desktop\Project\World Mining Commodities\commodity_info.xlsx
2026-07-26 18:34:04 | INFO     | backend.app.pipeline.data_loader:load_commodity_info:266 - Loaded commodity info: 65 rows
2026-07-26 18:34:04 | DEBUG    | backend.app.main:log_requests:58 - POST /api/v1/datasets/reload -> 200 (0.124s)
2026-07-26 18:34:04 | INFO     | uvicorn.protocols.http.httptools_impl:send:496 - 127.0.0.1:49886 - "POST /api/v1/datasets/reload HTTP/1.1" 200
2026-07-26 18:34:04 | DEBUG    | backend.app.main:log_requests:58 - GET /api/v1/datasets/ -> 200 (0.069s)
2026-07-26 18:34:04 | INFO     | uvicorn.protocols.http.httptools_impl:send:496 - 127.0.0.1:49886 - "GET /api/v1/datasets/ HTTP/1.1" 200
2026-07-26 18:34:06 | DEBUG    | backend.app.main:log_requests:58 - GET /api/v1/datasets/mining_projects -> 200 (0.007s)
2026-07-26 18:34:06 | INFO     | uvicorn.protocols.http.httptools_impl:send:496 - 127.0.0.1:49886 - "GET /api/v1/datasets/mining_projects HTTP/1.1" 200
2026-07-26 18:34:06 | DEBUG    | backend.app.main:log_requests:58 - GET /api/v1/datasets/mining_projects/sample -> 200 (0.013s)
2026-07-26 18:34:06 | INFO     | uvicorn.protocols.http.httptools_impl:send:496 - 127.0.0.1:55501 - "GET /api/v1/datasets/mining_projects/sample?rows=5 HTTP/1.1" 200
2026-07-26 18:34:15 | DEBUG    | backend.app.main:log_requests:58 - GET /api/v1/predictions/history -> 200 (0.001s)
2026-07-26 18:34:15 | INFO     | uvicorn.protocols.http.httptools_impl:send:496 - 127.0.0.1:51272 - "GET /api/v1/predictions/history?limit=10 HTTP/1.1" 200
2026-07-26 18:34:15 | INFO     | backend.app.ml.models.base:load:49 - Loaded model hree_predictor
2026-07-26 18:34:15 | INFO     | backend.app.ml.models.base:load:49 - Loaded model deposit_classifier
2026-07-26 18:34:15 | INFO     | backend.app.ml.models.base:load:49 - Loaded model resource_estimator
2026-07-26 18:34:15 | INFO     | backend.app.ml.models.base:load:49 - Loaded model dy_predictor
2026-07-26 18:34:15 | DEBUG    | backend.app.main:log_requests:58 - GET /api/v1/predictions/metrics -> 200 (0.071s)
2026-07-26 18:34:15 | INFO     | uvicorn.protocols.http.httptools_impl:send:496 - 127.0.0.1:54080 - "GET /api/v1/predictions/metrics HTTP/1.1" 200
2026-07-26 18:34:25 | DEBUG    | backend.app.main:log_requests:58 - GET /api/v1/environmental/benchmarks -> 200 (0.003s)
2026-07-26 18:34:25 | INFO     | uvicorn.protocols.http.httptools_impl:send:496 - 127.0.0.1:60123 - "GET /api/v1/environmental/benchmarks HTTP/1.1" 200
2026-07-26 18:34:32 | INFO     | backend.app.services.environmental_service:run_lca_assessment:15 - Running LCA for REE Processing Plant
2026-07-26 18:34:32 | INFO     | backend.app.lca.engine:full_assessment:204 - Running full LCA assessment
2026-07-26 18:34:32 | INFO     | backend.app.lca.engine:calculate:68 - Calculating carbon footprint
2026-07-26 18:34:32 | INFO     | backend.app.lca.engine:calculate:98 - Calculating water footprint
2026-07-26 18:34:32 | INFO     | backend.app.lca.engine:calculate:124 - Calculating energy consumption
2026-07-26 18:34:32 | INFO     | backend.app.lca.engine:calculate:150 - Calculating waste generation
2026-07-26 18:34:32 | DEBUG    | backend.app.main:log_requests:58 - POST /api/v1/environmental/assess -> 200 (0.013s)
2026-07-26 18:34:32 | INFO     | uvicorn.protocols.http.httptools_impl:send:496 - 127.0.0.1:62670 - "POST /api/v1/environmental/assess HTTP/1.1" 200
2026-07-26 18:34:53 | INFO     | backend.app.services.circularity_service:calculate_circularity:16 - Calculating circularity for REE Mine
2026-07-26 18:34:53 | INFO     | backend.app.circular.engine:calculate:10 - Calculating circularity metrics
2026-07-26 18:34:53 | DEBUG    | backend.app.main:log_requests:58 - POST /api/v1/circularity/calculate -> 200 (0.011s)
2026-07-26 18:34:53 | INFO     | uvicorn.protocols.http.httptools_impl:send:496 - 127.0.0.1:51520 - "POST /api/v1/circularity/calculate HTTP/1.1" 200
2026-07-26 18:35:05 | INFO     | backend.app.services.circularity_service:calculate_sustainability:52 - Calculating sustainability for REE Mine
2026-07-26 18:35:05 | INFO     | backend.app.circular.engine:calculate:92 - Calculating sustainability score
2026-07-26 18:35:05 | DEBUG    | backend.app.main:log_requests:58 - POST /api/v1/circularity/sustainability -> 200 (0.008s)
2026-07-26 18:35:05 | INFO     | uvicorn.protocols.http.httptools_impl:send:496 - 127.0.0.1:61953 - "POST /api/v1/circularity/sustainability HTTP/1.1" 200
2026-07-26 18:35:14 | DEBUG    | backend.app.main:log_requests:58 - GET /api/v1/reports/ -> 200 (0.003s)
2026-07-26 18:35:14 | INFO     | uvicorn.protocols.http.httptools_impl:send:496 - 127.0.0.1:59686 - "GET /api/v1/reports/ HTTP/1.1" 200
2026-07-26 18:35:17 | INFO     | backend.app.services.report_service:generate_report:13 - Generating comprehensive report
2026-07-26 18:35:17 | INFO     | uvicorn.protocols.http.httptools_impl:send:496 - 127.0.0.1:59686 - "POST /api/v1/reports/generate?report_type=comprehensive&title=Analysis%20Report HTTP/1.1" 500
2026-07-26 18:35:17 | ERROR    | uvicorn.protocols.http.httptools_impl:run_asgi:431 - Exception in ASGI application

Traceback (most recent call last):

  File "C:\Users\soumy\OneDrive\Desktop\Project\lca_platform\venv\Lib\site-packages\sqlalchemy\engine\base.py", line 1969, in _exec_single_context
    self.dialect.do_execute(
    │    │       └ <function DefaultDialect.do_execute at 0x000002000DF9ECA0>
    │    └ <sqlalchemy.dialects.sqlite.pysqlite.SQLiteDialect_pysqlite object at 0x000002000DC5F6B0>
    └ <sqlalchemy.engine.base.Connection object at 0x0000020040ECAAE0>
  File "C:\Users\soumy\OneDrive\Desktop\Project\lca_platform\venv\Lib\site-packages\sqlalchemy\engine\default.py", line 922, in do_execute
    cursor.execute(statement, parameters)
    │      │       │          └ (1, 'Analysis Report', 'comprehensive', '{"lca_summary": {"assessment_count": 1, "totals": {"carbon_kg_co2": 142200000.0, "wa...
    │      │       └ 'INSERT INTO reports (user_id, title, report_type, content, file_path, status, created_at) VALUES (?, ?, ?, ?, ?, ?, ?)'
    │      └ <method 'execute' of 'sqlite3.Cursor' objects>
    └ <sqlite3.Cursor object at 0x00000200411A1CC0>

sqlite3.IntegrityError: FOREIGN KEY constraint failed


The above exception was the direct cause of the following exception:


Traceback (most recent call last):

  File "<string>", line 1, in <module>
  File "C:\Users\soumy\AppData\Local\Programs\Python\Python312\Lib\multiprocessing\spawn.py", line 122, in spawn_main
    exitcode = _main(fd, parent_sentinel)
               │     │   └ 376
               │     └ 3
               └ <function _main at 0x0000020009310540>
  File "C:\Users\soumy\AppData\Local\Programs\Python\Python312\Lib\multiprocessing\spawn.py", line 135, in _main
    return self._bootstrap(parent_sentinel)
           │    │          └ 376
           │    └ <function BaseProcess._bootstrap at 0x0000020009213A60>
           └ <SpawnProcess name='SpawnProcess-1' parent=13248 started>
  File "C:\Users\soumy\AppData\Local\Programs\Python\Python312\Lib\multiprocessing\process.py", line 314, in _bootstrap
    self.run()
    │    └ <function BaseProcess.run at 0x0000020009212FC0>
    └ <SpawnProcess name='SpawnProcess-1' parent=13248 started>
  File "C:\Users\soumy\AppData\Local\Programs\Python\Python312\Lib\multiprocessing\process.py", line 108, in run
    self._target(*self._args, **self._kwargs)
    │    │        │    │        │    └ {'config': <uvicorn.config.Config object at 0x000002000962DAC0>, 'target': <bound method Server.run of <uvicorn.server.Server...
    │    │        │    │        └ <SpawnProcess name='SpawnProcess-1' parent=13248 started>
    │    │        │    └ ()
    │    │        └ <SpawnProcess name='SpawnProcess-1' parent=13248 started>
    │    └ <function subprocess_started at 0x000002000B727D80>
    └ <SpawnProcess name='SpawnProcess-1' parent=13248 started>
  File "C:\Users\soumy\OneDrive\Desktop\Project\lca_platform\venv\Lib\site-packages\uvicorn\_subprocess.py", line 76, in subprocess_started
    target(sockets=sockets)
    │              └ [<socket.socket fd=432, family=2, type=1, proto=6, laddr=('0.0.0.0', 8000)>]
    └ <bound method Server.run of <uvicorn.server.Server object at 0x000002000B85A9C0>>
  File "C:\Users\soumy\OneDrive\Desktop\Project\lca_platform\venv\Lib\site-packages\uvicorn\server.py", line 61, in run
    return asyncio.run(self.serve(sockets=sockets))
           │       │   │    │             └ [<socket.socket fd=432, family=2, type=1, proto=6, laddr=('0.0.0.0', 8000)>]
           │       │   │    └ <function Server.serve at 0x000002000B7272E0>
           │       │   └ <uvicorn.server.Server object at 0x000002000B85A9C0>
           │       └ <function run at 0x0000020009A0E660>
           └ <module 'asyncio' from 'C:\\Users\\soumy\\AppData\\Local\\Programs\\Python\\Python312\\Lib\\asyncio\\__init__.py'>
  File "C:\Users\soumy\AppData\Local\Programs\Python\Python312\Lib\asyncio\runners.py", line 195, in run
    return runner.run(main)
           │      │   └ <coroutine object Server.serve at 0x000002000B648740>
           │      └ <function Runner.run at 0x0000020009A5DF80>
           └ <asyncio.runners.Runner object at 0x000002000B69CC50>
  File "C:\Users\soumy\AppData\Local\Programs\Python\Python312\Lib\asyncio\runners.py", line 118, in run
    return self._loop.run_until_complete(task)
           │    │     │                  └ <Task pending name='Task-1' coro=<Server.serve() running at C:\Users\soumy\OneDrive\Desktop\Project\lca_platform\venv\Lib\sit...
           │    │     └ <function BaseEventLoop.run_until_complete at 0x0000020009A57B00>
           │    └ <_WindowsSelectorEventLoop running=True closed=False debug=False>
           └ <asyncio.runners.Runner object at 0x000002000B69CC50>
  File "C:\Users\soumy\AppData\Local\Programs\Python\Python312\Lib\asyncio\base_events.py", line 678, in run_until_complete
    self.run_forever()
    │    └ <function BaseEventLoop.run_forever at 0x0000020009A57A60>
    └ <_WindowsSelectorEventLoop running=True closed=False debug=False>
  File "C:\Users\soumy\AppData\Local\Programs\Python\Python312\Lib\asyncio\base_events.py", line 645, in run_forever
    self._run_once()
    │    └ <function BaseEventLoop._run_once at 0x0000020009A5D8A0>
    └ <_WindowsSelectorEventLoop running=True closed=False debug=False>
  File "C:\Users\soumy\AppData\Local\Programs\Python\Python312\Lib\asyncio\base_events.py", line 1999, in _run_once
    handle._run()
    │      └ <function Handle._run at 0x00000200099F5C60>
    └ <Handle Task.task_wakeup(<Future finished result=None>)>
  File "C:\Users\soumy\AppData\Local\Programs\Python\Python312\Lib\asyncio\events.py", line 88, in _run
    self._context.run(self._callback, *self._args)
    │    │            │    │           │    └ <member '_args' of 'Handle' objects>
    │    │            │    │           └ <Handle Task.task_wakeup(<Future finished result=None>)>
    │    │            │    └ <member '_callback' of 'Handle' objects>
    │    │            └ <Handle Task.task_wakeup(<Future finished result=None>)>
    │    └ <member '_context' of 'Handle' objects>
    └ <Handle Task.task_wakeup(<Future finished result=None>)>
> File "C:\Users\soumy\OneDrive\Desktop\Project\lca_platform\venv\Lib\site-packages\uvicorn\protocols\http\httptools_impl.py", line 426, in run_asgi
    result = await app(  # type: ignore[func-returns-value]
                   └ <uvicorn.middleware.proxy_headers.ProxyHeadersMiddleware object at 0x000002003EC296A0>
  File "C:\Users\soumy\OneDrive\Desktop\Project\lca_platform\venv\Lib\site-packages\uvicorn\middleware\proxy_headers.py", line 84, in __call__
    return await self.app(scope, receive, send)
                 │    │   │      │        └ <bound method RequestResponseCycle.send of <uvicorn.protocols.http.httptools_impl.RequestResponseCycle object at 0x0000020041...
                 │    │   │      └ <bound method RequestResponseCycle.receive of <uvicorn.protocols.http.httptools_impl.RequestResponseCycle object at 0x0000020...
                 │    │   └ {'type': 'http', 'asgi': {'version': '3.0', 'spec_version': '2.3'}, 'http_version': '1.1', 'server': ('127.0.0.1', 8000), 'cl...
                 │    └ <fastapi.applications.FastAPI object at 0x000002000D93B650>
                 └ <uvicorn.middleware.proxy_headers.ProxyHeadersMiddleware object at 0x000002003EC296A0>
  File "C:\Users\soumy\OneDrive\Desktop\Project\lca_platform\venv\Lib\site-packages\fastapi\applications.py", line 1106, in __call__
    await super().__call__(scope, receive, send)
                           │      │        └ <bound method RequestResponseCycle.send of <uvicorn.protocols.http.httptools_impl.RequestResponseCycle object at 0x0000020041...
                           │      └ <bound method RequestResponseCycle.receive of <uvicorn.protocols.http.httptools_impl.RequestResponseCycle object at 0x0000020...
                           └ {'type': 'http', 'asgi': {'version': '3.0', 'spec_version': '2.3'}, 'http_version': '1.1', 'server': ('127.0.0.1', 8000), 'cl...
  File "C:\Users\soumy\OneDrive\Desktop\Project\lca_platform\venv\Lib\site-packages\starlette\applications.py", line 122, in __call__
    await self.middleware_stack(scope, receive, send)
          │    │                │      │        └ <bound method RequestResponseCycle.send of <uvicorn.protocols.http.httptools_impl.RequestResponseCycle object at 0x0000020041...
          │    │                │      └ <bound method RequestResponseCycle.receive of <uvicorn.protocols.http.httptools_impl.RequestResponseCycle object at 0x0000020...
          │    │                └ {'type': 'http', 'asgi': {'version': '3.0', 'spec_version': '2.3'}, 'http_version': '1.1', 'server': ('127.0.0.1', 8000), 'cl...
          │    └ <starlette.middleware.errors.ServerErrorMiddleware object at 0x000002003ED517C0>
          └ <fastapi.applications.FastAPI object at 0x000002000D93B650>
  File "C:\Users\soumy\OneDrive\Desktop\Project\lca_platform\venv\Lib\site-packages\starlette\middleware\errors.py", line 184, in __call__
    raise exc
  File "C:\Users\soumy\OneDrive\Desktop\Project\lca_platform\venv\Lib\site-packages\starlette\middleware\errors.py", line 162, in __call__
    await self.app(scope, receive, _send)
          │    │   │      │        └ <function ServerErrorMiddleware.__call__.<locals>._send at 0x000002004110DB20>
          │    │   │      └ <bound method RequestResponseCycle.receive of <uvicorn.protocols.http.httptools_impl.RequestResponseCycle object at 0x0000020...
          │    │   └ {'type': 'http', 'asgi': {'version': '3.0', 'spec_version': '2.3'}, 'http_version': '1.1', 'server': ('127.0.0.1', 8000), 'cl...
          │    └ <starlette.middleware.base.BaseHTTPMiddleware object at 0x000002003E6D65A0>
          └ <starlette.middleware.errors.ServerErrorMiddleware object at 0x000002003ED517C0>
  File "C:\Users\soumy\OneDrive\Desktop\Project\lca_platform\venv\Lib\site-packages\starlette\middleware\base.py", line 108, in __call__
    response = await self.dispatch_func(request, call_next)
                     │    │             │        └ <function BaseHTTPMiddleware.__call__.<locals>.call_next at 0x000002004110DEE0>
                     │    │             └ <starlette.requests.Request object at 0x0000020041103410>
                     │    └ <function log_requests at 0x000002000D8DADE0>
                     └ <starlette.middleware.base.BaseHTTPMiddleware object at 0x000002003E6D65A0>

  File "C:\Users\soumy\OneDrive\Desktop\Project\lca_platform\backend\app\main.py", line 56, in log_requests
    response = await call_next(request)
                     │         └ <starlette.requests.Request object at 0x0000020041103410>
                     └ <function BaseHTTPMiddleware.__call__.<locals>.call_next at 0x000002004110DEE0>

  File "C:\Users\soumy\OneDrive\Desktop\Project\lca_platform\venv\Lib\site-packages\starlette\middleware\base.py", line 84, in call_next
    raise app_exc
          └ IntegrityError('(sqlite3.IntegrityError) FOREIGN KEY constraint failed')
  File "C:\Users\soumy\OneDrive\Desktop\Project\lca_platform\venv\Lib\site-packages\starlette\middleware\base.py", line 70, in coro
    await self.app(scope, receive_or_disconnect, send_no_error)
          │    │   │      │                      └ <function BaseHTTPMiddleware.__call__.<locals>.call_next.<locals>.send_no_error at 0x00000200408DB420>
          │    │   │      └ <function BaseHTTPMiddleware.__call__.<locals>.call_next.<locals>.receive_or_disconnect at 0x000002003F7B6C00>
          │    │   └ {'type': 'http', 'asgi': {'version': '3.0', 'spec_version': '2.3'}, 'http_version': '1.1', 'server': ('127.0.0.1', 8000), 'cl...
          │    └ <starlette.middleware.cors.CORSMiddleware object at 0x000002003CE6BFB0>
          └ <starlette.middleware.base.BaseHTTPMiddleware object at 0x000002003E6D65A0>
  File "C:\Users\soumy\OneDrive\Desktop\Project\lca_platform\venv\Lib\site-packages\starlette\middleware\cors.py", line 91, in __call__
    await self.simple_response(scope, receive, send, request_headers=headers)
          │    │               │      │        │                     └ Headers({'host': 'localhost:8000', 'connection': 'keep-alive', 'content-length': '0', 'sec-ch-ua-platform': '"Windows"', 'use...
          │    │               │      │        └ <function BaseHTTPMiddleware.__call__.<locals>.call_next.<locals>.send_no_error at 0x00000200408DB420>
          │    │               │      └ <function BaseHTTPMiddleware.__call__.<locals>.call_next.<locals>.receive_or_disconnect at 0x000002003F7B6C00>
          │    │               └ {'type': 'http', 'asgi': {'version': '3.0', 'spec_version': '2.3'}, 'http_version': '1.1', 'server': ('127.0.0.1', 8000), 'cl...
          │    └ <function CORSMiddleware.simple_response at 0x000002000D8D9940>
          └ <starlette.middleware.cors.CORSMiddleware object at 0x000002003CE6BFB0>
  File "C:\Users\soumy\OneDrive\Desktop\Project\lca_platform\venv\Lib\site-packages\starlette\middleware\cors.py", line 146, in simple_response
    await self.app(scope, receive, send)
          │    │   │      │        └ functools.partial(<bound method CORSMiddleware.send of <starlette.middleware.cors.CORSMiddleware object at 0x000002003CE6BFB0...
          │    │   │      └ <function BaseHTTPMiddleware.__call__.<locals>.call_next.<locals>.receive_or_disconnect at 0x000002003F7B6C00>
          │    │   └ {'type': 'http', 'asgi': {'version': '3.0', 'spec_version': '2.3'}, 'http_version': '1.1', 'server': ('127.0.0.1', 8000), 'cl...
          │    └ <starlette.middleware.exceptions.ExceptionMiddleware object at 0x000002003E863860>
          └ <starlette.middleware.cors.CORSMiddleware object at 0x000002003CE6BFB0>
  File "C:\Users\soumy\OneDrive\Desktop\Project\lca_platform\venv\Lib\site-packages\starlette\middleware\exceptions.py", line 79, in __call__
    raise exc
  File "C:\Users\soumy\OneDrive\Desktop\Project\lca_platform\venv\Lib\site-packages\starlette\middleware\exceptions.py", line 68, in __call__
    await self.app(scope, receive, sender)
          │    │   │      │        └ <function ExceptionMiddleware.__call__.<locals>.sender at 0x000002004110D1C0>
          │    │   │      └ <function BaseHTTPMiddleware.__call__.<locals>.call_next.<locals>.receive_or_disconnect at 0x000002003F7B6C00>
          │    │   └ {'type': 'http', 'asgi': {'version': '3.0', 'spec_version': '2.3'}, 'http_version': '1.1', 'server': ('127.0.0.1', 8000), 'cl...
          │    └ <fastapi.middleware.asyncexitstack.AsyncExitStackMiddleware object at 0x000002003EB52F60>
          └ <starlette.middleware.exceptions.ExceptionMiddleware object at 0x000002003E863860>
  File "C:\Users\soumy\OneDrive\Desktop\Project\lca_platform\venv\Lib\site-packages\fastapi\middleware\asyncexitstack.py", line 20, in __call__
    raise e
  File "C:\Users\soumy\OneDrive\Desktop\Project\lca_platform\venv\Lib\site-packages\fastapi\middleware\asyncexitstack.py", line 17, in __call__
    await self.app(scope, receive, send)
          │    │   │      │        └ <function ExceptionMiddleware.__call__.<locals>.sender at 0x000002004110D1C0>
          │    │   │      └ <function BaseHTTPMiddleware.__call__.<locals>.call_next.<locals>.receive_or_disconnect at 0x000002003F7B6C00>
          │    │   └ {'type': 'http', 'asgi': {'version': '3.0', 'spec_version': '2.3'}, 'http_version': '1.1', 'server': ('127.0.0.1', 8000), 'cl...
          │    └ <fastapi.routing.APIRouter object at 0x000002000E307FB0>
          └ <fastapi.middleware.asyncexitstack.AsyncExitStackMiddleware object at 0x000002003EB52F60>
  File "C:\Users\soumy\OneDrive\Desktop\Project\lca_platform\venv\Lib\site-packages\starlette\routing.py", line 718, in __call__
    await route.handle(scope, receive, send)
          │     │      │      │        └ <function ExceptionMiddleware.__call__.<locals>.sender at 0x000002004110D1C0>
          │     │      │      └ <function BaseHTTPMiddleware.__call__.<locals>.call_next.<locals>.receive_or_disconnect at 0x000002003F7B6C00>
          │     │      └ {'type': 'http', 'asgi': {'version': '3.0', 'spec_version': '2.3'}, 'http_version': '1.1', 'server': ('127.0.0.1', 8000), 'cl...
          │     └ <function Route.handle at 0x000002000D8396C0>
          └ APIRoute(path='/api/v1/reports/generate', name='generate_report', methods=['POST'])
  File "C:\Users\soumy\OneDrive\Desktop\Project\lca_platform\venv\Lib\site-packages\starlette\routing.py", line 276, in handle
    await self.app(scope, receive, send)
          │    │   │      │        └ <function ExceptionMiddleware.__call__.<locals>.sender at 0x000002004110D1C0>
          │    │   │      └ <function BaseHTTPMiddleware.__call__.<locals>.call_next.<locals>.receive_or_disconnect at 0x000002003F7B6C00>
          │    │   └ {'type': 'http', 'asgi': {'version': '3.0', 'spec_version': '2.3'}, 'http_version': '1.1', 'server': ('127.0.0.1', 8000), 'cl...
          │    └ <function request_response.<locals>.app at 0x000002003ED9CFE0>
          └ APIRoute(path='/api/v1/reports/generate', name='generate_report', methods=['POST'])
  File "C:\Users\soumy\OneDrive\Desktop\Project\lca_platform\venv\Lib\site-packages\starlette\routing.py", line 66, in app
    response = await func(request)
                     │    └ <starlette.requests.Request object at 0x00000200411037A0>
                     └ <function get_request_handler.<locals>.app at 0x000002003ED9D440>
  File "C:\Users\soumy\OneDrive\Desktop\Project\lca_platform\venv\Lib\site-packages\fastapi\routing.py", line 274, in app
    raw_response = await run_endpoint_function(
                         └ <function run_endpoint_function at 0x000002000D83A7A0>
  File "C:\Users\soumy\OneDrive\Desktop\Project\lca_platform\venv\Lib\site-packages\fastapi\routing.py", line 193, in run_endpoint_function
    return await run_in_threadpool(dependant.call, **values)
                 │                 │         │       └ {'db': <sqlalchemy.orm.session.Session object at 0x0000020041103530>, 'report_type': 'comprehensive', 'title': 'Analysis Repo...
                 │                 │         └ <function generate_report at 0x000002003ED5B240>
                 │                 └ <fastapi.dependencies.models.Dependant object at 0x000002003EDB5D60>
                 └ <function run_in_threadpool at 0x000002000C51CF40>
  File "C:\Users\soumy\OneDrive\Desktop\Project\lca_platform\venv\Lib\site-packages\starlette\concurrency.py", line 41, in run_in_threadpool
    return await anyio.to_thread.run_sync(func, *args)
                 │     │         │        │      └ ()
                 │     │         │        └ functools.partial(<function generate_report at 0x000002003ED5B240>, db=<sqlalchemy.orm.session.Session object at 0x0000020041...
                 │     │         └ <function run_sync at 0x000002000B7B0EA0>
                 │     └ <module 'anyio.to_thread' from 'C:\\Users\\soumy\\OneDrive\\Desktop\\Project\\lca_platform\\venv\\Lib\\site-packages\\anyio\\...
                 └ <module 'anyio' from 'C:\\Users\\soumy\\OneDrive\\Desktop\\Project\\lca_platform\\venv\\Lib\\site-packages\\anyio\\__init__.py'>
  File "C:\Users\soumy\OneDrive\Desktop\Project\lca_platform\venv\Lib\site-packages\anyio\to_thread.py", line 33, in run_sync
    return await get_asynclib().run_sync_in_worker_thread(
                 └ <function get_asynclib at 0x000002000B7723E0>
  File "C:\Users\soumy\OneDrive\Desktop\Project\lca_platform\venv\Lib\site-packages\anyio\_backends\_asyncio.py", line 877, in run_sync_in_worker_thread
    return await future
                 └ <Future finished exception=IntegrityError('(sqlite3.IntegrityError) FOREIGN KEY constraint failed')>
  File "C:\Users\soumy\OneDrive\Desktop\Project\lca_platform\venv\Lib\site-packages\anyio\_backends\_asyncio.py", line 807, in run
    result = context.run(func, *args)
             │       │   │      └ (<class 'sqlalchemy.exc.IntegrityError'>, IntegrityError('(sqlite3.IntegrityError) FOREIGN KEY constraint failed'), None)
             │       │   └ <bound method _GeneratorContextManager.__exit__ of <contextlib._GeneratorContextManager object at 0x0000020041102090>>
             │       └ <method 'run' of '_contextvars.Context' objects>
             └ <_contextvars.Context object at 0x0000020040E64FC0>

  File "C:\Users\soumy\OneDrive\Desktop\Project\lca_platform\backend\app\api\v1\reports.py", line 11, in generate_report
    result = report_service.generate_report(user_id=1, report_type=report_type, title=title, db=db)
             │              │                                      │                  │         └ <sqlalchemy.orm.session.Session object at 0x0000020041103530>
             │              │                                      │                  └ 'Analysis Report'
             │              │                                      └ 'comprehensive'
             │              └ <function generate_report at 0x000002003ED5B380>
             └ <module 'backend.app.services.report_service' from 'C:\\Users\\soumy\\OneDrive\\Desktop\\Project\\lca_platform\\backend\\app\...

  File "C:\Users\soumy\OneDrive\Desktop\Project\lca_platform\backend\app\services\report_service.py", line 34, in generate_report
    db.commit()
    │  └ <function Session.commit at 0x000002000E257100>
    └ <sqlalchemy.orm.session.Session object at 0x0000020041103530>

  File "C:\Users\soumy\OneDrive\Desktop\Project\lca_platform\venv\Lib\site-packages\sqlalchemy\orm\session.py", line 1969, in commit
    trans.commit(_to_root=True)
    │     └ <function SessionTransaction.commit at 0x000002000E256200>
    └ <sqlalchemy.orm.session.SessionTransaction object at 0x000002003F764D90>
  File "<string>", line 2, in commit
  File "C:\Users\soumy\OneDrive\Desktop\Project\lca_platform\venv\Lib\site-packages\sqlalchemy\orm\state_changes.py", line 139, in _go
    ret_value = fn(self, *arg, **kw)
                │  │      │      └ {'_to_root': True}
                │  │      └ ()
                │  └ <sqlalchemy.orm.session.SessionTransaction object at 0x000002003F764D90>
                └ <function SessionTransaction.commit at 0x000002000E256020>
  File "C:\Users\soumy\OneDrive\Desktop\Project\lca_platform\venv\Lib\site-packages\sqlalchemy\orm\session.py", line 1256, in commit
    self._prepare_impl()
    │    └ <function SessionTransaction._prepare_impl at 0x000002000E255EE0>
    └ <sqlalchemy.orm.session.SessionTransaction object at 0x000002003F764D90>
  File "<string>", line 2, in _prepare_impl
  File "C:\Users\soumy\OneDrive\Desktop\Project\lca_platform\venv\Lib\site-packages\sqlalchemy\orm\state_changes.py", line 139, in _go
    ret_value = fn(self, *arg, **kw)
                │  │      │      └ {}
                │  │      └ ()
                │  └ <sqlalchemy.orm.session.SessionTransaction object at 0x000002003F764D90>
                └ <function SessionTransaction._prepare_impl at 0x000002000E255E40>
  File "C:\Users\soumy\OneDrive\Desktop\Project\lca_platform\venv\Lib\site-packages\sqlalchemy\orm\session.py", line 1231, in _prepare_impl
    self.session.flush()
    │    │       └ <function Session.flush at 0x000002000E262020>
    │    └ <sqlalchemy.orm.session.Session object at 0x0000020041103530>
    └ <sqlalchemy.orm.session.SessionTransaction object at 0x000002003F764D90>
  File "C:\Users\soumy\OneDrive\Desktop\Project\lca_platform\venv\Lib\site-packages\sqlalchemy\orm\session.py", line 4312, in flush
    self._flush(objects)
    │    │      └ None
    │    └ <function Session._flush at 0x000002000E262200>
    └ <sqlalchemy.orm.session.Session object at 0x0000020041103530>
  File "C:\Users\soumy\OneDrive\Desktop\Project\lca_platform\venv\Lib\site-packages\sqlalchemy\orm\session.py", line 4447, in _flush
    with util.safe_reraise():
         │    └ <class 'sqlalchemy.util.langhelpers.safe_reraise'>
         └ <module 'sqlalchemy.util' from 'C:\\Users\\soumy\\OneDrive\\Desktop\\Project\\lca_platform\\venv\\Lib\\site-packages\\sqlalch...
  File "C:\Users\soumy\OneDrive\Desktop\Project\lca_platform\venv\Lib\site-packages\sqlalchemy\util\langhelpers.py", line 146, in __exit__
    raise exc_value.with_traceback(exc_tb)
          │         │              └ <traceback object at 0x0000020040E47080>
          │         └ <method 'with_traceback' of 'BaseException' objects>
          └ IntegrityError('(sqlite3.IntegrityError) FOREIGN KEY constraint failed')
  File "C:\Users\soumy\OneDrive\Desktop\Project\lca_platform\venv\Lib\site-packages\sqlalchemy\orm\session.py", line 4408, in _flush
    flush_context.execute()
    │             └ <function UOWTransaction.execute at 0x000002000E236A20>
    └ <sqlalchemy.orm.unitofwork.UOWTransaction object at 0x0000020040DDEDE0>
  File "C:\Users\soumy\OneDrive\Desktop\Project\lca_platform\venv\Lib\site-packages\sqlalchemy\orm\unitofwork.py", line 466, in execute
    rec.execute(self)
    │   │       └ <sqlalchemy.orm.unitofwork.UOWTransaction object at 0x0000020040DDEDE0>
    │   └ <function SaveUpdateAll.execute at 0x000002000E237560>
    └ SaveUpdateAll(Mapper[Report(reports)])
  File "C:\Users\soumy\OneDrive\Desktop\Project\lca_platform\venv\Lib\site-packages\sqlalchemy\orm\unitofwork.py", line 642, in execute
    util.preloaded.orm_persistence.save_obj(
    │    │         │               └ <function save_obj at 0x000002000E155C60>
    │    │         └ <module 'sqlalchemy.orm.persistence' from 'C:\\Users\\soumy\\OneDrive\\Desktop\\Project\\lca_platform\\venv\\Lib\\site-packag...
    │    └ <module 'sqlalchemy.util.preloaded' from 'C:\\Users\\soumy\\OneDrive\\Desktop\\Project\\lca_platform\\venv\\Lib\\site-package...
    └ <module 'sqlalchemy.util' from 'C:\\Users\\soumy\\OneDrive\\Desktop\\Project\\lca_platform\\venv\\Lib\\site-packages\\sqlalch...
  File "C:\Users\soumy\OneDrive\Desktop\Project\lca_platform\venv\Lib\site-packages\sqlalchemy\orm\persistence.py", line 93, in save_obj
    _emit_insert_statements(
    └ <function _emit_insert_statements at 0x000002000E22D9E0>
  File "C:\Users\soumy\OneDrive\Desktop\Project\lca_platform\venv\Lib\site-packages\sqlalchemy\orm\persistence.py", line 1226, in _emit_insert_statements
    result = connection.execute(
             │          └ <function Connection.execute at 0x000002000DF0FEC0>
             └ <sqlalchemy.engine.base.Connection object at 0x0000020040ECAAE0>
  File "C:\Users\soumy\OneDrive\Desktop\Project\lca_platform\venv\Lib\site-packages\sqlalchemy\engine\base.py", line 1416, in execute
    return meth(
           └ <bound method ClauseElement._execute_on_connection of <sqlalchemy.sql.dml.Insert object at 0x0000020040EC8F20>>
  File "C:\Users\soumy\OneDrive\Desktop\Project\lca_platform\venv\Lib\site-packages\sqlalchemy\sql\elements.py", line 516, in _execute_on_connection
    return connection._execute_clauseelement(
           │          └ <function Connection._execute_clauseelement at 0x000002000DF14220>
           └ <sqlalchemy.engine.base.Connection object at 0x0000020040ECAAE0>
  File "C:\Users\soumy\OneDrive\Desktop\Project\lca_platform\venv\Lib\site-packages\sqlalchemy\engine\base.py", line 1639, in _execute_clauseelement
    ret = self._execute_context(
          │    └ <function Connection._execute_context at 0x000002000DF14400>
          └ <sqlalchemy.engine.base.Connection object at 0x0000020040ECAAE0>
  File "C:\Users\soumy\OneDrive\Desktop\Project\lca_platform\venv\Lib\site-packages\sqlalchemy\engine\base.py", line 1848, in _execute_context
    return self._exec_single_context(
           │    └ <function Connection._exec_single_context at 0x000002000DF144A0>
           └ <sqlalchemy.engine.base.Connection object at 0x0000020040ECAAE0>
  File "C:\Users\soumy\OneDrive\Desktop\Project\lca_platform\venv\Lib\site-packages\sqlalchemy\engine\base.py", line 1988, in _exec_single_context
    self._handle_dbapi_exception(
    │    └ <function Connection._handle_dbapi_exception at 0x000002000DF14720>
    └ <sqlalchemy.engine.base.Connection object at 0x0000020040ECAAE0>
  File "C:\Users\soumy\OneDrive\Desktop\Project\lca_platform\venv\Lib\site-packages\sqlalchemy\engine\base.py", line 2343, in _handle_dbapi_exception
    raise sqlalchemy_exception.with_traceback(exc_info[2]) from e
          │                    │              │                 └ IntegrityError('FOREIGN KEY constraint failed')
          │                    │              └ (<class 'sqlite3.IntegrityError'>, IntegrityError('FOREIGN KEY constraint failed'), <traceback object at 0x0000020040E46F80>)
          │                    └ <method 'with_traceback' of 'BaseException' objects>
          └ IntegrityError('(sqlite3.IntegrityError) FOREIGN KEY constraint failed')
  File "C:\Users\soumy\OneDrive\Desktop\Project\lca_platform\venv\Lib\site-packages\sqlalchemy\engine\base.py", line 1969, in _exec_single_context
    self.dialect.do_execute(
    │    │       └ <function DefaultDialect.do_execute at 0x000002000DF9ECA0>
    │    └ <sqlalchemy.dialects.sqlite.pysqlite.SQLiteDialect_pysqlite object at 0x000002000DC5F6B0>
    └ <sqlalchemy.engine.base.Connection object at 0x0000020040ECAAE0>
  File "C:\Users\soumy\OneDrive\Desktop\Project\lca_platform\venv\Lib\site-packages\sqlalchemy\engine\default.py", line 922, in do_execute
    cursor.execute(statement, parameters)
    │      │       │          └ (1, 'Analysis Report', 'comprehensive', '{"lca_summary": {"assessment_count": 1, "totals": {"carbon_kg_co2": 142200000.0, "wa...
    │      │       └ 'INSERT INTO reports (user_id, title, report_type, content, file_path, status, created_at) VALUES (?, ?, ?, ?, ?, ?, ?)'
    │      └ <method 'execute' of 'sqlite3.Cursor' objects>
    └ <sqlite3.Cursor object at 0x00000200411A1CC0>

sqlalchemy.exc.IntegrityError: (sqlite3.IntegrityError) FOREIGN KEY constraint failed
[SQL: INSERT INTO reports (user_id, title, report_type, content, file_path, status, created_at) VALUES (?, ?, ?, ?, ?, ?, ?)]
[parameters: (1, 'Analysis Report', 'comprehensive', '{"lca_summary": {"assessment_count": 1, "totals": {"carbon_kg_co2": 142200000.0, "water_m3": 13800000.0, "energy_mj": 225000000.0, "waste_kg": 586500 ... (399 characters truncated) ... 56.25, "grade": "C+"}]}, "predictions_summary": {"message": "No predictions found", "predictions": []}, "generated_at": "2026-07-26T13:05:17.655985"}', '', 'generated', '2026-07-26 13:05:17.655985')]
(Background on this error at: https://sqlalche.me/e/20/gkpj)
2026-07-26 18:35:18 | INFO     | backend.app.services.report_service:generate_report:13 - Generating comprehensive report
2026-07-26 18:35:18 | INFO     | uvicorn.protocols.http.httptools_impl:send:496 - 127.0.0.1:53370 - "POST /api/v1/reports/generate?report_type=comprehensive&title=Analysis%20Report HTTP/1.1" 500
2026-07-26 18:35:18 | ERROR    | uvicorn.protocols.http.httptools_impl:run_asgi:431 - Exception in ASGI application

Traceback (most recent call last):

  File "C:\Users\soumy\OneDrive\Desktop\Project\lca_platform\venv\Lib\site-packages\sqlalchemy\engine\base.py", line 1969, in _exec_single_context
    self.dialect.do_execute(
    │    │       └ <function DefaultDialect.do_execute at 0x000002000DF9ECA0>
    │    └ <sqlalchemy.dialects.sqlite.pysqlite.SQLiteDialect_pysqlite object at 0x000002000DC5F6B0>
    └ <sqlalchemy.engine.base.Connection object at 0x0000020041166060>
  File "C:\Users\soumy\OneDrive\Desktop\Project\lca_platform\venv\Lib\site-packages\sqlalchemy\engine\default.py", line 922, in do_execute
    cursor.execute(statement, parameters)
    │      │       │          └ (1, 'Analysis Report', 'comprehensive', '{"lca_summary": {"assessment_count": 1, "totals": {"carbon_kg_co2": 142200000.0, "wa...
    │      │       └ 'INSERT INTO reports (user_id, title, report_type, content, file_path, status, created_at) VALUES (?, ?, ?, ?, ?, ?, ?)'
    │      └ <method 'execute' of 'sqlite3.Cursor' objects>
    └ <sqlite3.Cursor object at 0x00000200414B59C0>

sqlite3.IntegrityError: FOREIGN KEY constraint failed


The above exception was the direct cause of the following exception:


Traceback (most recent call last):

  File "<string>", line 1, in <module>
  File "C:\Users\soumy\AppData\Local\Programs\Python\Python312\Lib\multiprocessing\spawn.py", line 122, in spawn_main
    exitcode = _main(fd, parent_sentinel)
               │     │   └ 376
               │     └ 3
               └ <function _main at 0x0000020009310540>
  File "C:\Users\soumy\AppData\Local\Programs\Python\Python312\Lib\multiprocessing\spawn.py", line 135, in _main
    return self._bootstrap(parent_sentinel)
           │    │          └ 376
           │    └ <function BaseProcess._bootstrap at 0x0000020009213A60>
           └ <SpawnProcess name='SpawnProcess-1' parent=13248 started>
  File "C:\Users\soumy\AppData\Local\Programs\Python\Python312\Lib\multiprocessing\process.py", line 314, in _bootstrap
    self.run()
    │    └ <function BaseProcess.run at 0x0000020009212FC0>
    └ <SpawnProcess name='SpawnProcess-1' parent=13248 started>
  File "C:\Users\soumy\AppData\Local\Programs\Python\Python312\Lib\multiprocessing\process.py", line 108, in run
    self._target(*self._args, **self._kwargs)
    │    │        │    │        │    └ {'config': <uvicorn.config.Config object at 0x000002000962DAC0>, 'target': <bound method Server.run of <uvicorn.server.Server...
    │    │        │    │        └ <SpawnProcess name='SpawnProcess-1' parent=13248 started>
    │    │        │    └ ()
    │    │        └ <SpawnProcess name='SpawnProcess-1' parent=13248 started>
    │    └ <function subprocess_started at 0x000002000B727D80>
    └ <SpawnProcess name='SpawnProcess-1' parent=13248 started>
  File "C:\Users\soumy\OneDrive\Desktop\Project\lca_platform\venv\Lib\site-packages\uvicorn\_subprocess.py", line 76, in subprocess_started
    target(sockets=sockets)
    │              └ [<socket.socket fd=432, family=2, type=1, proto=6, laddr=('0.0.0.0', 8000)>]
    └ <bound method Server.run of <uvicorn.server.Server object at 0x000002000B85A9C0>>
  File "C:\Users\soumy\OneDrive\Desktop\Project\lca_platform\venv\Lib\site-packages\uvicorn\server.py", line 61, in run
    return asyncio.run(self.serve(sockets=sockets))
           │       │   │    │             └ [<socket.socket fd=432, family=2, type=1, proto=6, laddr=('0.0.0.0', 8000)>]
           │       │   │    └ <function Server.serve at 0x000002000B7272E0>
           │       │   └ <uvicorn.server.Server object at 0x000002000B85A9C0>
           │       └ <function run at 0x0000020009A0E660>
           └ <module 'asyncio' from 'C:\\Users\\soumy\\AppData\\Local\\Programs\\Python\\Python312\\Lib\\asyncio\\__init__.py'>
  File "C:\Users\soumy\AppData\Local\Programs\Python\Python312\Lib\asyncio\runners.py", line 195, in run
    return runner.run(main)
           │      │   └ <coroutine object Server.serve at 0x000002000B648740>
           │      └ <function Runner.run at 0x0000020009A5DF80>
           └ <asyncio.runners.Runner object at 0x000002000B69CC50>
  File "C:\Users\soumy\AppData\Local\Programs\Python\Python312\Lib\asyncio\runners.py", line 118, in run
    return self._loop.run_until_complete(task)
           │    │     │                  └ <Task pending name='Task-1' coro=<Server.serve() running at C:\Users\soumy\OneDrive\Desktop\Project\lca_platform\venv\Lib\sit...
           │    │     └ <function BaseEventLoop.run_until_complete at 0x0000020009A57B00>
           │    └ <_WindowsSelectorEventLoop running=True closed=False debug=False>
           └ <asyncio.runners.Runner object at 0x000002000B69CC50>
  File "C:\Users\soumy\AppData\Local\Programs\Python\Python312\Lib\asyncio\base_events.py", line 678, in run_until_complete
    self.run_forever()
    │    └ <function BaseEventLoop.run_forever at 0x0000020009A57A60>
    └ <_WindowsSelectorEventLoop running=True closed=False debug=False>
  File "C:\Users\soumy\AppData\Local\Programs\Python\Python312\Lib\asyncio\base_events.py", line 645, in run_forever
    self._run_once()
    │    └ <function BaseEventLoop._run_once at 0x0000020009A5D8A0>
    └ <_WindowsSelectorEventLoop running=True closed=False debug=False>
  File "C:\Users\soumy\AppData\Local\Programs\Python\Python312\Lib\asyncio\base_events.py", line 1999, in _run_once
    handle._run()
    │      └ <function Handle._run at 0x00000200099F5C60>
    └ <Handle Task.task_wakeup(<Future finished result=None>)>
  File "C:\Users\soumy\AppData\Local\Programs\Python\Python312\Lib\asyncio\events.py", line 88, in _run
    self._context.run(self._callback, *self._args)
    │    │            │    │           │    └ <member '_args' of 'Handle' objects>
    │    │            │    │           └ <Handle Task.task_wakeup(<Future finished result=None>)>
    │    │            │    └ <member '_callback' of 'Handle' objects>
    │    │            └ <Handle Task.task_wakeup(<Future finished result=None>)>
    │    └ <member '_context' of 'Handle' objects>
    └ <Handle Task.task_wakeup(<Future finished result=None>)>
> File "C:\Users\soumy\OneDrive\Desktop\Project\lca_platform\venv\Lib\site-packages\uvicorn\protocols\http\httptools_impl.py", line 426, in run_asgi
    result = await app(  # type: ignore[func-returns-value]
                   └ <uvicorn.middleware.proxy_headers.ProxyHeadersMiddleware object at 0x000002003EC296A0>
  File "C:\Users\soumy\OneDrive\Desktop\Project\lca_platform\venv\Lib\site-packages\uvicorn\middleware\proxy_headers.py", line 84, in __call__
    return await self.app(scope, receive, send)
                 │    │   │      │        └ <bound method RequestResponseCycle.send of <uvicorn.protocols.http.httptools_impl.RequestResponseCycle object at 0x000002003F...
                 │    │   │      └ <bound method RequestResponseCycle.receive of <uvicorn.protocols.http.httptools_impl.RequestResponseCycle object at 0x0000020...
                 │    │   └ {'type': 'http', 'asgi': {'version': '3.0', 'spec_version': '2.3'}, 'http_version': '1.1', 'server': ('127.0.0.1', 8000), 'cl...
                 │    └ <fastapi.applications.FastAPI object at 0x000002000D93B650>
                 └ <uvicorn.middleware.proxy_headers.ProxyHeadersMiddleware object at 0x000002003EC296A0>
  File "C:\Users\soumy\OneDrive\Desktop\Project\lca_platform\venv\Lib\site-packages\fastapi\applications.py", line 1106, in __call__
    await super().__call__(scope, receive, send)
                           │      │        └ <bound method RequestResponseCycle.send of <uvicorn.protocols.http.httptools_impl.RequestResponseCycle object at 0x000002003F...
                           │      └ <bound method RequestResponseCycle.receive of <uvicorn.protocols.http.httptools_impl.RequestResponseCycle object at 0x0000020...
                           └ {'type': 'http', 'asgi': {'version': '3.0', 'spec_version': '2.3'}, 'http_version': '1.1', 'server': ('127.0.0.1', 8000), 'cl...
  File "C:\Users\soumy\OneDrive\Desktop\Project\lca_platform\venv\Lib\site-packages\starlette\applications.py", line 122, in __call__
    await self.middleware_stack(scope, receive, send)
          │    │                │      │        └ <bound method RequestResponseCycle.send of <uvicorn.protocols.http.httptools_impl.RequestResponseCycle object at 0x000002003F...
          │    │                │      └ <bound method RequestResponseCycle.receive of <uvicorn.protocols.http.httptools_impl.RequestResponseCycle object at 0x0000020...
          │    │                └ {'type': 'http', 'asgi': {'version': '3.0', 'spec_version': '2.3'}, 'http_version': '1.1', 'server': ('127.0.0.1', 8000), 'cl...
          │    └ <starlette.middleware.errors.ServerErrorMiddleware object at 0x000002003ED517C0>
          └ <fastapi.applications.FastAPI object at 0x000002000D93B650>
  File "C:\Users\soumy\OneDrive\Desktop\Project\lca_platform\venv\Lib\site-packages\starlette\middleware\errors.py", line 184, in __call__
    raise exc
  File "C:\Users\soumy\OneDrive\Desktop\Project\lca_platform\venv\Lib\site-packages\starlette\middleware\errors.py", line 162, in __call__
    await self.app(scope, receive, _send)
          │    │   │      │        └ <function ServerErrorMiddleware.__call__.<locals>._send at 0x0000020040854A40>
          │    │   │      └ <bound method RequestResponseCycle.receive of <uvicorn.protocols.http.httptools_impl.RequestResponseCycle object at 0x0000020...
          │    │   └ {'type': 'http', 'asgi': {'version': '3.0', 'spec_version': '2.3'}, 'http_version': '1.1', 'server': ('127.0.0.1', 8000), 'cl...
          │    └ <starlette.middleware.base.BaseHTTPMiddleware object at 0x000002003E6D65A0>
          └ <starlette.middleware.errors.ServerErrorMiddleware object at 0x000002003ED517C0>
  File "C:\Users\soumy\OneDrive\Desktop\Project\lca_platform\venv\Lib\site-packages\starlette\middleware\base.py", line 108, in __call__
    response = await self.dispatch_func(request, call_next)
                     │    │             │        └ <function BaseHTTPMiddleware.__call__.<locals>.call_next at 0x00000200412E22A0>
                     │    │             └ <starlette.requests.Request object at 0x000002003F7DA6F0>
                     │    └ <function log_requests at 0x000002000D8DADE0>
                     └ <starlette.middleware.base.BaseHTTPMiddleware object at 0x000002003E6D65A0>

  File "C:\Users\soumy\OneDrive\Desktop\Project\lca_platform\backend\app\main.py", line 56, in log_requests
    response = await call_next(request)
                     │         └ <starlette.requests.Request object at 0x000002003F7DA6F0>
                     └ <function BaseHTTPMiddleware.__call__.<locals>.call_next at 0x00000200412E22A0>

  File "C:\Users\soumy\OneDrive\Desktop\Project\lca_platform\venv\Lib\site-packages\starlette\middleware\base.py", line 84, in call_next
    raise app_exc
          └ IntegrityError('(sqlite3.IntegrityError) FOREIGN KEY constraint failed')
  File "C:\Users\soumy\OneDrive\Desktop\Project\lca_platform\venv\Lib\site-packages\starlette\middleware\base.py", line 70, in coro
    await self.app(scope, receive_or_disconnect, send_no_error)
          │    │   │      │                      └ <function BaseHTTPMiddleware.__call__.<locals>.call_next.<locals>.send_no_error at 0x00000200412E23E0>
          │    │   │      └ <function BaseHTTPMiddleware.__call__.<locals>.call_next.<locals>.receive_or_disconnect at 0x00000200412E2200>
          │    │   └ {'type': 'http', 'asgi': {'version': '3.0', 'spec_version': '2.3'}, 'http_version': '1.1', 'server': ('127.0.0.1', 8000), 'cl...
          │    └ <starlette.middleware.cors.CORSMiddleware object at 0x000002003CE6BFB0>
          └ <starlette.middleware.base.BaseHTTPMiddleware object at 0x000002003E6D65A0>
  File "C:\Users\soumy\OneDrive\Desktop\Project\lca_platform\venv\Lib\site-packages\starlette\middleware\cors.py", line 91, in __call__
    await self.simple_response(scope, receive, send, request_headers=headers)
          │    │               │      │        │                     └ Headers({'host': 'localhost:8000', 'connection': 'keep-alive', 'content-length': '0', 'sec-ch-ua-platform': '"Windows"', 'use...
          │    │               │      │        └ <function BaseHTTPMiddleware.__call__.<locals>.call_next.<locals>.send_no_error at 0x00000200412E23E0>
          │    │               │      └ <function BaseHTTPMiddleware.__call__.<locals>.call_next.<locals>.receive_or_disconnect at 0x00000200412E2200>
          │    │               └ {'type': 'http', 'asgi': {'version': '3.0', 'spec_version': '2.3'}, 'http_version': '1.1', 'server': ('127.0.0.1', 8000), 'cl...
          │    └ <function CORSMiddleware.simple_response at 0x000002000D8D9940>
          └ <starlette.middleware.cors.CORSMiddleware object at 0x000002003CE6BFB0>
  File "C:\Users\soumy\OneDrive\Desktop\Project\lca_platform\venv\Lib\site-packages\starlette\middleware\cors.py", line 146, in simple_response
    await self.app(scope, receive, send)
          │    │   │      │        └ functools.partial(<bound method CORSMiddleware.send of <starlette.middleware.cors.CORSMiddleware object at 0x000002003CE6BFB0...
          │    │   │      └ <function BaseHTTPMiddleware.__call__.<locals>.call_next.<locals>.receive_or_disconnect at 0x00000200412E2200>
          │    │   └ {'type': 'http', 'asgi': {'version': '3.0', 'spec_version': '2.3'}, 'http_version': '1.1', 'server': ('127.0.0.1', 8000), 'cl...
          │    └ <starlette.middleware.exceptions.ExceptionMiddleware object at 0x000002003E863860>
          └ <starlette.middleware.cors.CORSMiddleware object at 0x000002003CE6BFB0>
  File "C:\Users\soumy\OneDrive\Desktop\Project\lca_platform\venv\Lib\site-packages\starlette\middleware\exceptions.py", line 79, in __call__
    raise exc
  File "C:\Users\soumy\OneDrive\Desktop\Project\lca_platform\venv\Lib\site-packages\starlette\middleware\exceptions.py", line 68, in __call__
    await self.app(scope, receive, sender)
          │    │   │      │        └ <function ExceptionMiddleware.__call__.<locals>.sender at 0x0000020041222700>
          │    │   │      └ <function BaseHTTPMiddleware.__call__.<locals>.call_next.<locals>.receive_or_disconnect at 0x00000200412E2200>
          │    │   └ {'type': 'http', 'asgi': {'version': '3.0', 'spec_version': '2.3'}, 'http_version': '1.1', 'server': ('127.0.0.1', 8000), 'cl...
          │    └ <fastapi.middleware.asyncexitstack.AsyncExitStackMiddleware object at 0x000002003EB52F60>
          └ <starlette.middleware.exceptions.ExceptionMiddleware object at 0x000002003E863860>
  File "C:\Users\soumy\OneDrive\Desktop\Project\lca_platform\venv\Lib\site-packages\fastapi\middleware\asyncexitstack.py", line 20, in __call__
    raise e
  File "C:\Users\soumy\OneDrive\Desktop\Project\lca_platform\venv\Lib\site-packages\fastapi\middleware\asyncexitstack.py", line 17, in __call__
    await self.app(scope, receive, send)
          │    │   │      │        └ <function ExceptionMiddleware.__call__.<locals>.sender at 0x0000020041222700>
          │    │   │      └ <function BaseHTTPMiddleware.__call__.<locals>.call_next.<locals>.receive_or_disconnect at 0x00000200412E2200>
          │    │   └ {'type': 'http', 'asgi': {'version': '3.0', 'spec_version': '2.3'}, 'http_version': '1.1', 'server': ('127.0.0.1', 8000), 'cl...
          │    └ <fastapi.routing.APIRouter object at 0x000002000E307FB0>
          └ <fastapi.middleware.asyncexitstack.AsyncExitStackMiddleware object at 0x000002003EB52F60>
  File "C:\Users\soumy\OneDrive\Desktop\Project\lca_platform\venv\Lib\site-packages\starlette\routing.py", line 718, in __call__
    await route.handle(scope, receive, send)
          │     │      │      │        └ <function ExceptionMiddleware.__call__.<locals>.sender at 0x0000020041222700>
          │     │      │      └ <function BaseHTTPMiddleware.__call__.<locals>.call_next.<locals>.receive_or_disconnect at 0x00000200412E2200>
          │     │      └ {'type': 'http', 'asgi': {'version': '3.0', 'spec_version': '2.3'}, 'http_version': '1.1', 'server': ('127.0.0.1', 8000), 'cl...
          │     └ <function Route.handle at 0x000002000D8396C0>
          └ APIRoute(path='/api/v1/reports/generate', name='generate_report', methods=['POST'])
  File "C:\Users\soumy\OneDrive\Desktop\Project\lca_platform\venv\Lib\site-packages\starlette\routing.py", line 276, in handle
    await self.app(scope, receive, send)
          │    │   │      │        └ <function ExceptionMiddleware.__call__.<locals>.sender at 0x0000020041222700>
          │    │   │      └ <function BaseHTTPMiddleware.__call__.<locals>.call_next.<locals>.receive_or_disconnect at 0x00000200412E2200>
          │    │   └ {'type': 'http', 'asgi': {'version': '3.0', 'spec_version': '2.3'}, 'http_version': '1.1', 'server': ('127.0.0.1', 8000), 'cl...
          │    └ <function request_response.<locals>.app at 0x000002003ED9CFE0>
          └ APIRoute(path='/api/v1/reports/generate', name='generate_report', methods=['POST'])
  File "C:\Users\soumy\OneDrive\Desktop\Project\lca_platform\venv\Lib\site-packages\starlette\routing.py", line 66, in app
    response = await func(request)
                     │    └ <starlette.requests.Request object at 0x000002003F7D8F20>
                     └ <function get_request_handler.<locals>.app at 0x000002003ED9D440>
  File "C:\Users\soumy\OneDrive\Desktop\Project\lca_platform\venv\Lib\site-packages\fastapi\routing.py", line 274, in app
    raw_response = await run_endpoint_function(
                         └ <function run_endpoint_function at 0x000002000D83A7A0>
  File "C:\Users\soumy\OneDrive\Desktop\Project\lca_platform\venv\Lib\site-packages\fastapi\routing.py", line 193, in run_endpoint_function
    return await run_in_threadpool(dependant.call, **values)
                 │                 │         │       └ {'db': <sqlalchemy.orm.session.Session object at 0x0000020041167A40>, 'report_type': 'comprehensive', 'title': 'Analysis Repo...
                 │                 │         └ <function generate_report at 0x000002003ED5B240>
                 │                 └ <fastapi.dependencies.models.Dependant object at 0x000002003EDB5D60>
                 └ <function run_in_threadpool at 0x000002000C51CF40>
  File "C:\Users\soumy\OneDrive\Desktop\Project\lca_platform\venv\Lib\site-packages\starlette\concurrency.py", line 41, in run_in_threadpool
    return await anyio.to_thread.run_sync(func, *args)
                 │     │         │        │      └ ()
                 │     │         │        └ functools.partial(<function generate_report at 0x000002003ED5B240>, db=<sqlalchemy.orm.session.Session object at 0x0000020041...
                 │     │         └ <function run_sync at 0x000002000B7B0EA0>
                 │     └ <module 'anyio.to_thread' from 'C:\\Users\\soumy\\OneDrive\\Desktop\\Project\\lca_platform\\venv\\Lib\\site-packages\\anyio\\...
                 └ <module 'anyio' from 'C:\\Users\\soumy\\OneDrive\\Desktop\\Project\\lca_platform\\venv\\Lib\\site-packages\\anyio\\__init__.py'>
  File "C:\Users\soumy\OneDrive\Desktop\Project\lca_platform\venv\Lib\site-packages\anyio\to_thread.py", line 33, in run_sync
    return await get_asynclib().run_sync_in_worker_thread(
                 └ <function get_asynclib at 0x000002000B7723E0>
  File "C:\Users\soumy\OneDrive\Desktop\Project\lca_platform\venv\Lib\site-packages\anyio\_backends\_asyncio.py", line 877, in run_sync_in_worker_thread
    return await future
                 └ <Future finished exception=IntegrityError('(sqlite3.IntegrityError) FOREIGN KEY constraint failed')>
  File "C:\Users\soumy\OneDrive\Desktop\Project\lca_platform\venv\Lib\site-packages\anyio\_backends\_asyncio.py", line 807, in run
    result = context.run(func, *args)
             │       │   │      └ (<class 'sqlalchemy.exc.IntegrityError'>, IntegrityError('(sqlite3.IntegrityError) FOREIGN KEY constraint failed'), None)
             │       │   └ <bound method _GeneratorContextManager.__exit__ of <contextlib._GeneratorContextManager object at 0x00000200408C84A0>>
             │       └ <method 'run' of '_contextvars.Context' objects>
             └ <_contextvars.Context object at 0x0000020040DEAFC0>

  File "C:\Users\soumy\OneDrive\Desktop\Project\lca_platform\backend\app\api\v1\reports.py", line 11, in generate_report
    result = report_service.generate_report(user_id=1, report_type=report_type, title=title, db=db)
             │              │                                      │                  │         └ <sqlalchemy.orm.session.Session object at 0x0000020041167A40>
             │              │                                      │                  └ 'Analysis Report'
             │              │                                      └ 'comprehensive'
             │              └ <function generate_report at 0x000002003ED5B380>
             └ <module 'backend.app.services.report_service' from 'C:\\Users\\soumy\\OneDrive\\Desktop\\Project\\lca_platform\\backend\\app\...

  File "C:\Users\soumy\OneDrive\Desktop\Project\lca_platform\backend\app\services\report_service.py", line 34, in generate_report
    db.commit()
    │  └ <function Session.commit at 0x000002000E257100>
    └ <sqlalchemy.orm.session.Session object at 0x0000020041167A40>

  File "C:\Users\soumy\OneDrive\Desktop\Project\lca_platform\venv\Lib\site-packages\sqlalchemy\orm\session.py", line 1969, in commit
    trans.commit(_to_root=True)
    │     └ <function SessionTransaction.commit at 0x000002000E256200>
    └ <sqlalchemy.orm.session.SessionTransaction object at 0x0000020041154490>
  File "<string>", line 2, in commit
  File "C:\Users\soumy\OneDrive\Desktop\Project\lca_platform\venv\Lib\site-packages\sqlalchemy\orm\state_changes.py", line 139, in _go
    ret_value = fn(self, *arg, **kw)
                │  │      │      └ {'_to_root': True}
                │  │      └ ()
                │  └ <sqlalchemy.orm.session.SessionTransaction object at 0x0000020041154490>
                └ <function SessionTransaction.commit at 0x000002000E256020>
  File "C:\Users\soumy\OneDrive\Desktop\Project\lca_platform\venv\Lib\site-packages\sqlalchemy\orm\session.py", line 1256, in commit
    self._prepare_impl()
    │    └ <function SessionTransaction._prepare_impl at 0x000002000E255EE0>
    └ <sqlalchemy.orm.session.SessionTransaction object at 0x0000020041154490>
  File "<string>", line 2, in _prepare_impl
  File "C:\Users\soumy\OneDrive\Desktop\Project\lca_platform\venv\Lib\site-packages\sqlalchemy\orm\state_changes.py", line 139, in _go
    ret_value = fn(self, *arg, **kw)
                │  │      │      └ {}
                │  │      └ ()
                │  └ <sqlalchemy.orm.session.SessionTransaction object at 0x0000020041154490>
                └ <function SessionTransaction._prepare_impl at 0x000002000E255E40>
  File "C:\Users\soumy\OneDrive\Desktop\Project\lca_platform\venv\Lib\site-packages\sqlalchemy\orm\session.py", line 1231, in _prepare_impl
    self.session.flush()
    │    │       └ <function Session.flush at 0x000002000E262020>
    │    └ <sqlalchemy.orm.session.Session object at 0x0000020041167A40>
    └ <sqlalchemy.orm.session.SessionTransaction object at 0x0000020041154490>
  File "C:\Users\soumy\OneDrive\Desktop\Project\lca_platform\venv\Lib\site-packages\sqlalchemy\orm\session.py", line 4312, in flush
    self._flush(objects)
    │    │      └ None
    │    └ <function Session._flush at 0x000002000E262200>
    └ <sqlalchemy.orm.session.Session object at 0x0000020041167A40>
  File "C:\Users\soumy\OneDrive\Desktop\Project\lca_platform\venv\Lib\site-packages\sqlalchemy\orm\session.py", line 4447, in _flush
    with util.safe_reraise():
         │    └ <class 'sqlalchemy.util.langhelpers.safe_reraise'>
         └ <module 'sqlalchemy.util' from 'C:\\Users\\soumy\\OneDrive\\Desktop\\Project\\lca_platform\\venv\\Lib\\site-packages\\sqlalch...
  File "C:\Users\soumy\OneDrive\Desktop\Project\lca_platform\venv\Lib\site-packages\sqlalchemy\util\langhelpers.py", line 146, in __exit__
    raise exc_value.with_traceback(exc_tb)
          │         │              └ <traceback object at 0x00000200414C46C0>
          │         └ <method 'with_traceback' of 'BaseException' objects>
          └ IntegrityError('(sqlite3.IntegrityError) FOREIGN KEY constraint failed')
  File "C:\Users\soumy\OneDrive\Desktop\Project\lca_platform\venv\Lib\site-packages\sqlalchemy\orm\session.py", line 4408, in _flush
    flush_context.execute()
    │             └ <function UOWTransaction.execute at 0x000002000E236A20>
    └ <sqlalchemy.orm.unitofwork.UOWTransaction object at 0x0000020041166D20>
  File "C:\Users\soumy\OneDrive\Desktop\Project\lca_platform\venv\Lib\site-packages\sqlalchemy\orm\unitofwork.py", line 466, in execute
    rec.execute(self)
    │   │       └ <sqlalchemy.orm.unitofwork.UOWTransaction object at 0x0000020041166D20>
    │   └ <function SaveUpdateAll.execute at 0x000002000E237560>
    └ SaveUpdateAll(Mapper[Report(reports)])
  File "C:\Users\soumy\OneDrive\Desktop\Project\lca_platform\venv\Lib\site-packages\sqlalchemy\orm\unitofwork.py", line 642, in execute
    util.preloaded.orm_persistence.save_obj(
    │    │         │               └ <function save_obj at 0x000002000E155C60>
    │    │         └ <module 'sqlalchemy.orm.persistence' from 'C:\\Users\\soumy\\OneDrive\\Desktop\\Project\\lca_platform\\venv\\Lib\\site-packag...
    │    └ <module 'sqlalchemy.util.preloaded' from 'C:\\Users\\soumy\\OneDrive\\Desktop\\Project\\lca_platform\\venv\\Lib\\site-package...
    └ <module 'sqlalchemy.util' from 'C:\\Users\\soumy\\OneDrive\\Desktop\\Project\\lca_platform\\venv\\Lib\\site-packages\\sqlalch...
  File "C:\Users\soumy\OneDrive\Desktop\Project\lca_platform\venv\Lib\site-packages\sqlalchemy\orm\persistence.py", line 93, in save_obj
    _emit_insert_statements(
    └ <function _emit_insert_statements at 0x000002000E22D9E0>
  File "C:\Users\soumy\OneDrive\Desktop\Project\lca_platform\venv\Lib\site-packages\sqlalchemy\orm\persistence.py", line 1226, in _emit_insert_statements
    result = connection.execute(
             │          └ <function Connection.execute at 0x000002000DF0FEC0>
             └ <sqlalchemy.engine.base.Connection object at 0x0000020041166060>
  File "C:\Users\soumy\OneDrive\Desktop\Project\lca_platform\venv\Lib\site-packages\sqlalchemy\engine\base.py", line 1416, in execute
    return meth(
           └ <bound method ClauseElement._execute_on_connection of <sqlalchemy.sql.dml.Insert object at 0x0000020040EC8F20>>
  File "C:\Users\soumy\OneDrive\Desktop\Project\lca_platform\venv\Lib\site-packages\sqlalchemy\sql\elements.py", line 516, in _execute_on_connection
    return connection._execute_clauseelement(
           │          └ <function Connection._execute_clauseelement at 0x000002000DF14220>
           └ <sqlalchemy.engine.base.Connection object at 0x0000020041166060>
  File "C:\Users\soumy\OneDrive\Desktop\Project\lca_platform\venv\Lib\site-packages\sqlalchemy\engine\base.py", line 1639, in _execute_clauseelement
    ret = self._execute_context(
          │    └ <function Connection._execute_context at 0x000002000DF14400>
          └ <sqlalchemy.engine.base.Connection object at 0x0000020041166060>
  File "C:\Users\soumy\OneDrive\Desktop\Project\lca_platform\venv\Lib\site-packages\sqlalchemy\engine\base.py", line 1848, in _execute_context
    return self._exec_single_context(
           │    └ <function Connection._exec_single_context at 0x000002000DF144A0>
           └ <sqlalchemy.engine.base.Connection object at 0x0000020041166060>
  File "C:\Users\soumy\OneDrive\Desktop\Project\lca_platform\venv\Lib\site-packages\sqlalchemy\engine\base.py", line 1988, in _exec_single_context
    self._handle_dbapi_exception(
    │    └ <function Connection._handle_dbapi_exception at 0x000002000DF14720>
    └ <sqlalchemy.engine.base.Connection object at 0x0000020041166060>
  File "C:\Users\soumy\OneDrive\Desktop\Project\lca_platform\venv\Lib\site-packages\sqlalchemy\engine\base.py", line 2343, in _handle_dbapi_exception
    raise sqlalchemy_exception.with_traceback(exc_info[2]) from e
          │                    │              │                 └ IntegrityError('FOREIGN KEY constraint failed')
          │                    │              └ (<class 'sqlite3.IntegrityError'>, IntegrityError('FOREIGN KEY constraint failed'), <traceback object at 0x00000200414C4C00>)
          │                    └ <method 'with_traceback' of 'BaseException' objects>
          └ IntegrityError('(sqlite3.IntegrityError) FOREIGN KEY constraint failed')
  File "C:\Users\soumy\OneDrive\Desktop\Project\lca_platform\venv\Lib\site-packages\sqlalchemy\engine\base.py", line 1969, in _exec_single_context
    self.dialect.do_execute(
    │    │       └ <function DefaultDialect.do_execute at 0x000002000DF9ECA0>
    │    └ <sqlalchemy.dialects.sqlite.pysqlite.SQLiteDialect_pysqlite object at 0x000002000DC5F6B0>
    └ <sqlalchemy.engine.base.Connection object at 0x0000020041166060>
  File "C:\Users\soumy\OneDrive\Desktop\Project\lca_platform\venv\Lib\site-packages\sqlalchemy\engine\default.py", line 922, in do_execute
    cursor.execute(statement, parameters)
    │      │       │          └ (1, 'Analysis Report', 'comprehensive', '{"lca_summary": {"assessment_count": 1, "totals": {"carbon_kg_co2": 142200000.0, "wa...
    │      │       └ 'INSERT INTO reports (user_id, title, report_type, content, file_path, status, created_at) VALUES (?, ?, ?, ?, ?, ?, ?)'
    │      └ <method 'execute' of 'sqlite3.Cursor' objects>
    └ <sqlite3.Cursor object at 0x00000200414B59C0>

sqlalchemy.exc.IntegrityError: (sqlite3.IntegrityError) FOREIGN KEY constraint failed
[SQL: INSERT INTO reports (user_id, title, report_type, content, file_path, status, created_at) VALUES (?, ?, ?, ?, ?, ?, ?)]
[parameters: (1, 'Analysis Report', 'comprehensive', '{"lca_summary": {"assessment_count": 1, "totals": {"carbon_kg_co2": 142200000.0, "water_m3": 13800000.0, "energy_mj": 225000000.0, "waste_kg": 586500 ... (399 characters truncated) ... 56.25, "grade": "C+"}]}, "predictions_summary": {"message": "No predictions found", "predictions": []}, "generated_at": "2026-07-26T13:05:18.834241"}', '', 'generated', '2026-07-26 13:05:18.834241')]
(Background on this error at: https://sqlalche.me/e/20/gkpj)
2026-07-26 18:35:22 | INFO     | backend.app.services.report_service:generate_report:13 - Generating lca_summary report
2026-07-26 18:35:22 | INFO     | uvicorn.protocols.http.httptools_impl:send:496 - 127.0.0.1:61747 - "POST /api/v1/reports/generate?report_type=lca_summary&title=Analysis%20Report HTTP/1.1" 500
2026-07-26 18:35:22 | ERROR    | uvicorn.protocols.http.httptools_impl:run_asgi:431 - Exception in ASGI application

Traceback (most recent call last):

  File "C:\Users\soumy\OneDrive\Desktop\Project\lca_platform\venv\Lib\site-packages\sqlalchemy\engine\base.py", line 1969, in _exec_single_context
    self.dialect.do_execute(
    │    │       └ <function DefaultDialect.do_execute at 0x000002000DF9ECA0>
    │    └ <sqlalchemy.dialects.sqlite.pysqlite.SQLiteDialect_pysqlite object at 0x000002000DC5F6B0>
    └ <sqlalchemy.engine.base.Connection object at 0x00000200414C8E30>
  File "C:\Users\soumy\OneDrive\Desktop\Project\lca_platform\venv\Lib\site-packages\sqlalchemy\engine\default.py", line 922, in do_execute
    cursor.execute(statement, parameters)
    │      │       │          └ (1, 'Analysis Report', 'lca_summary', '{"assessment_count": 1, "totals": {"carbon_kg_co2": 142200000.0, "water_m3": 13800000....
    │      │       └ 'INSERT INTO reports (user_id, title, report_type, content, file_path, status, created_at) VALUES (?, ?, ?, ?, ?, ?, ?)'
    │      └ <method 'execute' of 'sqlite3.Cursor' objects>
    └ <sqlite3.Cursor object at 0x00000200414B6D40>

sqlite3.IntegrityError: FOREIGN KEY constraint failed


The above exception was the direct cause of the following exception:


Traceback (most recent call last):

  File "<string>", line 1, in <module>
  File "C:\Users\soumy\AppData\Local\Programs\Python\Python312\Lib\multiprocessing\spawn.py", line 122, in spawn_main
    exitcode = _main(fd, parent_sentinel)
               │     │   └ 376
               │     └ 3
               └ <function _main at 0x0000020009310540>
  File "C:\Users\soumy\AppData\Local\Programs\Python\Python312\Lib\multiprocessing\spawn.py", line 135, in _main
    return self._bootstrap(parent_sentinel)
           │    │          └ 376
           │    └ <function BaseProcess._bootstrap at 0x0000020009213A60>
           └ <SpawnProcess name='SpawnProcess-1' parent=13248 started>
  File "C:\Users\soumy\AppData\Local\Programs\Python\Python312\Lib\multiprocessing\process.py", line 314, in _bootstrap
    self.run()
    │    └ <function BaseProcess.run at 0x0000020009212FC0>
    └ <SpawnProcess name='SpawnProcess-1' parent=13248 started>
  File "C:\Users\soumy\AppData\Local\Programs\Python\Python312\Lib\multiprocessing\process.py", line 108, in run
    self._target(*self._args, **self._kwargs)
    │    │        │    │        │    └ {'config': <uvicorn.config.Config object at 0x000002000962DAC0>, 'target': <bound method Server.run of <uvicorn.server.Server...
    │    │        │    │        └ <SpawnProcess name='SpawnProcess-1' parent=13248 started>
    │    │        │    └ ()
    │    │        └ <SpawnProcess name='SpawnProcess-1' parent=13248 started>
    │    └ <function subprocess_started at 0x000002000B727D80>
    └ <SpawnProcess name='SpawnProcess-1' parent=13248 started>
  File "C:\Users\soumy\OneDrive\Desktop\Project\lca_platform\venv\Lib\site-packages\uvicorn\_subprocess.py", line 76, in subprocess_started
    target(sockets=sockets)
    │              └ [<socket.socket fd=432, family=2, type=1, proto=6, laddr=('0.0.0.0', 8000)>]
    └ <bound method Server.run of <uvicorn.server.Server object at 0x000002000B85A9C0>>
  File "C:\Users\soumy\OneDrive\Desktop\Project\lca_platform\venv\Lib\site-packages\uvicorn\server.py", line 61, in run
    return asyncio.run(self.serve(sockets=sockets))
           │       │   │    │             └ [<socket.socket fd=432, family=2, type=1, proto=6, laddr=('0.0.0.0', 8000)>]
           │       │   │    └ <function Server.serve at 0x000002000B7272E0>
           │       │   └ <uvicorn.server.Server object at 0x000002000B85A9C0>
           │       └ <function run at 0x0000020009A0E660>
           └ <module 'asyncio' from 'C:\\Users\\soumy\\AppData\\Local\\Programs\\Python\\Python312\\Lib\\asyncio\\__init__.py'>
  File "C:\Users\soumy\AppData\Local\Programs\Python\Python312\Lib\asyncio\runners.py", line 195, in run
    return runner.run(main)
           │      │   └ <coroutine object Server.serve at 0x000002000B648740>
           │      └ <function Runner.run at 0x0000020009A5DF80>
           └ <asyncio.runners.Runner object at 0x000002000B69CC50>
  File "C:\Users\soumy\AppData\Local\Programs\Python\Python312\Lib\asyncio\runners.py", line 118, in run
    return self._loop.run_until_complete(task)
           │    │     │                  └ <Task pending name='Task-1' coro=<Server.serve() running at C:\Users\soumy\OneDrive\Desktop\Project\lca_platform\venv\Lib\sit...
           │    │     └ <function BaseEventLoop.run_until_complete at 0x0000020009A57B00>
           │    └ <_WindowsSelectorEventLoop running=True closed=False debug=False>
           └ <asyncio.runners.Runner object at 0x000002000B69CC50>
  File "C:\Users\soumy\AppData\Local\Programs\Python\Python312\Lib\asyncio\base_events.py", line 678, in run_until_complete
    self.run_forever()
    │    └ <function BaseEventLoop.run_forever at 0x0000020009A57A60>
    └ <_WindowsSelectorEventLoop running=True closed=False debug=False>
  File "C:\Users\soumy\AppData\Local\Programs\Python\Python312\Lib\asyncio\base_events.py", line 645, in run_forever
    self._run_once()
    │    └ <function BaseEventLoop._run_once at 0x0000020009A5D8A0>
    └ <_WindowsSelectorEventLoop running=True closed=False debug=False>
  File "C:\Users\soumy\AppData\Local\Programs\Python\Python312\Lib\asyncio\base_events.py", line 1999, in _run_once
    handle._run()
    │      └ <function Handle._run at 0x00000200099F5C60>
    └ <Handle Task.task_wakeup(<Future finished result=None>)>
  File "C:\Users\soumy\AppData\Local\Programs\Python\Python312\Lib\asyncio\events.py", line 88, in _run
    self._context.run(self._callback, *self._args)
    │    │            │    │           │    └ <member '_args' of 'Handle' objects>
    │    │            │    │           └ <Handle Task.task_wakeup(<Future finished result=None>)>
    │    │            │    └ <member '_callback' of 'Handle' objects>
    │    │            └ <Handle Task.task_wakeup(<Future finished result=None>)>
    │    └ <member '_context' of 'Handle' objects>
    └ <Handle Task.task_wakeup(<Future finished result=None>)>
> File "C:\Users\soumy\OneDrive\Desktop\Project\lca_platform\venv\Lib\site-packages\uvicorn\protocols\http\httptools_impl.py", line 426, in run_asgi
    result = await app(  # type: ignore[func-returns-value]
                   └ <uvicorn.middleware.proxy_headers.ProxyHeadersMiddleware object at 0x000002003EC296A0>
  File "C:\Users\soumy\OneDrive\Desktop\Project\lca_platform\venv\Lib\site-packages\uvicorn\middleware\proxy_headers.py", line 84, in __call__
    return await self.app(scope, receive, send)
                 │    │   │      │        └ <bound method RequestResponseCycle.send of <uvicorn.protocols.http.httptools_impl.RequestResponseCycle object at 0x0000020041...
                 │    │   │      └ <bound method RequestResponseCycle.receive of <uvicorn.protocols.http.httptools_impl.RequestResponseCycle object at 0x0000020...
                 │    │   └ {'type': 'http', 'asgi': {'version': '3.0', 'spec_version': '2.3'}, 'http_version': '1.1', 'server': ('127.0.0.1', 8000), 'cl...
                 │    └ <fastapi.applications.FastAPI object at 0x000002000D93B650>
                 └ <uvicorn.middleware.proxy_headers.ProxyHeadersMiddleware object at 0x000002003EC296A0>
  File "C:\Users\soumy\OneDrive\Desktop\Project\lca_platform\venv\Lib\site-packages\fastapi\applications.py", line 1106, in __call__
    await super().__call__(scope, receive, send)
                           │      │        └ <bound method RequestResponseCycle.send of <uvicorn.protocols.http.httptools_impl.RequestResponseCycle object at 0x0000020041...
                           │      └ <bound method RequestResponseCycle.receive of <uvicorn.protocols.http.httptools_impl.RequestResponseCycle object at 0x0000020...
                           └ {'type': 'http', 'asgi': {'version': '3.0', 'spec_version': '2.3'}, 'http_version': '1.1', 'server': ('127.0.0.1', 8000), 'cl...
  File "C:\Users\soumy\OneDrive\Desktop\Project\lca_platform\venv\Lib\site-packages\starlette\applications.py", line 122, in __call__
    await self.middleware_stack(scope, receive, send)
          │    │                │      │        └ <bound method RequestResponseCycle.send of <uvicorn.protocols.http.httptools_impl.RequestResponseCycle object at 0x0000020041...
          │    │                │      └ <bound method RequestResponseCycle.receive of <uvicorn.protocols.http.httptools_impl.RequestResponseCycle object at 0x0000020...
          │    │                └ {'type': 'http', 'asgi': {'version': '3.0', 'spec_version': '2.3'}, 'http_version': '1.1', 'server': ('127.0.0.1', 8000), 'cl...
          │    └ <starlette.middleware.errors.ServerErrorMiddleware object at 0x000002003ED517C0>
          └ <fastapi.applications.FastAPI object at 0x000002000D93B650>
  File "C:\Users\soumy\OneDrive\Desktop\Project\lca_platform\venv\Lib\site-packages\starlette\middleware\errors.py", line 184, in __call__
    raise exc
  File "C:\Users\soumy\OneDrive\Desktop\Project\lca_platform\venv\Lib\site-packages\starlette\middleware\errors.py", line 162, in __call__
    await self.app(scope, receive, _send)
          │    │   │      │        └ <function ServerErrorMiddleware.__call__.<locals>._send at 0x00000200412E2DE0>
          │    │   │      └ <bound method RequestResponseCycle.receive of <uvicorn.protocols.http.httptools_impl.RequestResponseCycle object at 0x0000020...
          │    │   └ {'type': 'http', 'asgi': {'version': '3.0', 'spec_version': '2.3'}, 'http_version': '1.1', 'server': ('127.0.0.1', 8000), 'cl...
          │    └ <starlette.middleware.base.BaseHTTPMiddleware object at 0x000002003E6D65A0>
          └ <starlette.middleware.errors.ServerErrorMiddleware object at 0x000002003ED517C0>
  File "C:\Users\soumy\OneDrive\Desktop\Project\lca_platform\venv\Lib\site-packages\starlette\middleware\base.py", line 108, in __call__
    response = await self.dispatch_func(request, call_next)
                     │    │             │        └ <function BaseHTTPMiddleware.__call__.<locals>.call_next at 0x00000200412E32E0>
                     │    │             └ <starlette.requests.Request object at 0x00000200414C8140>
                     │    └ <function log_requests at 0x000002000D8DADE0>
                     └ <starlette.middleware.base.BaseHTTPMiddleware object at 0x000002003E6D65A0>

  File "C:\Users\soumy\OneDrive\Desktop\Project\lca_platform\backend\app\main.py", line 56, in log_requests
    response = await call_next(request)
                     │         └ <starlette.requests.Request object at 0x00000200414C8140>
                     └ <function BaseHTTPMiddleware.__call__.<locals>.call_next at 0x00000200412E32E0>

  File "C:\Users\soumy\OneDrive\Desktop\Project\lca_platform\venv\Lib\site-packages\starlette\middleware\base.py", line 84, in call_next
    raise app_exc
          └ IntegrityError('(sqlite3.IntegrityError) FOREIGN KEY constraint failed')
  File "C:\Users\soumy\OneDrive\Desktop\Project\lca_platform\venv\Lib\site-packages\starlette\middleware\base.py", line 70, in coro
    await self.app(scope, receive_or_disconnect, send_no_error)
          │    │   │      │                      └ <function BaseHTTPMiddleware.__call__.<locals>.call_next.<locals>.send_no_error at 0x00000200412E27A0>
          │    │   │      └ <function BaseHTTPMiddleware.__call__.<locals>.call_next.<locals>.receive_or_disconnect at 0x00000200412E25C0>
          │    │   └ {'type': 'http', 'asgi': {'version': '3.0', 'spec_version': '2.3'}, 'http_version': '1.1', 'server': ('127.0.0.1', 8000), 'cl...
          │    └ <starlette.middleware.cors.CORSMiddleware object at 0x000002003CE6BFB0>
          └ <starlette.middleware.base.BaseHTTPMiddleware object at 0x000002003E6D65A0>
  File "C:\Users\soumy\OneDrive\Desktop\Project\lca_platform\venv\Lib\site-packages\starlette\middleware\cors.py", line 91, in __call__
    await self.simple_response(scope, receive, send, request_headers=headers)
          │    │               │      │        │                     └ Headers({'host': 'localhost:8000', 'connection': 'keep-alive', 'content-length': '0', 'sec-ch-ua-platform': '"Windows"', 'use...
          │    │               │      │        └ <function BaseHTTPMiddleware.__call__.<locals>.call_next.<locals>.send_no_error at 0x00000200412E27A0>
          │    │               │      └ <function BaseHTTPMiddleware.__call__.<locals>.call_next.<locals>.receive_or_disconnect at 0x00000200412E25C0>
          │    │               └ {'type': 'http', 'asgi': {'version': '3.0', 'spec_version': '2.3'}, 'http_version': '1.1', 'server': ('127.0.0.1', 8000), 'cl...
          │    └ <function CORSMiddleware.simple_response at 0x000002000D8D9940>
          └ <starlette.middleware.cors.CORSMiddleware object at 0x000002003CE6BFB0>
  File "C:\Users\soumy\OneDrive\Desktop\Project\lca_platform\venv\Lib\site-packages\starlette\middleware\cors.py", line 146, in simple_response
    await self.app(scope, receive, send)
          │    │   │      │        └ functools.partial(<bound method CORSMiddleware.send of <starlette.middleware.cors.CORSMiddleware object at 0x000002003CE6BFB0...
          │    │   │      └ <function BaseHTTPMiddleware.__call__.<locals>.call_next.<locals>.receive_or_disconnect at 0x00000200412E25C0>
          │    │   └ {'type': 'http', 'asgi': {'version': '3.0', 'spec_version': '2.3'}, 'http_version': '1.1', 'server': ('127.0.0.1', 8000), 'cl...
          │    └ <starlette.middleware.exceptions.ExceptionMiddleware object at 0x000002003E863860>
          └ <starlette.middleware.cors.CORSMiddleware object at 0x000002003CE6BFB0>
  File "C:\Users\soumy\OneDrive\Desktop\Project\lca_platform\venv\Lib\site-packages\starlette\middleware\exceptions.py", line 79, in __call__
    raise exc
  File "C:\Users\soumy\OneDrive\Desktop\Project\lca_platform\venv\Lib\site-packages\starlette\middleware\exceptions.py", line 68, in __call__
    await self.app(scope, receive, sender)
          │    │   │      │        └ <function ExceptionMiddleware.__call__.<locals>.sender at 0x00000200412E36A0>
          │    │   │      └ <function BaseHTTPMiddleware.__call__.<locals>.call_next.<locals>.receive_or_disconnect at 0x00000200412E25C0>
          │    │   └ {'type': 'http', 'asgi': {'version': '3.0', 'spec_version': '2.3'}, 'http_version': '1.1', 'server': ('127.0.0.1', 8000), 'cl...
          │    └ <fastapi.middleware.asyncexitstack.AsyncExitStackMiddleware object at 0x000002003EB52F60>
          └ <starlette.middleware.exceptions.ExceptionMiddleware object at 0x000002003E863860>
  File "C:\Users\soumy\OneDrive\Desktop\Project\lca_platform\venv\Lib\site-packages\fastapi\middleware\asyncexitstack.py", line 20, in __call__
    raise e
  File "C:\Users\soumy\OneDrive\Desktop\Project\lca_platform\venv\Lib\site-packages\fastapi\middleware\asyncexitstack.py", line 17, in __call__
    await self.app(scope, receive, send)
          │    │   │      │        └ <function ExceptionMiddleware.__call__.<locals>.sender at 0x00000200412E36A0>
          │    │   │      └ <function BaseHTTPMiddleware.__call__.<locals>.call_next.<locals>.receive_or_disconnect at 0x00000200412E25C0>
          │    │   └ {'type': 'http', 'asgi': {'version': '3.0', 'spec_version': '2.3'}, 'http_version': '1.1', 'server': ('127.0.0.1', 8000), 'cl...
          │    └ <fastapi.routing.APIRouter object at 0x000002000E307FB0>
          └ <fastapi.middleware.asyncexitstack.AsyncExitStackMiddleware object at 0x000002003EB52F60>
  File "C:\Users\soumy\OneDrive\Desktop\Project\lca_platform\venv\Lib\site-packages\starlette\routing.py", line 718, in __call__
    await route.handle(scope, receive, send)
          │     │      │      │        └ <function ExceptionMiddleware.__call__.<locals>.sender at 0x00000200412E36A0>
          │     │      │      └ <function BaseHTTPMiddleware.__call__.<locals>.call_next.<locals>.receive_or_disconnect at 0x00000200412E25C0>
          │     │      └ {'type': 'http', 'asgi': {'version': '3.0', 'spec_version': '2.3'}, 'http_version': '1.1', 'server': ('127.0.0.1', 8000), 'cl...
          │     └ <function Route.handle at 0x000002000D8396C0>
          └ APIRoute(path='/api/v1/reports/generate', name='generate_report', methods=['POST'])
  File "C:\Users\soumy\OneDrive\Desktop\Project\lca_platform\venv\Lib\site-packages\starlette\routing.py", line 276, in handle
    await self.app(scope, receive, send)
          │    │   │      │        └ <function ExceptionMiddleware.__call__.<locals>.sender at 0x00000200412E36A0>
          │    │   │      └ <function BaseHTTPMiddleware.__call__.<locals>.call_next.<locals>.receive_or_disconnect at 0x00000200412E25C0>
          │    │   └ {'type': 'http', 'asgi': {'version': '3.0', 'spec_version': '2.3'}, 'http_version': '1.1', 'server': ('127.0.0.1', 8000), 'cl...
          │    └ <function request_response.<locals>.app at 0x000002003ED9CFE0>
          └ APIRoute(path='/api/v1/reports/generate', name='generate_report', methods=['POST'])
  File "C:\Users\soumy\OneDrive\Desktop\Project\lca_platform\venv\Lib\site-packages\starlette\routing.py", line 66, in app
    response = await func(request)
                     │    └ <starlette.requests.Request object at 0x00000200414C8A40>
                     └ <function get_request_handler.<locals>.app at 0x000002003ED9D440>
  File "C:\Users\soumy\OneDrive\Desktop\Project\lca_platform\venv\Lib\site-packages\fastapi\routing.py", line 274, in app
    raw_response = await run_endpoint_function(
                         └ <function run_endpoint_function at 0x000002000D83A7A0>
  File "C:\Users\soumy\OneDrive\Desktop\Project\lca_platform\venv\Lib\site-packages\fastapi\routing.py", line 193, in run_endpoint_function
    return await run_in_threadpool(dependant.call, **values)
                 │                 │         │       └ {'db': <sqlalchemy.orm.session.Session object at 0x00000200414C8C80>, 'report_type': 'lca_summary', 'title': 'Analysis Report'}
                 │                 │         └ <function generate_report at 0x000002003ED5B240>
                 │                 └ <fastapi.dependencies.models.Dependant object at 0x000002003EDB5D60>
                 └ <function run_in_threadpool at 0x000002000C51CF40>
  File "C:\Users\soumy\OneDrive\Desktop\Project\lca_platform\venv\Lib\site-packages\starlette\concurrency.py", line 41, in run_in_threadpool
    return await anyio.to_thread.run_sync(func, *args)
                 │     │         │        │      └ ()
                 │     │         │        └ functools.partial(<function generate_report at 0x000002003ED5B240>, db=<sqlalchemy.orm.session.Session object at 0x0000020041...
                 │     │         └ <function run_sync at 0x000002000B7B0EA0>
                 │     └ <module 'anyio.to_thread' from 'C:\\Users\\soumy\\OneDrive\\Desktop\\Project\\lca_platform\\venv\\Lib\\site-packages\\anyio\\...
                 └ <module 'anyio' from 'C:\\Users\\soumy\\OneDrive\\Desktop\\Project\\lca_platform\\venv\\Lib\\site-packages\\anyio\\__init__.py'>
  File "C:\Users\soumy\OneDrive\Desktop\Project\lca_platform\venv\Lib\site-packages\anyio\to_thread.py", line 33, in run_sync
    return await get_asynclib().run_sync_in_worker_thread(
                 └ <function get_asynclib at 0x000002000B7723E0>
  File "C:\Users\soumy\OneDrive\Desktop\Project\lca_platform\venv\Lib\site-packages\anyio\_backends\_asyncio.py", line 877, in run_sync_in_worker_thread
    return await future
                 └ <Future finished exception=IntegrityError('(sqlite3.IntegrityError) FOREIGN KEY constraint failed')>
  File "C:\Users\soumy\OneDrive\Desktop\Project\lca_platform\venv\Lib\site-packages\anyio\_backends\_asyncio.py", line 807, in run
    result = context.run(func, *args)
             │       │   │      └ (<class 'sqlalchemy.exc.IntegrityError'>, IntegrityError('(sqlite3.IntegrityError) FOREIGN KEY constraint failed'), None)
             │       │   └ <bound method _GeneratorContextManager.__exit__ of <contextlib._GeneratorContextManager object at 0x00000200414C8B90>>
             │       └ <method 'run' of '_contextvars.Context' objects>
             └ <_contextvars.Context object at 0x0000020040E52480>

  File "C:\Users\soumy\OneDrive\Desktop\Project\lca_platform\backend\app\api\v1\reports.py", line 11, in generate_report
    result = report_service.generate_report(user_id=1, report_type=report_type, title=title, db=db)
             │              │                                      │                  │         └ <sqlalchemy.orm.session.Session object at 0x00000200414C8C80>
             │              │                                      │                  └ 'Analysis Report'
             │              │                                      └ 'lca_summary'
             │              └ <function generate_report at 0x000002003ED5B380>
             └ <module 'backend.app.services.report_service' from 'C:\\Users\\soumy\\OneDrive\\Desktop\\Project\\lca_platform\\backend\\app\...

  File "C:\Users\soumy\OneDrive\Desktop\Project\lca_platform\backend\app\services\report_service.py", line 34, in generate_report
    db.commit()
    │  └ <function Session.commit at 0x000002000E257100>
    └ <sqlalchemy.orm.session.Session object at 0x00000200414C8C80>

  File "C:\Users\soumy\OneDrive\Desktop\Project\lca_platform\venv\Lib\site-packages\sqlalchemy\orm\session.py", line 1969, in commit
    trans.commit(_to_root=True)
    │     └ <function SessionTransaction.commit at 0x000002000E256200>
    └ <sqlalchemy.orm.session.SessionTransaction object at 0x00000200414C6750>
  File "<string>", line 2, in commit
  File "C:\Users\soumy\OneDrive\Desktop\Project\lca_platform\venv\Lib\site-packages\sqlalchemy\orm\state_changes.py", line 139, in _go
    ret_value = fn(self, *arg, **kw)
                │  │      │      └ {'_to_root': True}
                │  │      └ ()
                │  └ <sqlalchemy.orm.session.SessionTransaction object at 0x00000200414C6750>
                └ <function SessionTransaction.commit at 0x000002000E256020>
  File "C:\Users\soumy\OneDrive\Desktop\Project\lca_platform\venv\Lib\site-packages\sqlalchemy\orm\session.py", line 1256, in commit
    self._prepare_impl()
    │    └ <function SessionTransaction._prepare_impl at 0x000002000E255EE0>
    └ <sqlalchemy.orm.session.SessionTransaction object at 0x00000200414C6750>
  File "<string>", line 2, in _prepare_impl
  File "C:\Users\soumy\OneDrive\Desktop\Project\lca_platform\venv\Lib\site-packages\sqlalchemy\orm\state_changes.py", line 139, in _go
    ret_value = fn(self, *arg, **kw)
                │  │      │      └ {}
                │  │      └ ()
                │  └ <sqlalchemy.orm.session.SessionTransaction object at 0x00000200414C6750>
                └ <function SessionTransaction._prepare_impl at 0x000002000E255E40>
  File "C:\Users\soumy\OneDrive\Desktop\Project\lca_platform\venv\Lib\site-packages\sqlalchemy\orm\session.py", line 1231, in _prepare_impl
    self.session.flush()
    │    │       └ <function Session.flush at 0x000002000E262020>
    │    └ <sqlalchemy.orm.session.Session object at 0x00000200414C8C80>
    └ <sqlalchemy.orm.session.SessionTransaction object at 0x00000200414C6750>
  File "C:\Users\soumy\OneDrive\Desktop\Project\lca_platform\venv\Lib\site-packages\sqlalchemy\orm\session.py", line 4312, in flush
    self._flush(objects)
    │    │      └ None
    │    └ <function Session._flush at 0x000002000E262200>
    └ <sqlalchemy.orm.session.Session object at 0x00000200414C8C80>
  File "C:\Users\soumy\OneDrive\Desktop\Project\lca_platform\venv\Lib\site-packages\sqlalchemy\orm\session.py", line 4447, in _flush
    with util.safe_reraise():
         │    └ <class 'sqlalchemy.util.langhelpers.safe_reraise'>
         └ <module 'sqlalchemy.util' from 'C:\\Users\\soumy\\OneDrive\\Desktop\\Project\\lca_platform\\venv\\Lib\\site-packages\\sqlalch...
  File "C:\Users\soumy\OneDrive\Desktop\Project\lca_platform\venv\Lib\site-packages\sqlalchemy\util\langhelpers.py", line 146, in __exit__
    raise exc_value.with_traceback(exc_tb)
          │         │              └ <traceback object at 0x00000200414D0900>
          │         └ <method 'with_traceback' of 'BaseException' objects>
          └ IntegrityError('(sqlite3.IntegrityError) FOREIGN KEY constraint failed')
  File "C:\Users\soumy\OneDrive\Desktop\Project\lca_platform\venv\Lib\site-packages\sqlalchemy\orm\session.py", line 4408, in _flush
    flush_context.execute()
    │             └ <function UOWTransaction.execute at 0x000002000E236A20>
    └ <sqlalchemy.orm.unitofwork.UOWTransaction object at 0x00000200414C9820>
  File "C:\Users\soumy\OneDrive\Desktop\Project\lca_platform\venv\Lib\site-packages\sqlalchemy\orm\unitofwork.py", line 466, in execute
    rec.execute(self)
    │   │       └ <sqlalchemy.orm.unitofwork.UOWTransaction object at 0x00000200414C9820>
    │   └ <function SaveUpdateAll.execute at 0x000002000E237560>
    └ SaveUpdateAll(Mapper[Report(reports)])
  File "C:\Users\soumy\OneDrive\Desktop\Project\lca_platform\venv\Lib\site-packages\sqlalchemy\orm\unitofwork.py", line 642, in execute
    util.preloaded.orm_persistence.save_obj(
    │    │         │               └ <function save_obj at 0x000002000E155C60>
    │    │         └ <module 'sqlalchemy.orm.persistence' from 'C:\\Users\\soumy\\OneDrive\\Desktop\\Project\\lca_platform\\venv\\Lib\\site-packag...
    │    └ <module 'sqlalchemy.util.preloaded' from 'C:\\Users\\soumy\\OneDrive\\Desktop\\Project\\lca_platform\\venv\\Lib\\site-package...
    └ <module 'sqlalchemy.util' from 'C:\\Users\\soumy\\OneDrive\\Desktop\\Project\\lca_platform\\venv\\Lib\\site-packages\\sqlalch...
  File "C:\Users\soumy\OneDrive\Desktop\Project\lca_platform\venv\Lib\site-packages\sqlalchemy\orm\persistence.py", line 93, in save_obj
    _emit_insert_statements(
    └ <function _emit_insert_statements at 0x000002000E22D9E0>
  File "C:\Users\soumy\OneDrive\Desktop\Project\lca_platform\venv\Lib\site-packages\sqlalchemy\orm\persistence.py", line 1226, in _emit_insert_statements
    result = connection.execute(
             │          └ <function Connection.execute at 0x000002000DF0FEC0>
             └ <sqlalchemy.engine.base.Connection object at 0x00000200414C8E30>
  File "C:\Users\soumy\OneDrive\Desktop\Project\lca_platform\venv\Lib\site-packages\sqlalchemy\engine\base.py", line 1416, in execute
    return meth(
           └ <bound method ClauseElement._execute_on_connection of <sqlalchemy.sql.dml.Insert object at 0x0000020040EC8F20>>
  File "C:\Users\soumy\OneDrive\Desktop\Project\lca_platform\venv\Lib\site-packages\sqlalchemy\sql\elements.py", line 516, in _execute_on_connection
    return connection._execute_clauseelement(
           │          └ <function Connection._execute_clauseelement at 0x000002000DF14220>
           └ <sqlalchemy.engine.base.Connection object at 0x00000200414C8E30>
  File "C:\Users\soumy\OneDrive\Desktop\Project\lca_platform\venv\Lib\site-packages\sqlalchemy\engine\base.py", line 1639, in _execute_clauseelement
    ret = self._execute_context(
          │    └ <function Connection._execute_context at 0x000002000DF14400>
          └ <sqlalchemy.engine.base.Connection object at 0x00000200414C8E30>
  File "C:\Users\soumy\OneDrive\Desktop\Project\lca_platform\venv\Lib\site-packages\sqlalchemy\engine\base.py", line 1848, in _execute_context
    return self._exec_single_context(
           │    └ <function Connection._exec_single_context at 0x000002000DF144A0>
           └ <sqlalchemy.engine.base.Connection object at 0x00000200414C8E30>
  File "C:\Users\soumy\OneDrive\Desktop\Project\lca_platform\venv\Lib\site-packages\sqlalchemy\engine\base.py", line 1988, in _exec_single_context
    self._handle_dbapi_exception(
    │    └ <function Connection._handle_dbapi_exception at 0x000002000DF14720>
    └ <sqlalchemy.engine.base.Connection object at 0x00000200414C8E30>
  File "C:\Users\soumy\OneDrive\Desktop\Project\lca_platform\venv\Lib\site-packages\sqlalchemy\engine\base.py", line 2343, in _handle_dbapi_exception
    raise sqlalchemy_exception.with_traceback(exc_info[2]) from e
          │                    │              │                 └ IntegrityError('FOREIGN KEY constraint failed')
          │                    │              └ (<class 'sqlite3.IntegrityError'>, IntegrityError('FOREIGN KEY constraint failed'), <traceback object at 0x00000200414D0B80>)
          │                    └ <method 'with_traceback' of 'BaseException' objects>
          └ IntegrityError('(sqlite3.IntegrityError) FOREIGN KEY constraint failed')
  File "C:\Users\soumy\OneDrive\Desktop\Project\lca_platform\venv\Lib\site-packages\sqlalchemy\engine\base.py", line 1969, in _exec_single_context
    self.dialect.do_execute(
    │    │       └ <function DefaultDialect.do_execute at 0x000002000DF9ECA0>
    │    └ <sqlalchemy.dialects.sqlite.pysqlite.SQLiteDialect_pysqlite object at 0x000002000DC5F6B0>
    └ <sqlalchemy.engine.base.Connection object at 0x00000200414C8E30>
  File "C:\Users\soumy\OneDrive\Desktop\Project\lca_platform\venv\Lib\site-packages\sqlalchemy\engine\default.py", line 922, in do_execute
    cursor.execute(statement, parameters)
    │      │       │          └ (1, 'Analysis Report', 'lca_summary', '{"assessment_count": 1, "totals": {"carbon_kg_co2": 142200000.0, "water_m3": 13800000....
    │      │       └ 'INSERT INTO reports (user_id, title, report_type, content, file_path, status, created_at) VALUES (?, ?, ?, ?, ?, ?, ?)'
    │      └ <method 'execute' of 'sqlite3.Cursor' objects>
    └ <sqlite3.Cursor object at 0x00000200414B6D40>

sqlalchemy.exc.IntegrityError: (sqlite3.IntegrityError) FOREIGN KEY constraint failed
[SQL: INSERT INTO reports (user_id, title, report_type, content, file_path, status, created_at) VALUES (?, ?, ?, ?, ?, ?, ?)]
[parameters: (1, 'Analysis Report', 'lca_summary', '{"assessment_count": 1, "totals": {"carbon_kg_co2": 142200000.0, "water_m3": 13800000.0, "energy_mj": 225000000.0, "waste_kg": 5865000000.0}, "averag ... (69 characters truncated) ... j": 225000000.0, "waste_kg": 5865000000.0}, "recent_assessments": [{"facility": "REE Processing Plant", "carbon": 142200000.0, "water": 13800000.0}]}', '', 'generated', '2026-07-26 13:05:22.013313')]
(Background on this error at: https://sqlalche.me/e/20/gkpj)
2026-07-26 18:35:24 | INFO     | backend.app.services.report_service:generate_report:13 - Generating lca_summary report
2026-07-26 18:35:24 | INFO     | uvicorn.protocols.http.httptools_impl:send:496 - 127.0.0.1:49899 - "POST /api/v1/reports/generate?report_type=lca_summary&title=Analysis%20Report HTTP/1.1" 500
2026-07-26 18:35:24 | ERROR    | uvicorn.protocols.http.httptools_impl:run_asgi:431 - Exception in ASGI application

Traceback (most recent call last):

  File "C:\Users\soumy\OneDrive\Desktop\Project\lca_platform\venv\Lib\site-packages\sqlalchemy\engine\base.py", line 1969, in _exec_single_context
    self.dialect.do_execute(
    │    │       └ <function DefaultDialect.do_execute at 0x000002000DF9ECA0>
    │    └ <sqlalchemy.dialects.sqlite.pysqlite.SQLiteDialect_pysqlite object at 0x000002000DC5F6B0>
    └ <sqlalchemy.engine.base.Connection object at 0x00000200414C9EE0>
  File "C:\Users\soumy\OneDrive\Desktop\Project\lca_platform\venv\Lib\site-packages\sqlalchemy\engine\default.py", line 922, in do_execute
    cursor.execute(statement, parameters)
    │      │       │          └ (1, 'Analysis Report', 'lca_summary', '{"assessment_count": 1, "totals": {"carbon_kg_co2": 142200000.0, "water_m3": 13800000....
    │      │       └ 'INSERT INTO reports (user_id, title, report_type, content, file_path, status, created_at) VALUES (?, ?, ?, ?, ?, ?, ?)'
    │      └ <method 'execute' of 'sqlite3.Cursor' objects>
    └ <sqlite3.Cursor object at 0x00000200414EC1C0>

sqlite3.IntegrityError: FOREIGN KEY constraint failed


The above exception was the direct cause of the following exception:


Traceback (most recent call last):

  File "<string>", line 1, in <module>
  File "C:\Users\soumy\AppData\Local\Programs\Python\Python312\Lib\multiprocessing\spawn.py", line 122, in spawn_main
    exitcode = _main(fd, parent_sentinel)
               │     │   └ 376
               │     └ 3
               └ <function _main at 0x0000020009310540>
  File "C:\Users\soumy\AppData\Local\Programs\Python\Python312\Lib\multiprocessing\spawn.py", line 135, in _main
    return self._bootstrap(parent_sentinel)
           │    │          └ 376
           │    └ <function BaseProcess._bootstrap at 0x0000020009213A60>
           └ <SpawnProcess name='SpawnProcess-1' parent=13248 started>
  File "C:\Users\soumy\AppData\Local\Programs\Python\Python312\Lib\multiprocessing\process.py", line 314, in _bootstrap
    self.run()
    │    └ <function BaseProcess.run at 0x0000020009212FC0>
    └ <SpawnProcess name='SpawnProcess-1' parent=13248 started>
  File "C:\Users\soumy\AppData\Local\Programs\Python\Python312\Lib\multiprocessing\process.py", line 108, in run
    self._target(*self._args, **self._kwargs)
    │    │        │    │        │    └ {'config': <uvicorn.config.Config object at 0x000002000962DAC0>, 'target': <bound method Server.run of <uvicorn.server.Server...
    │    │        │    │        └ <SpawnProcess name='SpawnProcess-1' parent=13248 started>
    │    │        │    └ ()
    │    │        └ <SpawnProcess name='SpawnProcess-1' parent=13248 started>
    │    └ <function subprocess_started at 0x000002000B727D80>
    └ <SpawnProcess name='SpawnProcess-1' parent=13248 started>
  File "C:\Users\soumy\OneDrive\Desktop\Project\lca_platform\venv\Lib\site-packages\uvicorn\_subprocess.py", line 76, in subprocess_started
    target(sockets=sockets)
    │              └ [<socket.socket fd=432, family=2, type=1, proto=6, laddr=('0.0.0.0', 8000)>]
    └ <bound method Server.run of <uvicorn.server.Server object at 0x000002000B85A9C0>>
  File "C:\Users\soumy\OneDrive\Desktop\Project\lca_platform\venv\Lib\site-packages\uvicorn\server.py", line 61, in run
    return asyncio.run(self.serve(sockets=sockets))
           │       │   │    │             └ [<socket.socket fd=432, family=2, type=1, proto=6, laddr=('0.0.0.0', 8000)>]
           │       │   │    └ <function Server.serve at 0x000002000B7272E0>
           │       │   └ <uvicorn.server.Server object at 0x000002000B85A9C0>
           │       └ <function run at 0x0000020009A0E660>
           └ <module 'asyncio' from 'C:\\Users\\soumy\\AppData\\Local\\Programs\\Python\\Python312\\Lib\\asyncio\\__init__.py'>
  File "C:\Users\soumy\AppData\Local\Programs\Python\Python312\Lib\asyncio\runners.py", line 195, in run
    return runner.run(main)
           │      │   └ <coroutine object Server.serve at 0x000002000B648740>
           │      └ <function Runner.run at 0x0000020009A5DF80>
           └ <asyncio.runners.Runner object at 0x000002000B69CC50>
  File "C:\Users\soumy\AppData\Local\Programs\Python\Python312\Lib\asyncio\runners.py", line 118, in run
    return self._loop.run_until_complete(task)
           │    │     │                  └ <Task pending name='Task-1' coro=<Server.serve() running at C:\Users\soumy\OneDrive\Desktop\Project\lca_platform\venv\Lib\sit...
           │    │     └ <function BaseEventLoop.run_until_complete at 0x0000020009A57B00>
           │    └ <_WindowsSelectorEventLoop running=True closed=False debug=False>
           └ <asyncio.runners.Runner object at 0x000002000B69CC50>
  File "C:\Users\soumy\AppData\Local\Programs\Python\Python312\Lib\asyncio\base_events.py", line 678, in run_until_complete
    self.run_forever()
    │    └ <function BaseEventLoop.run_forever at 0x0000020009A57A60>
    └ <_WindowsSelectorEventLoop running=True closed=False debug=False>
  File "C:\Users\soumy\AppData\Local\Programs\Python\Python312\Lib\asyncio\base_events.py", line 645, in run_forever
    self._run_once()
    │    └ <function BaseEventLoop._run_once at 0x0000020009A5D8A0>
    └ <_WindowsSelectorEventLoop running=True closed=False debug=False>
  File "C:\Users\soumy\AppData\Local\Programs\Python\Python312\Lib\asyncio\base_events.py", line 1999, in _run_once
    handle._run()
    │      └ <function Handle._run at 0x00000200099F5C60>
    └ <Handle Task.task_wakeup(<Future finished result=None>)>
  File "C:\Users\soumy\AppData\Local\Programs\Python\Python312\Lib\asyncio\events.py", line 88, in _run
    self._context.run(self._callback, *self._args)
    │    │            │    │           │    └ <member '_args' of 'Handle' objects>
    │    │            │    │           └ <Handle Task.task_wakeup(<Future finished result=None>)>
    │    │            │    └ <member '_callback' of 'Handle' objects>
    │    │            └ <Handle Task.task_wakeup(<Future finished result=None>)>
    │    └ <member '_context' of 'Handle' objects>
    └ <Handle Task.task_wakeup(<Future finished result=None>)>
> File "C:\Users\soumy\OneDrive\Desktop\Project\lca_platform\venv\Lib\site-packages\uvicorn\protocols\http\httptools_impl.py", line 426, in run_asgi
    result = await app(  # type: ignore[func-returns-value]
                   └ <uvicorn.middleware.proxy_headers.ProxyHeadersMiddleware object at 0x000002003EC296A0>
  File "C:\Users\soumy\OneDrive\Desktop\Project\lca_platform\venv\Lib\site-packages\uvicorn\middleware\proxy_headers.py", line 84, in __call__
    return await self.app(scope, receive, send)
                 │    │   │      │        └ <bound method RequestResponseCycle.send of <uvicorn.protocols.http.httptools_impl.RequestResponseCycle object at 0x0000020041...
                 │    │   │      └ <bound method RequestResponseCycle.receive of <uvicorn.protocols.http.httptools_impl.RequestResponseCycle object at 0x0000020...
                 │    │   └ {'type': 'http', 'asgi': {'version': '3.0', 'spec_version': '2.3'}, 'http_version': '1.1', 'server': ('127.0.0.1', 8000), 'cl...
                 │    └ <fastapi.applications.FastAPI object at 0x000002000D93B650>
                 └ <uvicorn.middleware.proxy_headers.ProxyHeadersMiddleware object at 0x000002003EC296A0>
  File "C:\Users\soumy\OneDrive\Desktop\Project\lca_platform\venv\Lib\site-packages\fastapi\applications.py", line 1106, in __call__
    await super().__call__(scope, receive, send)
                           │      │        └ <bound method RequestResponseCycle.send of <uvicorn.protocols.http.httptools_impl.RequestResponseCycle object at 0x0000020041...
                           │      └ <bound method RequestResponseCycle.receive of <uvicorn.protocols.http.httptools_impl.RequestResponseCycle object at 0x0000020...
                           └ {'type': 'http', 'asgi': {'version': '3.0', 'spec_version': '2.3'}, 'http_version': '1.1', 'server': ('127.0.0.1', 8000), 'cl...
  File "C:\Users\soumy\OneDrive\Desktop\Project\lca_platform\venv\Lib\site-packages\starlette\applications.py", line 122, in __call__
    await self.middleware_stack(scope, receive, send)
          │    │                │      │        └ <bound method RequestResponseCycle.send of <uvicorn.protocols.http.httptools_impl.RequestResponseCycle object at 0x0000020041...
          │    │                │      └ <bound method RequestResponseCycle.receive of <uvicorn.protocols.http.httptools_impl.RequestResponseCycle object at 0x0000020...
          │    │                └ {'type': 'http', 'asgi': {'version': '3.0', 'spec_version': '2.3'}, 'http_version': '1.1', 'server': ('127.0.0.1', 8000), 'cl...
          │    └ <starlette.middleware.errors.ServerErrorMiddleware object at 0x000002003ED517C0>
          └ <fastapi.applications.FastAPI object at 0x000002000D93B650>
  File "C:\Users\soumy\OneDrive\Desktop\Project\lca_platform\venv\Lib\site-packages\starlette\middleware\errors.py", line 184, in __call__
    raise exc
  File "C:\Users\soumy\OneDrive\Desktop\Project\lca_platform\venv\Lib\site-packages\starlette\middleware\errors.py", line 162, in __call__
    await self.app(scope, receive, _send)
          │    │   │      │        └ <function ServerErrorMiddleware.__call__.<locals>._send at 0x00000200412E2700>
          │    │   │      └ <bound method RequestResponseCycle.receive of <uvicorn.protocols.http.httptools_impl.RequestResponseCycle object at 0x0000020...
          │    │   └ {'type': 'http', 'asgi': {'version': '3.0', 'spec_version': '2.3'}, 'http_version': '1.1', 'server': ('127.0.0.1', 8000), 'cl...
          │    └ <starlette.middleware.base.BaseHTTPMiddleware object at 0x000002003E6D65A0>
          └ <starlette.middleware.errors.ServerErrorMiddleware object at 0x000002003ED517C0>
  File "C:\Users\soumy\OneDrive\Desktop\Project\lca_platform\venv\Lib\site-packages\starlette\middleware\base.py", line 108, in __call__
    response = await self.dispatch_func(request, call_next)
                     │    │             │        └ <function BaseHTTPMiddleware.__call__.<locals>.call_next at 0x00000200412E37E0>
                     │    │             └ <starlette.requests.Request object at 0x00000200414C96A0>
                     │    └ <function log_requests at 0x000002000D8DADE0>
                     └ <starlette.middleware.base.BaseHTTPMiddleware object at 0x000002003E6D65A0>

  File "C:\Users\soumy\OneDrive\Desktop\Project\lca_platform\backend\app\main.py", line 56, in log_requests
    response = await call_next(request)
                     │         └ <starlette.requests.Request object at 0x00000200414C96A0>
                     └ <function BaseHTTPMiddleware.__call__.<locals>.call_next at 0x00000200412E37E0>

  File "C:\Users\soumy\OneDrive\Desktop\Project\lca_platform\venv\Lib\site-packages\starlette\middleware\base.py", line 84, in call_next
    raise app_exc
          └ IntegrityError('(sqlite3.IntegrityError) FOREIGN KEY constraint failed')
  File "C:\Users\soumy\OneDrive\Desktop\Project\lca_platform\venv\Lib\site-packages\starlette\middleware\base.py", line 70, in coro
    await self.app(scope, receive_or_disconnect, send_no_error)
          │    │   │      │                      └ <function BaseHTTPMiddleware.__call__.<locals>.call_next.<locals>.send_no_error at 0x00000200414D8220>
          │    │   │      └ <function BaseHTTPMiddleware.__call__.<locals>.call_next.<locals>.receive_or_disconnect at 0x00000200412E3600>
          │    │   └ {'type': 'http', 'asgi': {'version': '3.0', 'spec_version': '2.3'}, 'http_version': '1.1', 'server': ('127.0.0.1', 8000), 'cl...
          │    └ <starlette.middleware.cors.CORSMiddleware object at 0x000002003CE6BFB0>
          └ <starlette.middleware.base.BaseHTTPMiddleware object at 0x000002003E6D65A0>
  File "C:\Users\soumy\OneDrive\Desktop\Project\lca_platform\venv\Lib\site-packages\starlette\middleware\cors.py", line 91, in __call__
    await self.simple_response(scope, receive, send, request_headers=headers)
          │    │               │      │        │                     └ Headers({'host': 'localhost:8000', 'connection': 'keep-alive', 'content-length': '0', 'sec-ch-ua-platform': '"Windows"', 'use...
          │    │               │      │        └ <function BaseHTTPMiddleware.__call__.<locals>.call_next.<locals>.send_no_error at 0x00000200414D8220>
          │    │               │      └ <function BaseHTTPMiddleware.__call__.<locals>.call_next.<locals>.receive_or_disconnect at 0x00000200412E3600>
          │    │               └ {'type': 'http', 'asgi': {'version': '3.0', 'spec_version': '2.3'}, 'http_version': '1.1', 'server': ('127.0.0.1', 8000), 'cl...
          │    └ <function CORSMiddleware.simple_response at 0x000002000D8D9940>
          └ <starlette.middleware.cors.CORSMiddleware object at 0x000002003CE6BFB0>
  File "C:\Users\soumy\OneDrive\Desktop\Project\lca_platform\venv\Lib\site-packages\starlette\middleware\cors.py", line 146, in simple_response
    await self.app(scope, receive, send)
          │    │   │      │        └ functools.partial(<bound method CORSMiddleware.send of <starlette.middleware.cors.CORSMiddleware object at 0x000002003CE6BFB0...
          │    │   │      └ <function BaseHTTPMiddleware.__call__.<locals>.call_next.<locals>.receive_or_disconnect at 0x00000200412E3600>
          │    │   └ {'type': 'http', 'asgi': {'version': '3.0', 'spec_version': '2.3'}, 'http_version': '1.1', 'server': ('127.0.0.1', 8000), 'cl...
          │    └ <starlette.middleware.exceptions.ExceptionMiddleware object at 0x000002003E863860>
          └ <starlette.middleware.cors.CORSMiddleware object at 0x000002003CE6BFB0>
  File "C:\Users\soumy\OneDrive\Desktop\Project\lca_platform\venv\Lib\site-packages\starlette\middleware\exceptions.py", line 79, in __call__
    raise exc
  File "C:\Users\soumy\OneDrive\Desktop\Project\lca_platform\venv\Lib\site-packages\starlette\middleware\exceptions.py", line 68, in __call__
    await self.app(scope, receive, sender)
          │    │   │      │        └ <function ExceptionMiddleware.__call__.<locals>.sender at 0x00000200414D85E0>
          │    │   │      └ <function BaseHTTPMiddleware.__call__.<locals>.call_next.<locals>.receive_or_disconnect at 0x00000200412E3600>
          │    │   └ {'type': 'http', 'asgi': {'version': '3.0', 'spec_version': '2.3'}, 'http_version': '1.1', 'server': ('127.0.0.1', 8000), 'cl...
          │    └ <fastapi.middleware.asyncexitstack.AsyncExitStackMiddleware object at 0x000002003EB52F60>
          └ <starlette.middleware.exceptions.ExceptionMiddleware object at 0x000002003E863860>
  File "C:\Users\soumy\OneDrive\Desktop\Project\lca_platform\venv\Lib\site-packages\fastapi\middleware\asyncexitstack.py", line 20, in __call__
    raise e
  File "C:\Users\soumy\OneDrive\Desktop\Project\lca_platform\venv\Lib\site-packages\fastapi\middleware\asyncexitstack.py", line 17, in __call__
    await self.app(scope, receive, send)
          │    │   │      │        └ <function ExceptionMiddleware.__call__.<locals>.sender at 0x00000200414D85E0>
          │    │   │      └ <function BaseHTTPMiddleware.__call__.<locals>.call_next.<locals>.receive_or_disconnect at 0x00000200412E3600>
          │    │   └ {'type': 'http', 'asgi': {'version': '3.0', 'spec_version': '2.3'}, 'http_version': '1.1', 'server': ('127.0.0.1', 8000), 'cl...
          │    └ <fastapi.routing.APIRouter object at 0x000002000E307FB0>
          └ <fastapi.middleware.asyncexitstack.AsyncExitStackMiddleware object at 0x000002003EB52F60>
  File "C:\Users\soumy\OneDrive\Desktop\Project\lca_platform\venv\Lib\site-packages\starlette\routing.py", line 718, in __call__
    await route.handle(scope, receive, send)
          │     │      │      │        └ <function ExceptionMiddleware.__call__.<locals>.sender at 0x00000200414D85E0>
          │     │      │      └ <function BaseHTTPMiddleware.__call__.<locals>.call_next.<locals>.receive_or_disconnect at 0x00000200412E3600>
          │     │      └ {'type': 'http', 'asgi': {'version': '3.0', 'spec_version': '2.3'}, 'http_version': '1.1', 'server': ('127.0.0.1', 8000), 'cl...
          │     └ <function Route.handle at 0x000002000D8396C0>
          └ APIRoute(path='/api/v1/reports/generate', name='generate_report', methods=['POST'])
  File "C:\Users\soumy\OneDrive\Desktop\Project\lca_platform\venv\Lib\site-packages\starlette\routing.py", line 276, in handle
    await self.app(scope, receive, send)
          │    │   │      │        └ <function ExceptionMiddleware.__call__.<locals>.sender at 0x00000200414D85E0>
          │    │   │      └ <function BaseHTTPMiddleware.__call__.<locals>.call_next.<locals>.receive_or_disconnect at 0x00000200412E3600>
          │    │   └ {'type': 'http', 'asgi': {'version': '3.0', 'spec_version': '2.3'}, 'http_version': '1.1', 'server': ('127.0.0.1', 8000), 'cl...
          │    └ <function request_response.<locals>.app at 0x000002003ED9CFE0>
          └ APIRoute(path='/api/v1/reports/generate', name='generate_report', methods=['POST'])
  File "C:\Users\soumy\OneDrive\Desktop\Project\lca_platform\venv\Lib\site-packages\starlette\routing.py", line 66, in app
    response = await func(request)
                     │    └ <starlette.requests.Request object at 0x00000200414C9A60>
                     └ <function get_request_handler.<locals>.app at 0x000002003ED9D440>
  File "C:\Users\soumy\OneDrive\Desktop\Project\lca_platform\venv\Lib\site-packages\fastapi\routing.py", line 274, in app
    raw_response = await run_endpoint_function(
                         └ <function run_endpoint_function at 0x000002000D83A7A0>
  File "C:\Users\soumy\OneDrive\Desktop\Project\lca_platform\venv\Lib\site-packages\fastapi\routing.py", line 193, in run_endpoint_function
    return await run_in_threadpool(dependant.call, **values)
                 │                 │         │       └ {'db': <sqlalchemy.orm.session.Session object at 0x00000200414C9C70>, 'report_type': 'lca_summary', 'title': 'Analysis Report'}
                 │                 │         └ <function generate_report at 0x000002003ED5B240>
                 │                 └ <fastapi.dependencies.models.Dependant object at 0x000002003EDB5D60>
                 └ <function run_in_threadpool at 0x000002000C51CF40>
  File "C:\Users\soumy\OneDrive\Desktop\Project\lca_platform\venv\Lib\site-packages\starlette\concurrency.py", line 41, in run_in_threadpool
    return await anyio.to_thread.run_sync(func, *args)
                 │     │         │        │      └ ()
                 │     │         │        └ functools.partial(<function generate_report at 0x000002003ED5B240>, db=<sqlalchemy.orm.session.Session object at 0x0000020041...
                 │     │         └ <function run_sync at 0x000002000B7B0EA0>
                 │     └ <module 'anyio.to_thread' from 'C:\\Users\\soumy\\OneDrive\\Desktop\\Project\\lca_platform\\venv\\Lib\\site-packages\\anyio\\...
                 └ <module 'anyio' from 'C:\\Users\\soumy\\OneDrive\\Desktop\\Project\\lca_platform\\venv\\Lib\\site-packages\\anyio\\__init__.py'>
  File "C:\Users\soumy\OneDrive\Desktop\Project\lca_platform\venv\Lib\site-packages\anyio\to_thread.py", line 33, in run_sync
    return await get_asynclib().run_sync_in_worker_thread(
                 └ <function get_asynclib at 0x000002000B7723E0>
  File "C:\Users\soumy\OneDrive\Desktop\Project\lca_platform\venv\Lib\site-packages\anyio\_backends\_asyncio.py", line 877, in run_sync_in_worker_thread
    return await future
                 └ <Future finished exception=IntegrityError('(sqlite3.IntegrityError) FOREIGN KEY constraint failed')>
  File "C:\Users\soumy\OneDrive\Desktop\Project\lca_platform\venv\Lib\site-packages\anyio\_backends\_asyncio.py", line 807, in run
    result = context.run(func, *args)
             │       │   │      └ (<class 'sqlalchemy.exc.IntegrityError'>, IntegrityError('(sqlite3.IntegrityError) FOREIGN KEY constraint failed'), None)
             │       │   └ <bound method _GeneratorContextManager.__exit__ of <contextlib._GeneratorContextManager object at 0x00000200414C9B80>>
             │       └ <method 'run' of '_contextvars.Context' objects>
             └ <_contextvars.Context object at 0x000002004111E300>

  File "C:\Users\soumy\OneDrive\Desktop\Project\lca_platform\backend\app\api\v1\reports.py", line 11, in generate_report
    result = report_service.generate_report(user_id=1, report_type=report_type, title=title, db=db)
             │              │                                      │                  │         └ <sqlalchemy.orm.session.Session object at 0x00000200414C9C70>
             │              │                                      │                  └ 'Analysis Report'
             │              │                                      └ 'lca_summary'
             │              └ <function generate_report at 0x000002003ED5B380>
             └ <module 'backend.app.services.report_service' from 'C:\\Users\\soumy\\OneDrive\\Desktop\\Project\\lca_platform\\backend\\app\...

  File "C:\Users\soumy\OneDrive\Desktop\Project\lca_platform\backend\app\services\report_service.py", line 34, in generate_report
    db.commit()
    │  └ <function Session.commit at 0x000002000E257100>
    └ <sqlalchemy.orm.session.Session object at 0x00000200414C9C70>

  File "C:\Users\soumy\OneDrive\Desktop\Project\lca_platform\venv\Lib\site-packages\sqlalchemy\orm\session.py", line 1969, in commit
    trans.commit(_to_root=True)
    │     └ <function SessionTransaction.commit at 0x000002000E256200>
    └ <sqlalchemy.orm.session.SessionTransaction object at 0x00000200414D3FD0>
  File "<string>", line 2, in commit
  File "C:\Users\soumy\OneDrive\Desktop\Project\lca_platform\venv\Lib\site-packages\sqlalchemy\orm\state_changes.py", line 139, in _go
    ret_value = fn(self, *arg, **kw)
                │  │      │      └ {'_to_root': True}
                │  │      └ ()
                │  └ <sqlalchemy.orm.session.SessionTransaction object at 0x00000200414D3FD0>
                └ <function SessionTransaction.commit at 0x000002000E256020>
  File "C:\Users\soumy\OneDrive\Desktop\Project\lca_platform\venv\Lib\site-packages\sqlalchemy\orm\session.py", line 1256, in commit
    self._prepare_impl()
    │    └ <function SessionTransaction._prepare_impl at 0x000002000E255EE0>
    └ <sqlalchemy.orm.session.SessionTransaction object at 0x00000200414D3FD0>
  File "<string>", line 2, in _prepare_impl
  File "C:\Users\soumy\OneDrive\Desktop\Project\lca_platform\venv\Lib\site-packages\sqlalchemy\orm\state_changes.py", line 139, in _go
    ret_value = fn(self, *arg, **kw)
                │  │      │      └ {}
                │  │      └ ()
                │  └ <sqlalchemy.orm.session.SessionTransaction object at 0x00000200414D3FD0>
                └ <function SessionTransaction._prepare_impl at 0x000002000E255E40>
  File "C:\Users\soumy\OneDrive\Desktop\Project\lca_platform\venv\Lib\site-packages\sqlalchemy\orm\session.py", line 1231, in _prepare_impl
    self.session.flush()
    │    │       └ <function Session.flush at 0x000002000E262020>
    │    └ <sqlalchemy.orm.session.Session object at 0x00000200414C9C70>
    └ <sqlalchemy.orm.session.SessionTransaction object at 0x00000200414D3FD0>
  File "C:\Users\soumy\OneDrive\Desktop\Project\lca_platform\venv\Lib\site-packages\sqlalchemy\orm\session.py", line 4312, in flush
    self._flush(objects)
    │    │      └ None
    │    └ <function Session._flush at 0x000002000E262200>
    └ <sqlalchemy.orm.session.Session object at 0x00000200414C9C70>
  File "C:\Users\soumy\OneDrive\Desktop\Project\lca_platform\venv\Lib\site-packages\sqlalchemy\orm\session.py", line 4447, in _flush
    with util.safe_reraise():
         │    └ <class 'sqlalchemy.util.langhelpers.safe_reraise'>
         └ <module 'sqlalchemy.util' from 'C:\\Users\\soumy\\OneDrive\\Desktop\\Project\\lca_platform\\venv\\Lib\\site-packages\\sqlalch...
  File "C:\Users\soumy\OneDrive\Desktop\Project\lca_platform\venv\Lib\site-packages\sqlalchemy\util\langhelpers.py", line 146, in __exit__
    raise exc_value.with_traceback(exc_tb)
          │         │              └ <traceback object at 0x00000200414E8A80>
          │         └ <method 'with_traceback' of 'BaseException' objects>
          └ IntegrityError('(sqlite3.IntegrityError) FOREIGN KEY constraint failed')
  File "C:\Users\soumy\OneDrive\Desktop\Project\lca_platform\venv\Lib\site-packages\sqlalchemy\orm\session.py", line 4408, in _flush
    flush_context.execute()
    │             └ <function UOWTransaction.execute at 0x000002000E236A20>
    └ <sqlalchemy.orm.unitofwork.UOWTransaction object at 0x00000200411F3DD0>
  File "C:\Users\soumy\OneDrive\Desktop\Project\lca_platform\venv\Lib\site-packages\sqlalchemy\orm\unitofwork.py", line 466, in execute
    rec.execute(self)
    │   │       └ <sqlalchemy.orm.unitofwork.UOWTransaction object at 0x00000200411F3DD0>
    │   └ <function SaveUpdateAll.execute at 0x000002000E237560>
    └ SaveUpdateAll(Mapper[Report(reports)])
  File "C:\Users\soumy\OneDrive\Desktop\Project\lca_platform\venv\Lib\site-packages\sqlalchemy\orm\unitofwork.py", line 642, in execute
    util.preloaded.orm_persistence.save_obj(
    │    │         │               └ <function save_obj at 0x000002000E155C60>
    │    │         └ <module 'sqlalchemy.orm.persistence' from 'C:\\Users\\soumy\\OneDrive\\Desktop\\Project\\lca_platform\\venv\\Lib\\site-packag...
    │    └ <module 'sqlalchemy.util.preloaded' from 'C:\\Users\\soumy\\OneDrive\\Desktop\\Project\\lca_platform\\venv\\Lib\\site-package...
    └ <module 'sqlalchemy.util' from 'C:\\Users\\soumy\\OneDrive\\Desktop\\Project\\lca_platform\\venv\\Lib\\site-packages\\sqlalch...
  File "C:\Users\soumy\OneDrive\Desktop\Project\lca_platform\venv\Lib\site-packages\sqlalchemy\orm\persistence.py", line 93, in save_obj
    _emit_insert_statements(
    └ <function _emit_insert_statements at 0x000002000E22D9E0>
  File "C:\Users\soumy\OneDrive\Desktop\Project\lca_platform\venv\Lib\site-packages\sqlalchemy\orm\persistence.py", line 1226, in _emit_insert_statements
    result = connection.execute(
             │          └ <function Connection.execute at 0x000002000DF0FEC0>
             └ <sqlalchemy.engine.base.Connection object at 0x00000200414C9EE0>
  File "C:\Users\soumy\OneDrive\Desktop\Project\lca_platform\venv\Lib\site-packages\sqlalchemy\engine\base.py", line 1416, in execute
    return meth(
           └ <bound method ClauseElement._execute_on_connection of <sqlalchemy.sql.dml.Insert object at 0x0000020040EC8F20>>
  File "C:\Users\soumy\OneDrive\Desktop\Project\lca_platform\venv\Lib\site-packages\sqlalchemy\sql\elements.py", line 516, in _execute_on_connection
    return connection._execute_clauseelement(
           │          └ <function Connection._execute_clauseelement at 0x000002000DF14220>
           └ <sqlalchemy.engine.base.Connection object at 0x00000200414C9EE0>
  File "C:\Users\soumy\OneDrive\Desktop\Project\lca_platform\venv\Lib\site-packages\sqlalchemy\engine\base.py", line 1639, in _execute_clauseelement
    ret = self._execute_context(
          │    └ <function Connection._execute_context at 0x000002000DF14400>
          └ <sqlalchemy.engine.base.Connection object at 0x00000200414C9EE0>
  File "C:\Users\soumy\OneDrive\Desktop\Project\lca_platform\venv\Lib\site-packages\sqlalchemy\engine\base.py", line 1848, in _execute_context
    return self._exec_single_context(
           │    └ <function Connection._exec_single_context at 0x000002000DF144A0>
           └ <sqlalchemy.engine.base.Connection object at 0x00000200414C9EE0>
  File "C:\Users\soumy\OneDrive\Desktop\Project\lca_platform\venv\Lib\site-packages\sqlalchemy\engine\base.py", line 1988, in _exec_single_context
    self._handle_dbapi_exception(
    │    └ <function Connection._handle_dbapi_exception at 0x000002000DF14720>
    └ <sqlalchemy.engine.base.Connection object at 0x00000200414C9EE0>
  File "C:\Users\soumy\OneDrive\Desktop\Project\lca_platform\venv\Lib\site-packages\sqlalchemy\engine\base.py", line 2343, in _handle_dbapi_exception
    raise sqlalchemy_exception.with_traceback(exc_info[2]) from e
          │                    │              │                 └ IntegrityError('FOREIGN KEY constraint failed')
          │                    │              └ (<class 'sqlite3.IntegrityError'>, IntegrityError('FOREIGN KEY constraint failed'), <traceback object at 0x00000200414E8E00>)
          │                    └ <method 'with_traceback' of 'BaseException' objects>
          └ IntegrityError('(sqlite3.IntegrityError) FOREIGN KEY constraint failed')
  File "C:\Users\soumy\OneDrive\Desktop\Project\lca_platform\venv\Lib\site-packages\sqlalchemy\engine\base.py", line 1969, in _exec_single_context
    self.dialect.do_execute(
    │    │       └ <function DefaultDialect.do_execute at 0x000002000DF9ECA0>
    │    └ <sqlalchemy.dialects.sqlite.pysqlite.SQLiteDialect_pysqlite object at 0x000002000DC5F6B0>
    └ <sqlalchemy.engine.base.Connection object at 0x00000200414C9EE0>
  File "C:\Users\soumy\OneDrive\Desktop\Project\lca_platform\venv\Lib\site-packages\sqlalchemy\engine\default.py", line 922, in do_execute
    cursor.execute(statement, parameters)
    │      │       │          └ (1, 'Analysis Report', 'lca_summary', '{"assessment_count": 1, "totals": {"carbon_kg_co2": 142200000.0, "water_m3": 13800000....
    │      │       └ 'INSERT INTO reports (user_id, title, report_type, content, file_path, status, created_at) VALUES (?, ?, ?, ?, ?, ?, ?)'
    │      └ <method 'execute' of 'sqlite3.Cursor' objects>
    └ <sqlite3.Cursor object at 0x00000200414EC1C0>

sqlalchemy.exc.IntegrityError: (sqlite3.IntegrityError) FOREIGN KEY constraint failed
[SQL: INSERT INTO reports (user_id, title, report_type, content, file_path, status, created_at) VALUES (?, ?, ?, ?, ?, ?, ?)]
[parameters: (1, 'Analysis Report', 'lca_summary', '{"assessment_count": 1, "totals": {"carbon_kg_co2": 142200000.0, "water_m3": 13800000.0, "energy_mj": 225000000.0, "waste_kg": 5865000000.0}, "averag ... (69 characters truncated) ... j": 225000000.0, "waste_kg": 5865000000.0}, "recent_assessments": [{"facility": "REE Processing Plant", "carbon": 142200000.0, "water": 13800000.0}]}', '', 'generated', '2026-07-26 13:05:24.264031')]
(Background on this error at: https://sqlalche.me/e/20/gkpj)
2026-07-26 18:35:48 | DEBUG    | backend.app.main:log_requests:58 - GET /docs -> 200 (0.000s)
2026-07-26 18:35:48 | INFO     | uvicorn.protocols.http.httptools_impl:send:496 - 127.0.0.1:54307 - "GET /docs HTTP/1.1" 200
2026-07-26 18:35:48 | DEBUG    | backend.app.main:log_requests:58 - GET /openapi.json -> 200 (0.010s)
2026-07-26 18:35:48 | INFO     | uvicorn.protocols.http.httptools_impl:send:496 - 127.0.0.1:54307 - "GET /openapi.json HTTP/1.1" 200
2026-07-26 18:35:54 | DEBUG    | backend.app.main:log_requests:58 - GET /redoc -> 200 (0.000s)
2026-07-26 18:35:54 | INFO     | uvicorn.protocols.http.httptools_impl:send:496 - 127.0.0.1:60396 - "GET /redoc HTTP/1.1" 200
2026-07-26 18:36:01 | DEBUG    | backend.app.main:log_requests:58 - GET /api/v1/reports/ -> 200 (0.004s)
2026-07-26 18:36:01 | INFO     | uvicorn.protocols.http.httptools_impl:send:496 - 127.0.0.1:62454 - "GET /api/v1/reports/ HTTP/1.1" 200
2026-07-26 18:36:02 | INFO     | backend.app.ml.models.base:load:49 - Loaded model hree_predictor
2026-07-26 18:36:02 | INFO     | backend.app.ml.models.base:load:49 - Loaded model deposit_classifier
2026-07-26 18:36:02 | INFO     | backend.app.ml.models.base:load:49 - Loaded model resource_estimator
2026-07-26 18:36:02 | INFO     | backend.app.ml.models.base:load:49 - Loaded model dy_predictor
2026-07-26 18:36:02 | DEBUG    | backend.app.main:log_requests:58 - GET /api/v1/predictions/metrics -> 200 (0.082s)
2026-07-26 18:36:02 | INFO     | uvicorn.protocols.http.httptools_impl:send:496 - 127.0.0.1:62454 - "GET /api/v1/predictions/metrics HTTP/1.1" 200
2026-07-26 18:36:02 | DEBUG    | backend.app.main:log_requests:58 - GET /api/v1/predictions/history -> 200 (0.003s)
2026-07-26 18:36:02 | INFO     | uvicorn.protocols.http.httptools_impl:send:496 - 127.0.0.1:62454 - "GET /api/v1/predictions/history?limit=10 HTTP/1.1" 200
2026-07-26 18:36:04 | INFO     | backend.app.services.prediction_service:train_all_models:27 - Training all models
2026-07-26 18:36:04 | INFO     | backend.app.pipeline.preprocessor:fit_transform:25 - Preprocessing mining projects data
2026-07-26 18:36:04 | INFO     | backend.app.pipeline.preprocessor:fit_transform:31 - Filtered to 65 projects with >=10 REE oxide values
2026-07-26 18:36:04 | INFO     | backend.app.pipeline.preprocessor:fit_transform:86 - Preprocessing complete: X shape=(65, 19), features=['log_resource', 'grade_pct', 'continent_encoded', 'deposit_type_encoded', 'La2O3_norm', 'Ce2O3_norm', 'Pr6O11_norm', 'Nd2O3_norm', 'Sm2O3_norm', 'Eu2O3_norm', 'Gd2O3_norm', 'Tb4O7_norm', 'Dy2O3_norm', 'Ho2O3_norm', 'Er2O3_norm', 'Tm2O3_norm', 'Yb2O3_norm', 'Lu2O3_norm', 'Y2O3_norm']
2026-07-26 18:36:04 | INFO     | backend.app.ml.models.base:train:69 - Training HREE Predictor
2026-07-26 18:36:05 | INFO     | backend.app.ml.models.base:save:36 - Saved model hree_predictor to backend\models\hree_predictor
2026-07-26 18:36:05 | INFO     | backend.app.ml.models.base:train:99 - HREE Predictor trained: R2=0.9460, RMSE=7.5012
2026-07-26 18:36:05 | INFO     | backend.app.ml.models.base:train:122 - Training Deposit Classifier
2026-07-26 18:36:05 | INFO     | backend.app.ml.models.base:save:36 - Saved model deposit_classifier to backend\models\deposit_classifier
2026-07-26 18:36:05 | INFO     | backend.app.ml.models.base:train:161 - Deposit Classifier trained: Accuracy=0.7692
2026-07-26 18:36:05 | INFO     | backend.app.ml.models.base:train:185 - Training Resource Estimator
2026-07-26 18:36:06 | INFO     | backend.app.ml.models.base:save:36 - Saved model resource_estimator to backend\models\resource_estimator
2026-07-26 18:36:06 | INFO     | backend.app.ml.models.base:train:214 - Resource Estimator trained: R2=0.9909
2026-07-26 18:36:06 | INFO     | backend.app.ml.models.base:train:238 - Training Dy2O3 Predictor
2026-07-26 18:36:08 | INFO     | backend.app.ml.models.base:save:36 - Saved model dy_predictor to backend\models\dy_predictor
2026-07-26 18:36:08 | INFO     | backend.app.ml.models.base:train:268 - Dy2O3 Predictor trained: R2=0.8486
2026-07-26 18:36:08 | INFO     | backend.app.ml.models.base:load:49 - Loaded model hree_predictor
2026-07-26 18:36:08 | INFO     | backend.app.ml.models.base:load:49 - Loaded model deposit_classifier
2026-07-26 18:36:08 | INFO     | backend.app.ml.models.base:load:49 - Loaded model resource_estimator
2026-07-26 18:36:08 | INFO     | backend.app.ml.models.base:load:49 - Loaded model dy_predictor
2026-07-26 18:36:08 | INFO     | backend.app.services.prediction_service:train_all_models:78 - All models trained: ['hree_predictor', 'deposit_classifier', 'resource_estimator', 'dy_predictor']
2026-07-26 18:36:08 | DEBUG    | backend.app.main:log_requests:58 - POST /api/v1/predictions/train -> 200 (4.132s)
2026-07-26 18:36:08 | INFO     | uvicorn.protocols.http.httptools_impl:send:496 - 127.0.0.1:62454 - "POST /api/v1/predictions/train HTTP/1.1" 200
2026-07-26 18:36:08 | INFO     | backend.app.ml.models.base:load:49 - Loaded model hree_predictor
2026-07-26 18:36:08 | INFO     | backend.app.ml.models.base:load:49 - Loaded model deposit_classifier
2026-07-26 18:36:08 | INFO     | backend.app.ml.models.base:load:49 - Loaded model resource_estimator
2026-07-26 18:36:08 | INFO     | backend.app.ml.models.base:load:49 - Loaded model dy_predictor
2026-07-26 18:36:08 | DEBUG    | backend.app.main:log_requests:58 - GET /api/v1/predictions/metrics -> 200 (0.086s)
2026-07-26 18:36:08 | INFO     | uvicorn.protocols.http.httptools_impl:send:496 - 127.0.0.1:62454 - "GET /api/v1/predictions/metrics HTTP/1.1" 200
2026-07-26 18:36:14 | INFO     | backend.app.services.prediction_service:run_prediction:83 - Running prediction with hree_predictor
2026-07-26 18:36:14 | INFO     | backend.app.ml.models.base:load:49 - Loaded model hree_predictor
2026-07-26 18:36:14 | INFO     | backend.app.pipeline.preprocessor:fit_transform:25 - Preprocessing mining projects data
2026-07-26 18:36:14 | INFO     | backend.app.pipeline.preprocessor:fit_transform:31 - Filtered to 65 projects with >=10 REE oxide values
2026-07-26 18:36:14 | INFO     | backend.app.pipeline.preprocessor:fit_transform:86 - Preprocessing complete: X shape=(65, 19), features=['log_resource', 'grade_pct', 'continent_encoded', 'deposit_type_encoded', 'La2O3_norm', 'Ce2O3_norm', 'Pr6O11_norm', 'Nd2O3_norm', 'Sm2O3_norm', 'Eu2O3_norm', 'Gd2O3_norm', 'Tb4O7_norm', 'Dy2O3_norm', 'Ho2O3_norm', 'Er2O3_norm', 'Tm2O3_norm', 'Yb2O3_norm', 'Lu2O3_norm', 'Y2O3_norm']
2026-07-26 18:36:15 | DEBUG    | matplotlib:wrapper:350 - matplotlib data path: C:\Users\soumy\OneDrive\Desktop\Project\lca_platform\venv\Lib\site-packages\matplotlib\mpl-data
2026-07-26 18:36:15 | DEBUG    | matplotlib:wrapper:350 - CONFIGDIR=C:\Users\soumy\.matplotlib
2026-07-26 18:36:15 | DEBUG    | matplotlib:<module>:1511 - interactive is False
2026-07-26 18:36:15 | DEBUG    | matplotlib:<module>:1512 - platform is win32
2026-07-26 18:36:15 | DEBUG    | matplotlib:wrapper:350 - CACHEDIR=C:\Users\soumy\.matplotlib
2026-07-26 18:36:15 | DEBUG    | matplotlib.font_manager:_load_fontmanager:1574 - Using fontManager instance from C:\Users\soumy\.matplotlib\fontlist-v330.json
2026-07-26 18:36:16 | DEBUG    | backend.app.main:log_requests:58 - POST /api/v1/predictions/predict -> 200 (1.796s)
2026-07-26 18:36:16 | INFO     | uvicorn.protocols.http.httptools_impl:send:496 - 127.0.0.1:63414 - "POST /api/v1/predictions/predict HTTP/1.1" 200
2026-07-26 18:36:16 | DEBUG    | backend.app.main:log_requests:58 - GET /api/v1/predictions/history -> 200 (0.001s)
2026-07-26 18:36:16 | INFO     | uvicorn.protocols.http.httptools_impl:send:496 - 127.0.0.1:63414 - "GET /api/v1/predictions/history?limit=10 HTTP/1.1" 200
2026-07-26 18:36:29 | INFO     | backend.app.services.prediction_service:run_prediction:83 - Running prediction with hree_predictor
2026-07-26 18:36:29 | INFO     | backend.app.ml.models.base:load:49 - Loaded model hree_predictor
2026-07-26 18:36:29 | INFO     | backend.app.pipeline.preprocessor:fit_transform:25 - Preprocessing mining projects data
2026-07-26 18:36:29 | INFO     | backend.app.pipeline.preprocessor:fit_transform:31 - Filtered to 65 projects with >=10 REE oxide values
2026-07-26 18:36:29 | INFO     | backend.app.pipeline.preprocessor:fit_transform:86 - Preprocessing complete: X shape=(65, 19), features=['log_resource', 'grade_pct', 'continent_encoded', 'deposit_type_encoded', 'La2O3_norm', 'Ce2O3_norm', 'Pr6O11_norm', 'Nd2O3_norm', 'Sm2O3_norm', 'Eu2O3_norm', 'Gd2O3_norm', 'Tb4O7_norm', 'Dy2O3_norm', 'Ho2O3_norm', 'Er2O3_norm', 'Tm2O3_norm', 'Yb2O3_norm', 'Lu2O3_norm', 'Y2O3_norm']
2026-07-26 18:36:29 | DEBUG    | backend.app.main:log_requests:58 - POST /api/v1/predictions/predict -> 200 (0.040s)
2026-07-26 18:36:29 | INFO     | uvicorn.protocols.http.httptools_impl:send:496 - 127.0.0.1:62809 - "POST /api/v1/predictions/predict HTTP/1.1" 200
2026-07-26 18:36:29 | DEBUG    | backend.app.main:log_requests:58 - GET /api/v1/predictions/history -> 200 (0.001s)
2026-07-26 18:36:29 | INFO     | uvicorn.protocols.http.httptools_impl:send:496 - 127.0.0.1:62809 - "GET /api/v1/predictions/history?limit=10 HTTP/1.1" 200
2026-07-26 18:36:35 | DEBUG    | backend.app.main:log_requests:58 - GET /api/v1/environmental/benchmarks -> 200 (0.005s)
2026-07-26 18:36:35 | INFO     | uvicorn.protocols.http.httptools_impl:send:496 - 127.0.0.1:58138 - "GET /api/v1/environmental/benchmarks HTTP/1.1" 200
2026-07-26 18:36:52 | INFO     | backend.app.services.environmental_service:run_lca_assessment:15 - Running LCA for REE Processing Plant
2026-07-26 18:36:52 | INFO     | backend.app.lca.engine:full_assessment:204 - Running full LCA assessment
2026-07-26 18:36:52 | INFO     | backend.app.lca.engine:calculate:68 - Calculating carbon footprint
2026-07-26 18:36:52 | INFO     | backend.app.lca.engine:calculate:98 - Calculating water footprint
2026-07-26 18:36:52 | INFO     | backend.app.lca.engine:calculate:124 - Calculating energy consumption
2026-07-26 18:36:52 | INFO     | backend.app.lca.engine:calculate:150 - Calculating waste generation
2026-07-26 18:36:52 | DEBUG    | backend.app.main:log_requests:58 - POST /api/v1/environmental/assess -> 200 (0.009s)
2026-07-26 18:36:52 | INFO     | uvicorn.protocols.http.httptools_impl:send:496 - 127.0.0.1:50918 - "POST /api/v1/environmental/assess HTTP/1.1" 200
2026-07-26 18:39:34 | INFO     | backend.app.services.dashboard_service:get_dashboard_data:13 - Building dashboard data
2026-07-26 18:39:34 | INFO     | backend.app.ml.models.base:load:49 - Loaded model hree_predictor
2026-07-26 18:39:34 | INFO     | backend.app.ml.models.base:load:49 - Loaded model deposit_classifier
2026-07-26 18:39:34 | INFO     | backend.app.ml.models.base:load:49 - Loaded model resource_estimator
2026-07-26 18:39:34 | INFO     | backend.app.ml.models.base:load:49 - Loaded model dy_predictor
2026-07-26 18:39:34 | DEBUG    | backend.app.main:log_requests:58 - GET /api/v1/dashboard/ -> 200 (0.138s)
2026-07-26 18:39:34 | INFO     | uvicorn.protocols.http.httptools_impl:send:496 - 127.0.0.1:52314 - "GET /api/v1/dashboard/ HTTP/1.1" 200
2026-07-26 18:39:52 | DEBUG    | backend.app.main:log_requests:58 - GET /api/v1/datasets/ -> 200 (0.072s)
2026-07-26 18:39:52 | INFO     | uvicorn.protocols.http.httptools_impl:send:496 - 127.0.0.1:65229 - "GET /api/v1/datasets/ HTTP/1.1" 200
2026-07-26 18:39:55 | DEBUG    | backend.app.main:log_requests:58 - GET /api/v1/datasets/facilities -> 404 (0.002s)
2026-07-26 18:39:55 | INFO     | uvicorn.protocols.http.httptools_impl:send:496 - 127.0.0.1:65229 - "GET /api/v1/datasets/facilities HTTP/1.1" 404
2026-07-26 18:39:55 | DEBUG    | backend.app.main:log_requests:58 - GET /api/v1/datasets/facilities/sample -> 404 (0.002s)
2026-07-26 18:39:55 | INFO     | uvicorn.protocols.http.httptools_impl:send:496 - 127.0.0.1:65229 - "GET /api/v1/datasets/facilities/sample?rows=5 HTTP/1.1" 404
2026-07-26 18:39:57 | DEBUG    | backend.app.main:log_requests:58 - GET /api/v1/predictions/history -> 200 (0.009s)
2026-07-26 18:39:57 | INFO     | uvicorn.protocols.http.httptools_impl:send:496 - 127.0.0.1:62387 - "GET /api/v1/predictions/history?limit=10 HTTP/1.1" 200
2026-07-26 18:39:57 | INFO     | backend.app.ml.models.base:load:49 - Loaded model hree_predictor
2026-07-26 18:39:57 | INFO     | backend.app.ml.models.base:load:49 - Loaded model deposit_classifier
2026-07-26 18:39:57 | INFO     | backend.app.ml.models.base:load:49 - Loaded model resource_estimator
2026-07-26 18:39:57 | INFO     | backend.app.ml.models.base:load:49 - Loaded model dy_predictor
2026-07-26 18:39:57 | DEBUG    | backend.app.main:log_requests:58 - GET /api/v1/predictions/metrics -> 200 (0.092s)
2026-07-26 18:39:57 | INFO     | uvicorn.protocols.http.httptools_impl:send:496 - 127.0.0.1:65229 - "GET /api/v1/predictions/metrics HTTP/1.1" 200
2026-07-26 18:39:58 | DEBUG    | backend.app.main:log_requests:58 - GET /api/v1/environmental/benchmarks -> 200 (0.004s)
2026-07-26 18:39:58 | INFO     | uvicorn.protocols.http.httptools_impl:send:496 - 127.0.0.1:65229 - "GET /api/v1/environmental/benchmarks HTTP/1.1" 200
2026-07-26 18:40:06 | INFO     | backend.app.services.environmental_service:run_lca_assessment:15 - Running LCA for Local
2026-07-26 18:40:06 | INFO     | backend.app.lca.engine:full_assessment:204 - Running full LCA assessment
2026-07-26 18:40:06 | INFO     | backend.app.lca.engine:calculate:68 - Calculating carbon footprint
2026-07-26 18:40:06 | INFO     | backend.app.lca.engine:calculate:98 - Calculating water footprint
2026-07-26 18:40:06 | INFO     | backend.app.lca.engine:calculate:124 - Calculating energy consumption
2026-07-26 18:40:06 | INFO     | backend.app.lca.engine:calculate:150 - Calculating waste generation
2026-07-26 18:40:06 | DEBUG    | backend.app.main:log_requests:58 - POST /api/v1/environmental/assess -> 200 (0.007s)
2026-07-26 18:40:06 | INFO     | uvicorn.protocols.http.httptools_impl:send:496 - 127.0.0.1:57109 - "POST /api/v1/environmental/assess HTTP/1.1" 200
2026-07-26 18:40:07 | DEBUG    | backend.app.main:log_requests:58 - GET /api/v1/datasets/ -> 200 (0.069s)
2026-07-26 18:40:07 | INFO     | uvicorn.protocols.http.httptools_impl:send:496 - 127.0.0.1:57109 - "GET /api/v1/datasets/ HTTP/1.1" 200
2026-07-26 18:40:10 | DEBUG    | backend.app.main:log_requests:58 - GET /api/v1/datasets/facilities -> 404 (0.002s)
2026-07-26 18:40:10 | DEBUG    | backend.app.main:log_requests:58 - GET /api/v1/datasets/facilities/sample -> 404 (0.002s)
2026-07-26 18:40:10 | INFO     | uvicorn.protocols.http.httptools_impl:send:496 - 127.0.0.1:57109 - "GET /api/v1/datasets/facilities HTTP/1.1" 404
2026-07-26 18:40:10 | INFO     | uvicorn.protocols.http.httptools_impl:send:496 - 127.0.0.1:64839 - "GET /api/v1/datasets/facilities/sample?rows=5 HTTP/1.1" 404
2026-07-26 18:41:43 | INFO     | uvicorn.server:shutdown:264 - Shutting down
2026-07-26 18:41:43 | INFO     | uvicorn.lifespan.on:shutdown:65 - Waiting for application shutdown.
2026-07-26 18:41:43 | INFO     | backend.app.main:lifespan:34 - Shutting down LCA Platform application
2026-07-26 18:41:43 | INFO     | uvicorn.lifespan.on:shutdown:76 - Application shutdown complete.
2026-07-26 18:41:43 | INFO     | uvicorn.server:serve:86 - Finished server process [12600]
2026-07-26 18:41:46 | INFO     | uvicorn.server:serve:76 - Started server process [19644]
2026-07-26 18:41:46 | INFO     | uvicorn.lifespan.on:startup:46 - Waiting for application startup.
2026-07-26 18:41:46 | INFO     | backend.app.main:lifespan:24 - Starting LCA Platform application
2026-07-26 18:41:46 | INFO     | backend.app.main:lifespan:26 - Database initialized
2026-07-26 18:41:46 | INFO     | backend.app.pipeline.data_loader:load_mining_projects:25 - Loading mining projects from C:\Users\soumy\OneDrive\Desktop\Project\Global Rare Earth Elements Projects\mining_projects.csv
2026-07-26 18:41:46 | INFO     | backend.app.pipeline.data_loader:load_mining_projects:89 - Loaded mining projects: 146 rows, 51 columns
2026-07-26 18:41:46 | INFO     | backend.app.pipeline.data_loader:load_factory:95 - Loading factory data from C:\Users\soumy\OneDrive\Desktop\Project\Global Rare Earth Elements Projects\factory.csv
2026-07-26 18:41:46 | INFO     | backend.app.pipeline.data_loader:load_factory:134 - Loaded factory data: 67 rows
2026-07-26 18:41:46 | INFO     | backend.app.pipeline.data_loader:load_facilities_gpkg:182 - Loading facilities from C:\Users\soumy\OneDrive\Desktop\Project\Open Database on Global Coal and Metal Mining\data\facilities.gpkg
2026-07-26 18:41:46 | WARNING  | backend.app.pipeline.data_loader:load_facilities_gpkg:190 - Could not load geopackage: y attribute access only provided for Point geometries. Falling back to CSV approach.
2026-07-26 18:41:46 | INFO     | backend.app.pipeline.data_loader:load_open_db_table:196 - Loading commodities.csv
2026-07-26 18:41:46 | INFO     | backend.app.pipeline.data_loader:load_open_db_table:198 - Loaded commodities.csv: 9426 rows, 16 columns
2026-07-26 18:41:46 | INFO     | backend.app.pipeline.data_loader:load_open_db_table:196 - Loading minerals.csv
2026-07-26 18:41:46 | INFO     | backend.app.pipeline.data_loader:load_open_db_table:198 - Loaded minerals.csv: 12292 rows, 12 columns
2026-07-26 18:41:46 | INFO     | backend.app.pipeline.data_loader:load_open_db_table:196 - Loading coal.csv
2026-07-26 18:41:46 | INFO     | backend.app.pipeline.data_loader:load_open_db_table:198 - Loaded coal.csv: 10478 rows, 10 columns
2026-07-26 18:41:46 | INFO     | backend.app.pipeline.data_loader:load_open_db_table:196 - Loading processing.csv
2026-07-26 18:41:46 | INFO     | backend.app.pipeline.data_loader:load_open_db_table:198 - Loaded processing.csv: 3979 rows, 16 columns
2026-07-26 18:41:46 | INFO     | backend.app.pipeline.data_loader:load_open_db_table:196 - Loading waste.csv
2026-07-26 18:41:46 | INFO     | backend.app.pipeline.data_loader:load_open_db_table:198 - Loaded waste.csv: 1119 rows, 13 columns
2026-07-26 18:41:46 | INFO     | backend.app.pipeline.data_loader:load_open_db_table:196 - Loading transport.csv
2026-07-26 18:41:46 | INFO     | backend.app.pipeline.data_loader:load_open_db_table:198 - Loaded transport.csv: 941 rows, 12 columns
2026-07-26 18:41:46 | INFO     | backend.app.pipeline.data_loader:load_open_db_table:196 - Loading reserves.csv
2026-07-26 18:41:46 | INFO     | backend.app.pipeline.data_loader:load_open_db_table:198 - Loaded reserves.csv: 1039 rows, 10 columns
2026-07-26 18:41:46 | INFO     | backend.app.pipeline.data_loader:load_open_db_table:196 - Loading ownership.csv
2026-07-26 18:41:46 | INFO     | backend.app.pipeline.data_loader:load_open_db_table:198 - Loaded ownership.csv: 699 rows, 7 columns
2026-07-26 18:41:46 | INFO     | backend.app.pipeline.data_loader:load_open_db_table:196 - Loading capacity.csv
2026-07-26 18:41:46 | INFO     | backend.app.pipeline.data_loader:load_open_db_table:198 - Loaded capacity.csv: 163 rows, 8 columns
2026-07-26 18:41:46 | INFO     | backend.app.pipeline.data_loader:load_open_db_table:196 - Loading material_ids.csv
2026-07-26 18:41:46 | INFO     | backend.app.pipeline.data_loader:load_open_db_table:198 - Loaded material_ids.csv: 294 rows, 7 columns
2026-07-26 18:41:46 | INFO     | backend.app.pipeline.data_loader:load_open_db_table:196 - Loading source_ids.csv
2026-07-26 18:41:46 | INFO     | backend.app.pipeline.data_loader:load_open_db_table:198 - Loaded source_ids.csv: 2483 rows, 3 columns
2026-07-26 18:41:46 | INFO     | backend.app.pipeline.data_loader:load_world_commodities:248 - Loading world commodities from C:\Users\soumy\OneDrive\Desktop\Project\World Mining Commodities\world_mining_commodities_clean.csv
2026-07-26 18:41:46 | INFO     | backend.app.pipeline.data_loader:load_world_commodities:250 - Loaded world commodities: 1982 rows
2026-07-26 18:41:46 | INFO     | backend.app.pipeline.data_loader:load_world_companies:256 - Loading world companies from C:\Users\soumy\OneDrive\Desktop\Project\World Mining Commodities\116_world_mining_companies_clean.csv
2026-07-26 18:41:46 | INFO     | backend.app.pipeline.data_loader:load_world_companies:258 - Loaded world companies: 116 rows
2026-07-26 18:41:46 | INFO     | backend.app.pipeline.data_loader:load_commodity_info:264 - Loading commodity info from C:\Users\soumy\OneDrive\Desktop\Project\World Mining Commodities\commodity_info.xlsx
2026-07-26 18:41:46 | INFO     | backend.app.pipeline.data_loader:load_commodity_info:266 - Loaded commodity info: 65 rows
2026-07-26 18:41:46 | INFO     | backend.app.main:lifespan:30 - Datasets loaded successfully
2026-07-26 18:41:46 | INFO     | uvicorn.lifespan.on:startup:60 - Application startup complete.
2026-07-26 18:43:10 | INFO     | uvicorn.server:shutdown:264 - Shutting down
2026-07-26 18:43:10 | INFO     | uvicorn.lifespan.on:shutdown:65 - Waiting for application shutdown.
2026-07-26 18:43:10 | INFO     | backend.app.main:lifespan:34 - Shutting down LCA Platform application
2026-07-26 18:43:10 | INFO     | uvicorn.lifespan.on:shutdown:76 - Application shutdown complete.
2026-07-26 18:43:10 | INFO     | uvicorn.server:serve:86 - Finished server process [19644]
2026-07-26 18:43:12 | INFO     | uvicorn.server:serve:76 - Started server process [12156]
2026-07-26 18:43:12 | INFO     | uvicorn.lifespan.on:startup:46 - Waiting for application startup.
2026-07-26 18:43:12 | INFO     | backend.app.main:lifespan:24 - Starting LCA Platform application
2026-07-26 18:43:12 | INFO     | backend.app.main:lifespan:26 - Database initialized
2026-07-26 18:43:12 | INFO     | backend.app.pipeline.data_loader:load_mining_projects:25 - Loading mining projects from C:\Users\soumy\OneDrive\Desktop\Project\Global Rare Earth Elements Projects\mining_projects.csv
2026-07-26 18:43:12 | INFO     | backend.app.pipeline.data_loader:load_mining_projects:89 - Loaded mining projects: 146 rows, 51 columns
2026-07-26 18:43:12 | INFO     | backend.app.pipeline.data_loader:load_factory:95 - Loading factory data from C:\Users\soumy\OneDrive\Desktop\Project\Global Rare Earth Elements Projects\factory.csv
2026-07-26 18:43:12 | INFO     | backend.app.pipeline.data_loader:load_factory:134 - Loaded factory data: 67 rows
2026-07-26 18:43:12 | INFO     | backend.app.pipeline.data_loader:load_facilities_gpkg:182 - Loading facilities from C:\Users\soumy\OneDrive\Desktop\Project\Open Database on Global Coal and Metal Mining\data\facilities.gpkg
2026-07-26 18:43:12 | WARNING  | backend.app.pipeline.data_loader:load_facilities_gpkg:190 - Could not load geopackage: y attribute access only provided for Point geometries. Falling back to CSV approach.
2026-07-26 18:43:12 | INFO     | backend.app.pipeline.data_loader:load_open_db_table:196 - Loading commodities.csv
2026-07-26 18:43:12 | INFO     | backend.app.pipeline.data_loader:load_open_db_table:198 - Loaded commodities.csv: 9426 rows, 16 columns
2026-07-26 18:43:12 | INFO     | backend.app.pipeline.data_loader:load_open_db_table:196 - Loading minerals.csv
2026-07-26 18:43:12 | INFO     | backend.app.pipeline.data_loader:load_open_db_table:198 - Loaded minerals.csv: 12292 rows, 12 columns
2026-07-26 18:43:12 | INFO     | backend.app.pipeline.data_loader:load_open_db_table:196 - Loading coal.csv
2026-07-26 18:43:12 | INFO     | backend.app.pipeline.data_loader:load_open_db_table:198 - Loaded coal.csv: 10478 rows, 10 columns
2026-07-26 18:43:12 | INFO     | backend.app.pipeline.data_loader:load_open_db_table:196 - Loading processing.csv
2026-07-26 18:43:12 | INFO     | backend.app.pipeline.data_loader:load_open_db_table:198 - Loaded processing.csv: 3979 rows, 16 columns
2026-07-26 18:43:12 | INFO     | backend.app.pipeline.data_loader:load_open_db_table:196 - Loading waste.csv
2026-07-26 18:43:12 | INFO     | backend.app.pipeline.data_loader:load_open_db_table:198 - Loaded waste.csv: 1119 rows, 13 columns
2026-07-26 18:43:12 | INFO     | backend.app.pipeline.data_loader:load_open_db_table:196 - Loading transport.csv
2026-07-26 18:43:12 | INFO     | backend.app.pipeline.data_loader:load_open_db_table:198 - Loaded transport.csv: 941 rows, 12 columns
2026-07-26 18:43:12 | INFO     | backend.app.pipeline.data_loader:load_open_db_table:196 - Loading reserves.csv
2026-07-26 18:43:12 | INFO     | backend.app.pipeline.data_loader:load_open_db_table:198 - Loaded reserves.csv: 1039 rows, 10 columns
2026-07-26 18:43:12 | INFO     | backend.app.pipeline.data_loader:load_open_db_table:196 - Loading ownership.csv
2026-07-26 18:43:12 | INFO     | backend.app.pipeline.data_loader:load_open_db_table:198 - Loaded ownership.csv: 699 rows, 7 columns
2026-07-26 18:43:12 | INFO     | backend.app.pipeline.data_loader:load_open_db_table:196 - Loading capacity.csv
2026-07-26 18:43:12 | INFO     | backend.app.pipeline.data_loader:load_open_db_table:198 - Loaded capacity.csv: 163 rows, 8 columns
2026-07-26 18:43:12 | INFO     | backend.app.pipeline.data_loader:load_open_db_table:196 - Loading material_ids.csv
2026-07-26 18:43:12 | INFO     | backend.app.pipeline.data_loader:load_open_db_table:198 - Loaded material_ids.csv: 294 rows, 7 columns
2026-07-26 18:43:12 | INFO     | backend.app.pipeline.data_loader:load_open_db_table:196 - Loading source_ids.csv
2026-07-26 18:43:12 | INFO     | backend.app.pipeline.data_loader:load_open_db_table:198 - Loaded source_ids.csv: 2483 rows, 3 columns
2026-07-26 18:43:12 | INFO     | backend.app.pipeline.data_loader:load_world_commodities:248 - Loading world commodities from C:\Users\soumy\OneDrive\Desktop\Project\World Mining Commodities\world_mining_commodities_clean.csv
2026-07-26 18:43:12 | INFO     | backend.app.pipeline.data_loader:load_world_commodities:250 - Loaded world commodities: 1982 rows
2026-07-26 18:43:12 | INFO     | backend.app.pipeline.data_loader:load_world_companies:256 - Loading world companies from C:\Users\soumy\OneDrive\Desktop\Project\World Mining Commodities\116_world_mining_companies_clean.csv
2026-07-26 18:43:12 | INFO     | backend.app.pipeline.data_loader:load_world_companies:258 - Loaded world companies: 116 rows
2026-07-26 18:43:12 | INFO     | backend.app.pipeline.data_loader:load_commodity_info:264 - Loading commodity info from C:\Users\soumy\OneDrive\Desktop\Project\World Mining Commodities\commodity_info.xlsx
2026-07-26 18:43:12 | INFO     | backend.app.pipeline.data_loader:load_commodity_info:266 - Loaded commodity info: 65 rows
2026-07-26 18:43:12 | INFO     | backend.app.main:lifespan:30 - Datasets loaded successfully
2026-07-26 18:43:12 | ERROR    | uvicorn.lifespan.on:send:134 - Traceback (most recent call last):
  File "C:\Users\soumy\AppData\Local\Programs\Python\Python312\Lib\asyncio\runners.py", line 118, in run
    return self._loop.run_until_complete(task)
           ^^^^^^^^^^^^^^^^^^^^^^^^^^^^^^^^^^^
  File "C:\Users\soumy\AppData\Local\Programs\Python\Python312\Lib\asyncio\base_events.py", line 691, in run_until_complete
    return future.result()
           ^^^^^^^^^^^^^^^
  File "C:\Users\soumy\OneDrive\Desktop\Project\lca_platform\venv\Lib\site-packages\uvicorn\server.py", line 78, in serve
    await self.startup(sockets=sockets)
  File "C:\Users\soumy\OneDrive\Desktop\Project\lca_platform\venv\Lib\site-packages\uvicorn\server.py", line 89, in startup
    await self.lifespan.startup()
  File "C:\Users\soumy\OneDrive\Desktop\Project\lca_platform\venv\Lib\site-packages\uvicorn\lifespan\on.py", line 54, in startup
    await self.startup_event.wait()
  File "C:\Users\soumy\AppData\Local\Programs\Python\Python312\Lib\asyncio\locks.py", line 212, in wait
    await fut
asyncio.exceptions.CancelledError

During handling of the above exception, another exception occurred:

Traceback (most recent call last):
  File "C:\Users\soumy\AppData\Local\Programs\Python\Python312\Lib\asyncio\runners.py", line 195, in run
    return runner.run(main)
           ^^^^^^^^^^^^^^^^
  File "C:\Users\soumy\AppData\Local\Programs\Python\Python312\Lib\asyncio\runners.py", line 123, in run
    raise KeyboardInterrupt()
KeyboardInterrupt

During handling of the above exception, another exception occurred:

Traceback (most recent call last):
  File "C:\Users\soumy\OneDrive\Desktop\Project\lca_platform\venv\Lib\site-packages\starlette\routing.py", line 686, in lifespan
    await receive()
  File "C:\Users\soumy\OneDrive\Desktop\Project\lca_platform\venv\Lib\site-packages\uvicorn\lifespan\on.py", line 137, in receive
    return await self.receive_queue.get()
           ^^^^^^^^^^^^^^^^^^^^^^^^^^^^^^
  File "C:\Users\soumy\AppData\Local\Programs\Python\Python312\Lib\asyncio\queues.py", line 158, in get
    await getter
asyncio.exceptions.CancelledError

2026-07-26 18:43:14 | INFO     | uvicorn.server:serve:76 - Started server process [14160]
2026-07-26 18:43:14 | INFO     | uvicorn.lifespan.on:startup:46 - Waiting for application startup.
2026-07-26 18:43:14 | INFO     | backend.app.main:lifespan:24 - Starting LCA Platform application
2026-07-26 18:43:14 | INFO     | backend.app.main:lifespan:26 - Database initialized
2026-07-26 18:43:14 | INFO     | backend.app.pipeline.data_loader:load_mining_projects:25 - Loading mining projects from C:\Users\soumy\OneDrive\Desktop\Project\Global Rare Earth Elements Projects\mining_projects.csv
2026-07-26 18:43:14 | INFO     | backend.app.pipeline.data_loader:load_mining_projects:89 - Loaded mining projects: 146 rows, 51 columns
2026-07-26 18:43:14 | INFO     | backend.app.pipeline.data_loader:load_factory:95 - Loading factory data from C:\Users\soumy\OneDrive\Desktop\Project\Global Rare Earth Elements Projects\factory.csv
2026-07-26 18:43:15 | INFO     | backend.app.pipeline.data_loader:load_factory:134 - Loaded factory data: 67 rows
2026-07-26 18:43:15 | INFO     | backend.app.pipeline.data_loader:load_facilities_gpkg:182 - Loading facilities from C:\Users\soumy\OneDrive\Desktop\Project\Open Database on Global Coal and Metal Mining\data\facilities.gpkg
2026-07-26 18:43:15 | WARNING  | backend.app.pipeline.data_loader:load_facilities_gpkg:190 - Could not load geopackage: y attribute access only provided for Point geometries. Falling back to CSV approach.
2026-07-26 18:43:15 | INFO     | backend.app.pipeline.data_loader:load_open_db_table:196 - Loading commodities.csv
2026-07-26 18:43:15 | INFO     | backend.app.pipeline.data_loader:load_open_db_table:198 - Loaded commodities.csv: 9426 rows, 16 columns
2026-07-26 18:43:15 | INFO     | backend.app.pipeline.data_loader:load_open_db_table:196 - Loading minerals.csv
2026-07-26 18:43:15 | INFO     | backend.app.pipeline.data_loader:load_open_db_table:198 - Loaded minerals.csv: 12292 rows, 12 columns
2026-07-26 18:43:15 | INFO     | backend.app.pipeline.data_loader:load_open_db_table:196 - Loading coal.csv
2026-07-26 18:43:15 | INFO     | backend.app.pipeline.data_loader:load_open_db_table:198 - Loaded coal.csv: 10478 rows, 10 columns
2026-07-26 18:43:15 | INFO     | backend.app.pipeline.data_loader:load_open_db_table:196 - Loading processing.csv
2026-07-26 18:43:15 | INFO     | backend.app.pipeline.data_loader:load_open_db_table:198 - Loaded processing.csv: 3979 rows, 16 columns
2026-07-26 18:43:15 | INFO     | backend.app.pipeline.data_loader:load_open_db_table:196 - Loading waste.csv
2026-07-26 18:43:15 | INFO     | backend.app.pipeline.data_loader:load_open_db_table:198 - Loaded waste.csv: 1119 rows, 13 columns
2026-07-26 18:43:15 | INFO     | backend.app.pipeline.data_loader:load_open_db_table:196 - Loading transport.csv
2026-07-26 18:43:15 | INFO     | backend.app.pipeline.data_loader:load_open_db_table:198 - Loaded transport.csv: 941 rows, 12 columns
2026-07-26 18:43:15 | INFO     | backend.app.pipeline.data_loader:load_open_db_table:196 - Loading reserves.csv
2026-07-26 18:43:15 | INFO     | backend.app.pipeline.data_loader:load_open_db_table:198 - Loaded reserves.csv: 1039 rows, 10 columns
2026-07-26 18:43:15 | INFO     | backend.app.pipeline.data_loader:load_open_db_table:196 - Loading ownership.csv
2026-07-26 18:43:15 | INFO     | backend.app.pipeline.data_loader:load_open_db_table:198 - Loaded ownership.csv: 699 rows, 7 columns
2026-07-26 18:43:15 | INFO     | backend.app.pipeline.data_loader:load_open_db_table:196 - Loading capacity.csv
2026-07-26 18:43:15 | INFO     | backend.app.pipeline.data_loader:load_open_db_table:198 - Loaded capacity.csv: 163 rows, 8 columns
2026-07-26 18:43:15 | INFO     | backend.app.pipeline.data_loader:load_open_db_table:196 - Loading material_ids.csv
2026-07-26 18:43:15 | INFO     | backend.app.pipeline.data_loader:load_open_db_table:198 - Loaded material_ids.csv: 294 rows, 7 columns
2026-07-26 18:43:15 | INFO     | backend.app.pipeline.data_loader:load_open_db_table:196 - Loading source_ids.csv
2026-07-26 18:43:15 | INFO     | backend.app.pipeline.data_loader:load_open_db_table:198 - Loaded source_ids.csv: 2483 rows, 3 columns
2026-07-26 18:43:15 | INFO     | backend.app.pipeline.data_loader:load_world_commodities:248 - Loading world commodities from C:\Users\soumy\OneDrive\Desktop\Project\World Mining Commodities\world_mining_commodities_clean.csv
2026-07-26 18:43:15 | INFO     | backend.app.pipeline.data_loader:load_world_commodities:250 - Loaded world commodities: 1982 rows
2026-07-26 18:43:15 | INFO     | backend.app.pipeline.data_loader:load_world_companies:256 - Loading world companies from C:\Users\soumy\OneDrive\Desktop\Project\World Mining Commodities\116_world_mining_companies_clean.csv
2026-07-26 18:43:15 | INFO     | backend.app.pipeline.data_loader:load_world_companies:258 - Loaded world companies: 116 rows
2026-07-26 18:43:15 | INFO     | backend.app.pipeline.data_loader:load_commodity_info:264 - Loading commodity info from C:\Users\soumy\OneDrive\Desktop\Project\World Mining Commodities\commodity_info.xlsx
2026-07-26 18:43:15 | INFO     | backend.app.pipeline.data_loader:load_commodity_info:266 - Loaded commodity info: 65 rows
2026-07-26 18:43:15 | INFO     | backend.app.main:lifespan:30 - Datasets loaded successfully
2026-07-26 18:43:15 | INFO     | uvicorn.lifespan.on:startup:60 - Application startup complete.
2026-07-26 18:46:08 | INFO     | uvicorn.server:shutdown:264 - Shutting down
2026-07-26 18:46:08 | INFO     | uvicorn.lifespan.on:shutdown:65 - Waiting for application shutdown.
2026-07-26 18:46:08 | INFO     | backend.app.main:lifespan:34 - Shutting down LCA Platform application
2026-07-26 18:46:08 | INFO     | uvicorn.lifespan.on:shutdown:76 - Application shutdown complete.
2026-07-26 18:46:08 | INFO     | uvicorn.server:serve:86 - Finished server process [14160]
2026-07-26 18:46:10 | INFO     | uvicorn.server:serve:76 - Started server process [10292]
2026-07-26 18:46:10 | INFO     | uvicorn.lifespan.on:startup:46 - Waiting for application startup.
2026-07-26 18:46:10 | INFO     | backend.app.main:lifespan:24 - Starting LCA Platform application
2026-07-26 18:46:10 | INFO     | backend.app.main:lifespan:26 - Database initialized
2026-07-26 18:46:10 | INFO     | backend.app.pipeline.data_loader:load_mining_projects:25 - Loading mining projects from C:\Users\soumy\OneDrive\Desktop\Project\Global Rare Earth Elements Projects\mining_projects.csv
2026-07-26 18:46:10 | INFO     | backend.app.pipeline.data_loader:load_mining_projects:89 - Loaded mining projects: 146 rows, 51 columns
2026-07-26 18:46:10 | INFO     | backend.app.pipeline.data_loader:load_factory:95 - Loading factory data from C:\Users\soumy\OneDrive\Desktop\Project\Global Rare Earth Elements Projects\factory.csv
2026-07-26 18:46:10 | INFO     | backend.app.pipeline.data_loader:load_factory:134 - Loaded factory data: 67 rows
2026-07-26 18:46:10 | INFO     | backend.app.pipeline.data_loader:load_facilities_gpkg:182 - Loading facilities from C:\Users\soumy\OneDrive\Desktop\Project\Open Database on Global Coal and Metal Mining\data\facilities.gpkg
2026-07-26 18:46:10 | WARNING  | backend.app.pipeline.data_loader:load_facilities_gpkg:190 - Could not load geopackage: y attribute access only provided for Point geometries. Falling back to CSV approach.
2026-07-26 18:46:10 | INFO     | backend.app.pipeline.data_loader:load_open_db_table:196 - Loading commodities.csv
2026-07-26 18:46:10 | INFO     | backend.app.pipeline.data_loader:load_open_db_table:198 - Loaded commodities.csv: 9426 rows, 16 columns
2026-07-26 18:46:10 | INFO     | backend.app.pipeline.data_loader:load_open_db_table:196 - Loading minerals.csv
2026-07-26 18:46:10 | INFO     | backend.app.pipeline.data_loader:load_open_db_table:198 - Loaded minerals.csv: 12292 rows, 12 columns
2026-07-26 18:46:10 | INFO     | backend.app.pipeline.data_loader:load_open_db_table:196 - Loading coal.csv
2026-07-26 18:46:10 | INFO     | backend.app.pipeline.data_loader:load_open_db_table:198 - Loaded coal.csv: 10478 rows, 10 columns
2026-07-26 18:46:10 | INFO     | backend.app.pipeline.data_loader:load_open_db_table:196 - Loading processing.csv
2026-07-26 18:46:10 | INFO     | backend.app.pipeline.data_loader:load_open_db_table:198 - Loaded processing.csv: 3979 rows, 16 columns
2026-07-26 18:46:10 | INFO     | backend.app.pipeline.data_loader:load_open_db_table:196 - Loading waste.csv
2026-07-26 18:46:10 | INFO     | backend.app.pipeline.data_loader:load_open_db_table:198 - Loaded waste.csv: 1119 rows, 13 columns
2026-07-26 18:46:10 | INFO     | backend.app.pipeline.data_loader:load_open_db_table:196 - Loading transport.csv
2026-07-26 18:46:10 | INFO     | backend.app.pipeline.data_loader:load_open_db_table:198 - Loaded transport.csv: 941 rows, 12 columns
2026-07-26 18:46:10 | INFO     | backend.app.pipeline.data_loader:load_open_db_table:196 - Loading reserves.csv
2026-07-26 18:46:10 | INFO     | backend.app.pipeline.data_loader:load_open_db_table:198 - Loaded reserves.csv: 1039 rows, 10 columns
2026-07-26 18:46:10 | INFO     | backend.app.pipeline.data_loader:load_open_db_table:196 - Loading ownership.csv
2026-07-26 18:46:10 | INFO     | backend.app.pipeline.data_loader:load_open_db_table:198 - Loaded ownership.csv: 699 rows, 7 columns
2026-07-26 18:46:10 | INFO     | backend.app.pipeline.data_loader:load_open_db_table:196 - Loading capacity.csv
2026-07-26 18:46:10 | INFO     | backend.app.pipeline.data_loader:load_open_db_table:198 - Loaded capacity.csv: 163 rows, 8 columns
2026-07-26 18:46:10 | INFO     | backend.app.pipeline.data_loader:load_open_db_table:196 - Loading material_ids.csv
2026-07-26 18:46:10 | INFO     | backend.app.pipeline.data_loader:load_open_db_table:198 - Loaded material_ids.csv: 294 rows, 7 columns
2026-07-26 18:46:10 | INFO     | backend.app.pipeline.data_loader:load_open_db_table:196 - Loading source_ids.csv
2026-07-26 18:46:10 | INFO     | backend.app.pipeline.data_loader:load_open_db_table:198 - Loaded source_ids.csv: 2483 rows, 3 columns
2026-07-26 18:46:10 | INFO     | backend.app.pipeline.data_loader:load_world_commodities:248 - Loading world commodities from C:\Users\soumy\OneDrive\Desktop\Project\World Mining Commodities\world_mining_commodities_clean.csv
2026-07-26 18:46:10 | INFO     | backend.app.pipeline.data_loader:load_world_commodities:250 - Loaded world commodities: 1982 rows
2026-07-26 18:46:10 | INFO     | backend.app.pipeline.data_loader:load_world_companies:256 - Loading world companies from C:\Users\soumy\OneDrive\Desktop\Project\World Mining Commodities\116_world_mining_companies_clean.csv
2026-07-26 18:46:10 | INFO     | backend.app.pipeline.data_loader:load_world_companies:258 - Loaded world companies: 116 rows
2026-07-26 18:46:10 | INFO     | backend.app.pipeline.data_loader:load_commodity_info:264 - Loading commodity info from C:\Users\soumy\OneDrive\Desktop\Project\World Mining Commodities\commodity_info.xlsx
2026-07-26 18:46:10 | INFO     | backend.app.pipeline.data_loader:load_commodity_info:266 - Loaded commodity info: 65 rows
2026-07-26 18:46:10 | INFO     | backend.app.main:lifespan:30 - Datasets loaded successfully
2026-07-26 18:46:10 | ERROR    | uvicorn.lifespan.on:send:134 - Traceback (most recent call last):
  File "C:\Users\soumy\AppData\Local\Programs\Python\Python312\Lib\asyncio\runners.py", line 118, in run
    return self._loop.run_until_complete(task)
           ^^^^^^^^^^^^^^^^^^^^^^^^^^^^^^^^^^^
  File "C:\Users\soumy\AppData\Local\Programs\Python\Python312\Lib\asyncio\base_events.py", line 691, in run_until_complete
    return future.result()
           ^^^^^^^^^^^^^^^
  File "C:\Users\soumy\OneDrive\Desktop\Project\lca_platform\venv\Lib\site-packages\uvicorn\server.py", line 78, in serve
    await self.startup(sockets=sockets)
  File "C:\Users\soumy\OneDrive\Desktop\Project\lca_platform\venv\Lib\site-packages\uvicorn\server.py", line 89, in startup
    await self.lifespan.startup()
  File "C:\Users\soumy\OneDrive\Desktop\Project\lca_platform\venv\Lib\site-packages\uvicorn\lifespan\on.py", line 54, in startup
    await self.startup_event.wait()
  File "C:\Users\soumy\AppData\Local\Programs\Python\Python312\Lib\asyncio\locks.py", line 212, in wait
    await fut
asyncio.exceptions.CancelledError

During handling of the above exception, another exception occurred:

Traceback (most recent call last):
  File "C:\Users\soumy\AppData\Local\Programs\Python\Python312\Lib\asyncio\runners.py", line 195, in run
    return runner.run(main)
           ^^^^^^^^^^^^^^^^
  File "C:\Users\soumy\AppData\Local\Programs\Python\Python312\Lib\asyncio\runners.py", line 123, in run
    raise KeyboardInterrupt()
KeyboardInterrupt

During handling of the above exception, another exception occurred:

Traceback (most recent call last):
  File "C:\Users\soumy\OneDrive\Desktop\Project\lca_platform\venv\Lib\site-packages\starlette\routing.py", line 686, in lifespan
    await receive()
  File "C:\Users\soumy\OneDrive\Desktop\Project\lca_platform\venv\Lib\site-packages\uvicorn\lifespan\on.py", line 137, in receive
    return await self.receive_queue.get()
           ^^^^^^^^^^^^^^^^^^^^^^^^^^^^^^
  File "C:\Users\soumy\AppData\Local\Programs\Python\Python312\Lib\asyncio\queues.py", line 158, in get
    await getter
asyncio.exceptions.CancelledError

2026-07-26 18:46:13 | INFO     | uvicorn.server:serve:76 - Started server process [18940]
2026-07-26 18:46:13 | INFO     | uvicorn.lifespan.on:startup:46 - Waiting for application startup.
2026-07-26 18:46:13 | INFO     | backend.app.main:lifespan:24 - Starting LCA Platform application
2026-07-26 18:46:13 | INFO     | backend.app.main:lifespan:26 - Database initialized
2026-07-26 18:46:13 | INFO     | backend.app.pipeline.data_loader:load_mining_projects:25 - Loading mining projects from C:\Users\soumy\OneDrive\Desktop\Project\Global Rare Earth Elements Projects\mining_projects.csv
2026-07-26 18:46:13 | INFO     | backend.app.pipeline.data_loader:load_mining_projects:89 - Loaded mining projects: 146 rows, 51 columns
2026-07-26 18:46:13 | INFO     | backend.app.pipeline.data_loader:load_factory:95 - Loading factory data from C:\Users\soumy\OneDrive\Desktop\Project\Global Rare Earth Elements Projects\factory.csv
2026-07-26 18:46:13 | INFO     | backend.app.pipeline.data_loader:load_factory:134 - Loaded factory data: 67 rows
2026-07-26 18:46:13 | INFO     | backend.app.pipeline.data_loader:load_facilities_gpkg:182 - Loading facilities from C:\Users\soumy\OneDrive\Desktop\Project\Open Database on Global Coal and Metal Mining\data\facilities.gpkg
2026-07-26 18:46:13 | WARNING  | backend.app.pipeline.data_loader:load_facilities_gpkg:190 - Could not load geopackage: y attribute access only provided for Point geometries. Falling back to CSV approach.
2026-07-26 18:46:13 | INFO     | backend.app.pipeline.data_loader:load_open_db_table:196 - Loading commodities.csv
2026-07-26 18:46:13 | INFO     | backend.app.pipeline.data_loader:load_open_db_table:198 - Loaded commodities.csv: 9426 rows, 16 columns
2026-07-26 18:46:13 | INFO     | backend.app.pipeline.data_loader:load_open_db_table:196 - Loading minerals.csv
2026-07-26 18:46:13 | INFO     | backend.app.pipeline.data_loader:load_open_db_table:198 - Loaded minerals.csv: 12292 rows, 12 columns
2026-07-26 18:46:13 | INFO     | backend.app.pipeline.data_loader:load_open_db_table:196 - Loading coal.csv
2026-07-26 18:46:13 | INFO     | backend.app.pipeline.data_loader:load_open_db_table:198 - Loaded coal.csv: 10478 rows, 10 columns
2026-07-26 18:46:13 | INFO     | backend.app.pipeline.data_loader:load_open_db_table:196 - Loading processing.csv
2026-07-26 18:46:13 | INFO     | backend.app.pipeline.data_loader:load_open_db_table:198 - Loaded processing.csv: 3979 rows, 16 columns
2026-07-26 18:46:13 | INFO     | backend.app.pipeline.data_loader:load_open_db_table:196 - Loading waste.csv
2026-07-26 18:46:13 | INFO     | backend.app.pipeline.data_loader:load_open_db_table:198 - Loaded waste.csv: 1119 rows, 13 columns
2026-07-26 18:46:13 | INFO     | backend.app.pipeline.data_loader:load_open_db_table:196 - Loading transport.csv
2026-07-26 18:46:13 | INFO     | backend.app.pipeline.data_loader:load_open_db_table:198 - Loaded transport.csv: 941 rows, 12 columns
2026-07-26 18:46:13 | INFO     | backend.app.pipeline.data_loader:load_open_db_table:196 - Loading reserves.csv
2026-07-26 18:46:13 | INFO     | backend.app.pipeline.data_loader:load_open_db_table:198 - Loaded reserves.csv: 1039 rows, 10 columns
2026-07-26 18:46:13 | INFO     | backend.app.pipeline.data_loader:load_open_db_table:196 - Loading ownership.csv
2026-07-26 18:46:13 | INFO     | backend.app.pipeline.data_loader:load_open_db_table:198 - Loaded ownership.csv: 699 rows, 7 columns
2026-07-26 18:46:13 | INFO     | backend.app.pipeline.data_loader:load_open_db_table:196 - Loading capacity.csv
2026-07-26 18:46:13 | INFO     | backend.app.pipeline.data_loader:load_open_db_table:198 - Loaded capacity.csv: 163 rows, 8 columns
2026-07-26 18:46:13 | INFO     | backend.app.pipeline.data_loader:load_open_db_table:196 - Loading material_ids.csv
2026-07-26 18:46:13 | INFO     | backend.app.pipeline.data_loader:load_open_db_table:198 - Loaded material_ids.csv: 294 rows, 7 columns
2026-07-26 18:46:13 | INFO     | backend.app.pipeline.data_loader:load_open_db_table:196 - Loading source_ids.csv
2026-07-26 18:46:13 | INFO     | backend.app.pipeline.data_loader:load_open_db_table:198 - Loaded source_ids.csv: 2483 rows, 3 columns
2026-07-26 18:46:13 | INFO     | backend.app.pipeline.data_loader:load_world_commodities:248 - Loading world commodities from C:\Users\soumy\OneDrive\Desktop\Project\World Mining Commodities\world_mining_commodities_clean.csv
2026-07-26 18:46:13 | INFO     | backend.app.pipeline.data_loader:load_world_commodities:250 - Loaded world commodities: 1982 rows
2026-07-26 18:46:13 | INFO     | backend.app.pipeline.data_loader:load_world_companies:256 - Loading world companies from C:\Users\soumy\OneDrive\Desktop\Project\World Mining Commodities\116_world_mining_companies_clean.csv
2026-07-26 18:46:13 | INFO     | backend.app.pipeline.data_loader:load_world_companies:258 - Loaded world companies: 116 rows
2026-07-26 18:46:13 | INFO     | backend.app.pipeline.data_loader:load_commodity_info:264 - Loading commodity info from C:\Users\soumy\OneDrive\Desktop\Project\World Mining Commodities\commodity_info.xlsx
2026-07-26 18:46:13 | INFO     | backend.app.pipeline.data_loader:load_commodity_info:266 - Loaded commodity info: 65 rows
2026-07-26 18:46:13 | INFO     | backend.app.main:lifespan:30 - Datasets loaded successfully
2026-07-26 18:46:13 | INFO     | uvicorn.lifespan.on:startup:60 - Application startup complete.
2026-07-26 18:46:21 | DEBUG    | backend.app.main:log_requests:58 - GET /api/v1/predictions/history -> 200 (0.006s)
2026-07-26 18:46:21 | INFO     | uvicorn.protocols.http.httptools_impl:send:496 - 127.0.0.1:55073 - "GET /api/v1/predictions/history?limit=10 HTTP/1.1" 200
2026-07-26 18:46:21 | INFO     | backend.app.ml.models.base:load:49 - Loaded model hree_predictor
2026-07-26 18:46:21 | INFO     | backend.app.ml.models.base:load:49 - Loaded model deposit_classifier
2026-07-26 18:46:21 | INFO     | backend.app.ml.models.base:load:49 - Loaded model resource_estimator
2026-07-26 18:46:21 | INFO     | backend.app.ml.models.base:load:49 - Loaded model dy_predictor
2026-07-26 18:46:21 | DEBUG    | backend.app.main:log_requests:58 - GET /api/v1/predictions/metrics -> 200 (0.131s)
2026-07-26 18:46:21 | INFO     | uvicorn.protocols.http.httptools_impl:send:496 - 127.0.0.1:52905 - "GET /api/v1/predictions/metrics HTTP/1.1" 200
2026-07-26 18:46:50 | DEBUG    | backend.app.main:log_requests:58 - GET /api/v1/environmental/benchmarks -> 200 (0.002s)
2026-07-26 18:46:50 | INFO     | uvicorn.protocols.http.httptools_impl:send:496 - 127.0.0.1:49672 - "GET /api/v1/environmental/benchmarks HTTP/1.1" 200
2026-07-26 18:47:24 | INFO     | uvicorn.server:shutdown:264 - Shutting down
2026-07-26 18:47:24 | INFO     | uvicorn.lifespan.on:shutdown:65 - Waiting for application shutdown.
2026-07-26 18:47:24 | INFO     | backend.app.main:lifespan:34 - Shutting down LCA Platform application
2026-07-26 18:47:24 | INFO     | uvicorn.lifespan.on:shutdown:76 - Application shutdown complete.
2026-07-26 18:47:24 | INFO     | uvicorn.server:serve:86 - Finished server process [18940]
2026-07-26 18:51:10 | INFO     | __main__:setup_all:38 - Running full project setup...
2026-07-26 18:51:10 | INFO     | backend.app.pipeline.data_loader:load_mining_projects:25 - Loading mining projects from C:\Users\soumy\OneDrive\Desktop\Project\Global Rare Earth Elements Projects\mining_projects.csv
2026-07-26 18:51:10 | INFO     | backend.app.pipeline.data_loader:load_mining_projects:89 - Loaded mining projects: 146 rows, 51 columns
2026-07-26 18:51:10 | INFO     | backend.app.pipeline.data_loader:load_factory:95 - Loading factory data from C:\Users\soumy\OneDrive\Desktop\Project\Global Rare Earth Elements Projects\factory.csv
2026-07-26 18:51:10 | INFO     | backend.app.pipeline.data_loader:load_factory:134 - Loaded factory data: 67 rows
2026-07-26 18:51:10 | INFO     | backend.app.pipeline.data_loader:load_facilities_gpkg:182 - Loading facilities from C:\Users\soumy\OneDrive\Desktop\Project\Open Database on Global Coal and Metal Mining\data\facilities.gpkg
2026-07-26 18:51:10 | WARNING  | backend.app.pipeline.data_loader:load_facilities_gpkg:190 - Could not load geopackage: y attribute access only provided for Point geometries. Falling back to CSV approach.
2026-07-26 18:51:10 | INFO     | backend.app.pipeline.data_loader:load_open_db_table:196 - Loading commodities.csv
2026-07-26 18:51:10 | INFO     | backend.app.pipeline.data_loader:load_open_db_table:198 - Loaded commodities.csv: 9426 rows, 16 columns
2026-07-26 18:51:10 | INFO     | backend.app.pipeline.data_loader:load_open_db_table:196 - Loading minerals.csv
2026-07-26 18:51:10 | INFO     | backend.app.pipeline.data_loader:load_open_db_table:198 - Loaded minerals.csv: 12292 rows, 12 columns
2026-07-26 18:51:10 | INFO     | backend.app.pipeline.data_loader:load_open_db_table:196 - Loading coal.csv
2026-07-26 18:51:10 | INFO     | backend.app.pipeline.data_loader:load_open_db_table:198 - Loaded coal.csv: 10478 rows, 10 columns
2026-07-26 18:51:10 | INFO     | backend.app.pipeline.data_loader:load_open_db_table:196 - Loading processing.csv
2026-07-26 18:51:10 | INFO     | backend.app.pipeline.data_loader:load_open_db_table:198 - Loaded processing.csv: 3979 rows, 16 columns
2026-07-26 18:51:10 | INFO     | backend.app.pipeline.data_loader:load_open_db_table:196 - Loading waste.csv
2026-07-26 18:51:10 | INFO     | backend.app.pipeline.data_loader:load_open_db_table:198 - Loaded waste.csv: 1119 rows, 13 columns
2026-07-26 18:51:10 | INFO     | backend.app.pipeline.data_loader:load_open_db_table:196 - Loading transport.csv
2026-07-26 18:51:10 | INFO     | backend.app.pipeline.data_loader:load_open_db_table:198 - Loaded transport.csv: 941 rows, 12 columns
2026-07-26 18:51:10 | INFO     | backend.app.pipeline.data_loader:load_open_db_table:196 - Loading reserves.csv
2026-07-26 18:51:10 | INFO     | backend.app.pipeline.data_loader:load_open_db_table:198 - Loaded reserves.csv: 1039 rows, 10 columns
2026-07-26 18:51:10 | INFO     | backend.app.pipeline.data_loader:load_open_db_table:196 - Loading ownership.csv
2026-07-26 18:51:10 | INFO     | backend.app.pipeline.data_loader:load_open_db_table:198 - Loaded ownership.csv: 699 rows, 7 columns
2026-07-26 18:51:10 | INFO     | backend.app.pipeline.data_loader:load_open_db_table:196 - Loading capacity.csv
2026-07-26 18:51:10 | INFO     | backend.app.pipeline.data_loader:load_open_db_table:198 - Loaded capacity.csv: 163 rows, 8 columns
2026-07-26 18:51:10 | INFO     | backend.app.pipeline.data_loader:load_open_db_table:196 - Loading material_ids.csv
2026-07-26 18:51:10 | INFO     | backend.app.pipeline.data_loader:load_open_db_table:198 - Loaded material_ids.csv: 294 rows, 7 columns
2026-07-26 18:51:10 | INFO     | backend.app.pipeline.data_loader:load_open_db_table:196 - Loading source_ids.csv
2026-07-26 18:51:10 | INFO     | backend.app.pipeline.data_loader:load_open_db_table:198 - Loaded source_ids.csv: 2483 rows, 3 columns
2026-07-26 18:51:10 | INFO     | backend.app.pipeline.data_loader:load_world_commodities:248 - Loading world commodities from C:\Users\soumy\OneDrive\Desktop\Project\World Mining Commodities\world_mining_commodities_clean.csv
2026-07-26 18:51:10 | INFO     | backend.app.pipeline.data_loader:load_world_commodities:250 - Loaded world commodities: 1982 rows
2026-07-26 18:51:10 | INFO     | backend.app.pipeline.data_loader:load_world_companies:256 - Loading world companies from C:\Users\soumy\OneDrive\Desktop\Project\World Mining Commodities\116_world_mining_companies_clean.csv
2026-07-26 18:51:10 | INFO     | backend.app.pipeline.data_loader:load_world_companies:258 - Loaded world companies: 116 rows
2026-07-26 18:51:10 | INFO     | backend.app.pipeline.data_loader:load_commodity_info:264 - Loading commodity info from C:\Users\soumy\OneDrive\Desktop\Project\World Mining Commodities\commodity_info.xlsx
2026-07-26 18:51:10 | INFO     | backend.app.pipeline.data_loader:load_commodity_info:266 - Loaded commodity info: 65 rows
2026-07-26 18:51:10 | INFO     | __main__:setup_database:13 - Initializing database...
2026-07-26 18:51:10 | INFO     | __main__:setup_database:20 - Database setup complete
2026-07-26 18:51:10 | INFO     | __main__:setup_models:24 - Training ML models...
2026-07-26 18:51:10 | INFO     | backend.app.services.prediction_service:train_all_models:27 - Training all models
2026-07-26 18:51:10 | INFO     | backend.app.pipeline.preprocessor:fit_transform:25 - Preprocessing mining projects data
2026-07-26 18:51:10 | INFO     | backend.app.pipeline.preprocessor:fit_transform:31 - Filtered to 65 projects with >=10 REE oxide values
2026-07-26 18:51:10 | INFO     | backend.app.pipeline.preprocessor:fit_transform:86 - Preprocessing complete: X shape=(65, 19), features=['log_resource', 'grade_pct', 'continent_encoded', 'deposit_type_encoded', 'La2O3_norm', 'Ce2O3_norm', 'Pr6O11_norm', 'Nd2O3_norm', 'Sm2O3_norm', 'Eu2O3_norm', 'Gd2O3_norm', 'Tb4O7_norm', 'Dy2O3_norm', 'Ho2O3_norm', 'Er2O3_norm', 'Tm2O3_norm', 'Yb2O3_norm', 'Lu2O3_norm', 'Y2O3_norm']
2026-07-26 18:51:10 | INFO     | backend.app.ml.models.base:train:69 - Training HREE Predictor
2026-07-26 18:51:12 | INFO     | backend.app.ml.models.base:save:36 - Saved model hree_predictor to backend\models\hree_predictor
2026-07-26 18:51:12 | INFO     | backend.app.ml.models.base:train:99 - HREE Predictor trained: R2=0.9460, RMSE=7.5012
2026-07-26 18:51:12 | INFO     | backend.app.ml.models.base:train:122 - Training Deposit Classifier
2026-07-26 18:51:12 | INFO     | backend.app.ml.models.base:save:36 - Saved model deposit_classifier to backend\models\deposit_classifier
2026-07-26 18:51:12 | INFO     | backend.app.ml.models.base:train:161 - Deposit Classifier trained: Accuracy=0.7692
2026-07-26 18:51:12 | INFO     | backend.app.ml.models.base:train:185 - Training Resource Estimator
2026-07-26 18:51:13 | INFO     | backend.app.ml.models.base:save:36 - Saved model resource_estimator to backend\models\resource_estimator
2026-07-26 18:51:13 | INFO     | backend.app.ml.models.base:train:214 - Resource Estimator trained: R2=0.9909
2026-07-26 18:51:13 | INFO     | backend.app.ml.models.base:train:238 - Training Dy2O3 Predictor
2026-07-26 18:51:14 | INFO     | backend.app.ml.models.base:save:36 - Saved model dy_predictor to backend\models\dy_predictor
2026-07-26 18:51:14 | INFO     | backend.app.ml.models.base:train:268 - Dy2O3 Predictor trained: R2=0.8486
2026-07-26 18:51:15 | INFO     | backend.app.ml.models.base:load:49 - Loaded model hree_predictor
2026-07-26 18:51:15 | INFO     | backend.app.ml.models.base:load:49 - Loaded model deposit_classifier
2026-07-26 18:51:15 | INFO     | backend.app.ml.models.base:load:49 - Loaded model resource_estimator
2026-07-26 18:51:15 | INFO     | backend.app.ml.models.base:load:49 - Loaded model dy_predictor
2026-07-26 18:51:15 | INFO     | backend.app.services.prediction_service:train_all_models:78 - All models trained: ['hree_predictor', 'deposit_classifier', 'resource_estimator', 'dy_predictor']
2026-07-26 18:51:15 | INFO     | __main__:setup_models:31 -   hree_predictor: 0.9460
2026-07-26 18:51:15 | INFO     | __main__:setup_models:31 -   deposit_classifier: 0.7692
2026-07-26 18:51:15 | INFO     | __main__:setup_models:31 -   resource_estimator: 0.9909
2026-07-26 18:51:15 | INFO     | __main__:setup_models:31 -   dy_predictor: 0.8486
2026-07-26 18:51:15 | INFO     | __main__:setup_models:34 - Model training complete
2026-07-26 18:51:15 | INFO     | __main__:setup_all:42 - Setup complete. Run 'python run.py' to start the application.
2026-07-26 18:51:28 | INFO     | uvicorn.server:serve:76 - Started server process [21168]
2026-07-26 18:51:28 | INFO     | uvicorn.lifespan.on:startup:46 - Waiting for application startup.
2026-07-26 18:51:28 | INFO     | backend.app.main:lifespan:24 - Starting LCA Platform application
2026-07-26 18:51:28 | INFO     | backend.app.main:lifespan:26 - Database initialized
2026-07-26 18:51:28 | INFO     | backend.app.pipeline.data_loader:load_mining_projects:25 - Loading mining projects from C:\Users\soumy\OneDrive\Desktop\Project\Global Rare Earth Elements Projects\mining_projects.csv
2026-07-26 18:51:28 | INFO     | backend.app.pipeline.data_loader:load_mining_projects:89 - Loaded mining projects: 146 rows, 51 columns
2026-07-26 18:51:28 | INFO     | backend.app.pipeline.data_loader:load_factory:95 - Loading factory data from C:\Users\soumy\OneDrive\Desktop\Project\Global Rare Earth Elements Projects\factory.csv
2026-07-26 18:51:28 | INFO     | backend.app.pipeline.data_loader:load_factory:134 - Loaded factory data: 67 rows
2026-07-26 18:51:28 | INFO     | backend.app.pipeline.data_loader:load_facilities_gpkg:182 - Loading facilities from C:\Users\soumy\OneDrive\Desktop\Project\Open Database on Global Coal and Metal Mining\data\facilities.gpkg
2026-07-26 18:51:28 | WARNING  | backend.app.pipeline.data_loader:load_facilities_gpkg:190 - Could not load geopackage: y attribute access only provided for Point geometries. Falling back to CSV approach.
2026-07-26 18:51:28 | INFO     | backend.app.pipeline.data_loader:load_open_db_table:196 - Loading commodities.csv
2026-07-26 18:51:28 | INFO     | backend.app.pipeline.data_loader:load_open_db_table:198 - Loaded commodities.csv: 9426 rows, 16 columns
2026-07-26 18:51:28 | INFO     | backend.app.pipeline.data_loader:load_open_db_table:196 - Loading minerals.csv
2026-07-26 18:51:28 | INFO     | backend.app.pipeline.data_loader:load_open_db_table:198 - Loaded minerals.csv: 12292 rows, 12 columns
2026-07-26 18:51:28 | INFO     | backend.app.pipeline.data_loader:load_open_db_table:196 - Loading coal.csv
2026-07-26 18:51:28 | INFO     | backend.app.pipeline.data_loader:load_open_db_table:198 - Loaded coal.csv: 10478 rows, 10 columns
2026-07-26 18:51:28 | INFO     | backend.app.pipeline.data_loader:load_open_db_table:196 - Loading processing.csv
2026-07-26 18:51:28 | INFO     | backend.app.pipeline.data_loader:load_open_db_table:198 - Loaded processing.csv: 3979 rows, 16 columns
2026-07-26 18:51:28 | INFO     | backend.app.pipeline.data_loader:load_open_db_table:196 - Loading waste.csv
2026-07-26 18:51:28 | INFO     | backend.app.pipeline.data_loader:load_open_db_table:198 - Loaded waste.csv: 1119 rows, 13 columns
2026-07-26 18:51:28 | INFO     | backend.app.pipeline.data_loader:load_open_db_table:196 - Loading transport.csv
2026-07-26 18:51:28 | INFO     | backend.app.pipeline.data_loader:load_open_db_table:198 - Loaded transport.csv: 941 rows, 12 columns
2026-07-26 18:51:28 | INFO     | backend.app.pipeline.data_loader:load_open_db_table:196 - Loading reserves.csv
2026-07-26 18:51:28 | INFO     | backend.app.pipeline.data_loader:load_open_db_table:198 - Loaded reserves.csv: 1039 rows, 10 columns
2026-07-26 18:51:28 | INFO     | backend.app.pipeline.data_loader:load_open_db_table:196 - Loading ownership.csv
2026-07-26 18:51:28 | INFO     | backend.app.pipeline.data_loader:load_open_db_table:198 - Loaded ownership.csv: 699 rows, 7 columns
2026-07-26 18:51:28 | INFO     | backend.app.pipeline.data_loader:load_open_db_table:196 - Loading capacity.csv
2026-07-26 18:51:28 | INFO     | backend.app.pipeline.data_loader:load_open_db_table:198 - Loaded capacity.csv: 163 rows, 8 columns
2026-07-26 18:51:28 | INFO     | backend.app.pipeline.data_loader:load_open_db_table:196 - Loading material_ids.csv
2026-07-26 18:51:28 | INFO     | backend.app.pipeline.data_loader:load_open_db_table:198 - Loaded material_ids.csv: 294 rows, 7 columns
2026-07-26 18:51:28 | INFO     | backend.app.pipeline.data_loader:load_open_db_table:196 - Loading source_ids.csv
2026-07-26 18:51:28 | INFO     | backend.app.pipeline.data_loader:load_open_db_table:198 - Loaded source_ids.csv: 2483 rows, 3 columns
2026-07-26 18:51:28 | INFO     | backend.app.pipeline.data_loader:load_world_commodities:248 - Loading world commodities from C:\Users\soumy\OneDrive\Desktop\Project\World Mining Commodities\world_mining_commodities_clean.csv
2026-07-26 18:51:28 | INFO     | backend.app.pipeline.data_loader:load_world_commodities:250 - Loaded world commodities: 1982 rows
2026-07-26 18:51:28 | INFO     | backend.app.pipeline.data_loader:load_world_companies:256 - Loading world companies from C:\Users\soumy\OneDrive\Desktop\Project\World Mining Commodities\116_world_mining_companies_clean.csv
2026-07-26 18:51:28 | INFO     | backend.app.pipeline.data_loader:load_world_companies:258 - Loaded world companies: 116 rows
2026-07-26 18:51:28 | INFO     | backend.app.pipeline.data_loader:load_commodity_info:264 - Loading commodity info from C:\Users\soumy\OneDrive\Desktop\Project\World Mining Commodities\commodity_info.xlsx
2026-07-26 18:51:28 | INFO     | backend.app.pipeline.data_loader:load_commodity_info:266 - Loaded commodity info: 65 rows
2026-07-26 18:51:28 | INFO     | backend.app.main:lifespan:30 - Datasets loaded successfully
2026-07-26 18:51:28 | INFO     | uvicorn.lifespan.on:startup:60 - Application startup complete.
2026-07-26 18:51:52 | DEBUG    | backend.app.main:log_requests:58 - GET / -> 200 (0.002s)
2026-07-26 18:51:52 | INFO     | uvicorn.protocols.http.httptools_impl:send:496 - 127.0.0.1:62735 - "GET / HTTP/1.1" 200
2026-07-26 18:51:52 | DEBUG    | backend.app.main:log_requests:58 - GET /static/css/style.css -> 304 (0.004s)
2026-07-26 18:51:52 | INFO     | uvicorn.protocols.http.httptools_impl:send:496 - 127.0.0.1:62735 - "GET /css/style.css HTTP/1.1" 304
2026-07-26 18:51:52 | DEBUG    | backend.app.main:log_requests:58 - GET /static/js/api.js -> 304 (0.006s)
2026-07-26 18:51:52 | INFO     | uvicorn.protocols.http.httptools_impl:send:496 - 127.0.0.1:53626 - "GET /js/api.js HTTP/1.1" 304
2026-07-26 18:51:52 | DEBUG    | backend.app.main:log_requests:58 - GET /static/js/charts.js -> 304 (0.004s)
2026-07-26 18:51:52 | DEBUG    | backend.app.main:log_requests:58 - GET /static/js/app.js -> 200 (0.002s)
2026-07-26 18:51:52 | INFO     | uvicorn.protocols.http.httptools_impl:send:496 - 127.0.0.1:62735 - "GET /js/charts.js HTTP/1.1" 304
2026-07-26 18:51:52 | INFO     | uvicorn.protocols.http.httptools_impl:send:496 - 127.0.0.1:53626 - "GET /js/app.js HTTP/1.1" 200
2026-07-26 18:51:52 | DEBUG    | backend.app.main:log_requests:58 - GET /api/v1/health -> 404 (0.000s)
2026-07-26 18:51:52 | INFO     | uvicorn.protocols.http.httptools_impl:send:496 - 127.0.0.1:62735 - "GET /api/v1/health HTTP/1.1" 404
2026-07-26 18:51:52 | INFO     | backend.app.services.dashboard_service:get_dashboard_data:13 - Building dashboard data
2026-07-26 18:51:53 | INFO     | backend.app.ml.models.base:load:49 - Loaded model hree_predictor
2026-07-26 18:51:53 | INFO     | backend.app.ml.models.base:load:49 - Loaded model deposit_classifier
2026-07-26 18:51:53 | INFO     | backend.app.ml.models.base:load:49 - Loaded model resource_estimator
2026-07-26 18:51:53 | INFO     | backend.app.ml.models.base:load:49 - Loaded model dy_predictor
2026-07-26 18:51:53 | DEBUG    | backend.app.main:log_requests:58 - GET /api/v1/dashboard/ -> 200 (0.243s)
2026-07-26 18:51:53 | INFO     | uvicorn.protocols.http.httptools_impl:send:496 - 127.0.0.1:53626 - "GET /api/v1/dashboard/ HTTP/1.1" 200
2026-07-26 18:51:58 | DEBUG    | backend.app.main:log_requests:58 - GET /api/v1/datasets/ -> 200 (0.073s)
2026-07-26 18:51:58 | INFO     | uvicorn.protocols.http.httptools_impl:send:496 - 127.0.0.1:53626 - "GET /api/v1/datasets/ HTTP/1.1" 200
2026-07-26 18:52:04 | DEBUG    | backend.app.main:log_requests:58 - GET /api/v1/predictions/history -> 200 (0.006s)
2026-07-26 18:52:04 | INFO     | uvicorn.protocols.http.httptools_impl:send:496 - 127.0.0.1:65427 - "GET /api/v1/predictions/history?limit=10 HTTP/1.1" 200
2026-07-26 18:52:04 | INFO     | backend.app.ml.models.base:load:49 - Loaded model hree_predictor
2026-07-26 18:52:04 | INFO     | backend.app.ml.models.base:load:49 - Loaded model deposit_classifier
2026-07-26 18:52:04 | INFO     | backend.app.ml.models.base:load:49 - Loaded model resource_estimator
2026-07-26 18:52:04 | INFO     | backend.app.ml.models.base:load:49 - Loaded model dy_predictor
2026-07-26 18:52:04 | DEBUG    | backend.app.main:log_requests:58 - GET /api/v1/predictions/metrics -> 200 (0.083s)
2026-07-26 18:52:04 | INFO     | uvicorn.protocols.http.httptools_impl:send:496 - 127.0.0.1:56040 - "GET /api/v1/predictions/metrics HTTP/1.1" 200
2026-07-26 18:52:08 | DEBUG    | backend.app.main:log_requests:58 - GET /api/v1/environmental/ore-types -> 200 (0.001s)
2026-07-26 18:52:08 | INFO     | uvicorn.protocols.http.httptools_impl:send:496 - 127.0.0.1:56040 - "GET /api/v1/environmental/ore-types HTTP/1.1" 200
2026-07-26 18:52:08 | DEBUG    | backend.app.main:log_requests:58 - GET /api/v1/environmental/benchmarks -> 200 (0.001s)
2026-07-26 18:52:08 | INFO     | uvicorn.protocols.http.httptools_impl:send:496 - 127.0.0.1:56040 - "GET /api/v1/environmental/benchmarks HTTP/1.1" 200
2026-07-26 18:52:31 | INFO     | backend.app.services.environmental_service:run_lca_assessment:16 - Running LCA for REE Processing Plant (Gold)
2026-07-26 18:52:31 | INFO     | backend.app.lca.engine:full_assessment:437 - Running full LCA assessment
2026-07-26 18:52:31 | INFO     | backend.app.lca.engine:calculate:283 - Calculating carbon footprint
2026-07-26 18:52:31 | INFO     | backend.app.lca.engine:calculate:317 - Calculating water footprint
2026-07-26 18:52:31 | INFO     | backend.app.lca.engine:calculate:347 - Calculating energy consumption
2026-07-26 18:52:31 | INFO     | backend.app.lca.engine:calculate:376 - Calculating waste generation
2026-07-26 18:52:32 | DEBUG    | backend.app.main:log_requests:58 - POST /api/v1/environmental/assess -> 200 (0.017s)
2026-07-26 18:52:32 | INFO     | uvicorn.protocols.http.httptools_impl:send:496 - 127.0.0.1:50418 - "POST /api/v1/environmental/assess HTTP/1.1" 200
2026-07-26 18:52:37 | DEBUG    | backend.app.main:log_requests:58 - GET /api/v1/circularity/ore-types -> 200 (0.001s)
2026-07-26 18:52:37 | INFO     | uvicorn.protocols.http.httptools_impl:send:496 - 127.0.0.1:52829 - "GET /api/v1/circularity/ore-types HTTP/1.1" 200
2026-07-26 18:52:45 | DEBUG    | backend.app.main:log_requests:58 - GET /api/v1/circularity/ore-types -> 200 (0.001s)
2026-07-26 18:52:45 | INFO     | uvicorn.protocols.http.httptools_impl:send:496 - 127.0.0.1:63687 - "GET /api/v1/circularity/ore-types HTTP/1.1" 200
2026-07-26 18:52:47 | DEBUG    | backend.app.main:log_requests:58 - GET /api/v1/reports/ -> 200 (0.003s)
2026-07-26 18:52:47 | INFO     | uvicorn.protocols.http.httptools_impl:send:496 - 127.0.0.1:63687 - "GET /api/v1/reports/ HTTP/1.1" 200
2026-07-26 18:52:51 | INFO     | backend.app.services.dashboard_service:get_dashboard_data:13 - Building dashboard data
2026-07-26 18:52:51 | INFO     | backend.app.ml.models.base:load:49 - Loaded model hree_predictor
2026-07-26 18:52:51 | INFO     | backend.app.ml.models.base:load:49 - Loaded model deposit_classifier
2026-07-26 18:52:51 | INFO     | backend.app.ml.models.base:load:49 - Loaded model resource_estimator
2026-07-26 18:52:51 | INFO     | backend.app.ml.models.base:load:49 - Loaded model dy_predictor
2026-07-26 18:52:51 | DEBUG    | backend.app.main:log_requests:58 - GET /api/v1/dashboard/ -> 200 (0.146s)
2026-07-26 18:52:51 | INFO     | uvicorn.protocols.http.httptools_impl:send:496 - 127.0.0.1:63687 - "GET /api/v1/dashboard/ HTTP/1.1" 200
2026-07-26 18:52:55 | DEBUG    | backend.app.main:log_requests:58 - GET /api/v1/datasets/ -> 200 (0.077s)
2026-07-26 18:52:55 | INFO     | uvicorn.protocols.http.httptools_impl:send:496 - 127.0.0.1:63687 - "GET /api/v1/datasets/ HTTP/1.1" 200
2026-07-26 18:52:57 | DEBUG    | backend.app.main:log_requests:58 - GET /api/v1/datasets/facilities -> 404 (0.001s)
2026-07-26 18:52:57 | INFO     | uvicorn.protocols.http.httptools_impl:send:496 - 127.0.0.1:63687 - "GET /api/v1/datasets/facilities HTTP/1.1" 404
2026-07-26 18:52:57 | DEBUG    | backend.app.main:log_requests:58 - GET /api/v1/datasets/facilities/sample -> 404 (0.002s)
2026-07-26 18:52:57 | INFO     | uvicorn.protocols.http.httptools_impl:send:496 - 127.0.0.1:60757 - "GET /api/v1/datasets/facilities/sample?rows=5 HTTP/1.1" 404
2026-07-26 18:52:59 | DEBUG    | backend.app.main:log_requests:58 - GET /api/v1/datasets/facilities/sample -> 404 (0.001s)
2026-07-26 18:52:59 | DEBUG    | backend.app.main:log_requests:58 - GET /api/v1/datasets/facilities -> 404 (0.002s)
2026-07-26 18:52:59 | INFO     | uvicorn.protocols.http.httptools_impl:send:496 - 127.0.0.1:63687 - "GET /api/v1/datasets/facilities/sample?rows=5 HTTP/1.1" 404
2026-07-26 18:52:59 | INFO     | uvicorn.protocols.http.httptools_impl:send:496 - 127.0.0.1:60757 - "GET /api/v1/datasets/facilities HTTP/1.1" 404
2026-07-26 18:53:20 | DEBUG    | backend.app.main:log_requests:58 - GET /api/v1/reports/ -> 200 (0.001s)
2026-07-26 18:53:20 | INFO     | uvicorn.protocols.http.httptools_impl:send:496 - 127.0.0.1:51493 - "GET /api/v1/reports/ HTTP/1.1" 200
2026-07-26 18:53:23 | INFO     | backend.app.services.report_service:generate_report:13 - Generating comprehensive report
2026-07-26 18:53:23 | DEBUG    | backend.app.main:log_requests:58 - POST /api/v1/reports/generate -> 200 (0.011s)
2026-07-26 18:53:23 | INFO     | uvicorn.protocols.http.httptools_impl:send:496 - 127.0.0.1:51493 - "POST /api/v1/reports/generate?report_type=comprehensive&title=Analysis%20Report HTTP/1.1" 200
2026-07-26 18:53:23 | DEBUG    | backend.app.main:log_requests:58 - GET /api/v1/reports/ -> 200 (0.002s)
2026-07-26 18:53:23 | INFO     | uvicorn.protocols.http.httptools_impl:send:496 - 127.0.0.1:51493 - "GET /api/v1/reports/ HTTP/1.1" 200
2026-07-26 18:53:38 | INFO     | backend.app.services.dashboard_service:get_dashboard_data:13 - Building dashboard data
2026-07-26 18:53:38 | INFO     | backend.app.ml.models.base:load:49 - Loaded model hree_predictor
2026-07-26 18:53:38 | INFO     | backend.app.ml.models.base:load:49 - Loaded model deposit_classifier
2026-07-26 18:53:38 | INFO     | backend.app.ml.models.base:load:49 - Loaded model resource_estimator
2026-07-26 18:53:38 | INFO     | backend.app.ml.models.base:load:49 - Loaded model dy_predictor
2026-07-26 18:53:38 | DEBUG    | backend.app.main:log_requests:58 - GET /api/v1/dashboard/ -> 200 (0.153s)
2026-07-26 18:53:38 | INFO     | uvicorn.protocols.http.httptools_impl:send:496 - 127.0.0.1:50783 - "GET /api/v1/dashboard/ HTTP/1.1" 200
2026-07-26 18:57:38 | INFO     | uvicorn.server:shutdown:264 - Shutting down
2026-07-26 18:57:38 | INFO     | uvicorn.lifespan.on:shutdown:65 - Waiting for application shutdown.
2026-07-26 18:57:38 | INFO     | backend.app.main:lifespan:34 - Shutting down LCA Platform application
2026-07-26 18:57:38 | INFO     | uvicorn.lifespan.on:shutdown:76 - Application shutdown complete.
2026-07-26 18:57:38 | INFO     | uvicorn.server:serve:86 - Finished server process [21168]
2026-07-26 18:57:41 | INFO     | uvicorn.server:serve:76 - Started server process [3456]
2026-07-26 18:57:41 | INFO     | uvicorn.lifespan.on:startup:46 - Waiting for application startup.
2026-07-26 18:57:41 | INFO     | backend.app.main:lifespan:24 - Starting LCA Platform application
2026-07-26 18:57:41 | INFO     | backend.app.main:lifespan:26 - Database initialized
2026-07-26 18:57:41 | INFO     | backend.app.pipeline.data_loader:load_mining_projects:25 - Loading mining projects from C:\Users\soumy\OneDrive\Desktop\Project\Global Rare Earth Elements Projects\mining_projects.csv
2026-07-26 18:57:41 | INFO     | backend.app.pipeline.data_loader:load_mining_projects:89 - Loaded mining projects: 146 rows, 51 columns
2026-07-26 18:57:41 | INFO     | backend.app.pipeline.data_loader:load_factory:95 - Loading factory data from C:\Users\soumy\OneDrive\Desktop\Project\Global Rare Earth Elements Projects\factory.csv
2026-07-26 18:57:41 | INFO     | backend.app.pipeline.data_loader:load_factory:134 - Loaded factory data: 67 rows
2026-07-26 18:57:41 | INFO     | backend.app.pipeline.data_loader:load_facilities_gpkg:182 - Loading facilities from C:\Users\soumy\OneDrive\Desktop\Project\Open Database on Global Coal and Metal Mining\data\facilities.gpkg
2026-07-26 18:57:41 | WARNING  | backend.app.pipeline.data_loader:load_facilities_gpkg:190 - Could not load geopackage: y attribute access only provided for Point geometries. Falling back to CSV approach.
2026-07-26 18:57:41 | INFO     | backend.app.pipeline.data_loader:load_open_db_table:196 - Loading commodities.csv
2026-07-26 18:57:41 | INFO     | backend.app.pipeline.data_loader:load_open_db_table:198 - Loaded commodities.csv: 9426 rows, 16 columns
2026-07-26 18:57:41 | INFO     | backend.app.pipeline.data_loader:load_open_db_table:196 - Loading minerals.csv
2026-07-26 18:57:41 | INFO     | backend.app.pipeline.data_loader:load_open_db_table:198 - Loaded minerals.csv: 12292 rows, 12 columns
2026-07-26 18:57:41 | INFO     | backend.app.pipeline.data_loader:load_open_db_table:196 - Loading coal.csv
2026-07-26 18:57:41 | INFO     | backend.app.pipeline.data_loader:load_open_db_table:198 - Loaded coal.csv: 10478 rows, 10 columns
2026-07-26 18:57:41 | INFO     | backend.app.pipeline.data_loader:load_open_db_table:196 - Loading processing.csv
2026-07-26 18:57:41 | INFO     | backend.app.pipeline.data_loader:load_open_db_table:198 - Loaded processing.csv: 3979 rows, 16 columns
2026-07-26 18:57:41 | INFO     | backend.app.pipeline.data_loader:load_open_db_table:196 - Loading waste.csv
2026-07-26 18:57:41 | INFO     | backend.app.pipeline.data_loader:load_open_db_table:198 - Loaded waste.csv: 1119 rows, 13 columns
2026-07-26 18:57:41 | INFO     | backend.app.pipeline.data_loader:load_open_db_table:196 - Loading transport.csv
2026-07-26 18:57:41 | INFO     | backend.app.pipeline.data_loader:load_open_db_table:198 - Loaded transport.csv: 941 rows, 12 columns
2026-07-26 18:57:41 | INFO     | backend.app.pipeline.data_loader:load_open_db_table:196 - Loading reserves.csv
2026-07-26 18:57:41 | INFO     | backend.app.pipeline.data_loader:load_open_db_table:198 - Loaded reserves.csv: 1039 rows, 10 columns
2026-07-26 18:57:41 | INFO     | backend.app.pipeline.data_loader:load_open_db_table:196 - Loading ownership.csv
2026-07-26 18:57:41 | INFO     | backend.app.pipeline.data_loader:load_open_db_table:198 - Loaded ownership.csv: 699 rows, 7 columns
2026-07-26 18:57:41 | INFO     | backend.app.pipeline.data_loader:load_open_db_table:196 - Loading capacity.csv
2026-07-26 18:57:41 | INFO     | backend.app.pipeline.data_loader:load_open_db_table:198 - Loaded capacity.csv: 163 rows, 8 columns
2026-07-26 18:57:41 | INFO     | backend.app.pipeline.data_loader:load_open_db_table:196 - Loading material_ids.csv
2026-07-26 18:57:41 | INFO     | backend.app.pipeline.data_loader:load_open_db_table:198 - Loaded material_ids.csv: 294 rows, 7 columns
2026-07-26 18:57:41 | INFO     | backend.app.pipeline.data_loader:load_open_db_table:196 - Loading source_ids.csv
2026-07-26 18:57:41 | INFO     | backend.app.pipeline.data_loader:load_open_db_table:198 - Loaded source_ids.csv: 2483 rows, 3 columns
2026-07-26 18:57:41 | INFO     | backend.app.pipeline.data_loader:load_world_commodities:248 - Loading world commodities from C:\Users\soumy\OneDrive\Desktop\Project\World Mining Commodities\world_mining_commodities_clean.csv
2026-07-26 18:57:41 | INFO     | backend.app.pipeline.data_loader:load_world_commodities:250 - Loaded world commodities: 1982 rows
2026-07-26 18:57:41 | INFO     | backend.app.pipeline.data_loader:load_world_companies:256 - Loading world companies from C:\Users\soumy\OneDrive\Desktop\Project\World Mining Commodities\116_world_mining_companies_clean.csv
2026-07-26 18:57:41 | INFO     | backend.app.pipeline.data_loader:load_world_companies:258 - Loaded world companies: 116 rows
2026-07-26 18:57:41 | INFO     | backend.app.pipeline.data_loader:load_commodity_info:264 - Loading commodity info from C:\Users\soumy\OneDrive\Desktop\Project\World Mining Commodities\commodity_info.xlsx
2026-07-26 18:57:41 | INFO     | backend.app.pipeline.data_loader:load_commodity_info:266 - Loaded commodity info: 65 rows
2026-07-26 18:57:41 | INFO     | backend.app.main:lifespan:30 - Datasets loaded successfully
2026-07-26 18:57:41 | INFO     | uvicorn.lifespan.on:startup:60 - Application startup complete.
2026-07-26 18:57:56 | INFO     | uvicorn.server:shutdown:264 - Shutting down
2026-07-26 18:57:56 | INFO     | uvicorn.lifespan.on:shutdown:65 - Waiting for application shutdown.
2026-07-26 18:57:56 | INFO     | backend.app.main:lifespan:34 - Shutting down LCA Platform application
2026-07-26 18:57:56 | INFO     | uvicorn.lifespan.on:shutdown:76 - Application shutdown complete.
2026-07-26 18:57:56 | INFO     | uvicorn.server:serve:86 - Finished server process [3456]
2026-07-26 18:57:58 | INFO     | uvicorn.server:serve:76 - Started server process [11752]
2026-07-26 18:57:58 | INFO     | uvicorn.lifespan.on:startup:46 - Waiting for application startup.
2026-07-26 18:57:58 | INFO     | backend.app.main:lifespan:24 - Starting LCA Platform application
2026-07-26 18:57:58 | INFO     | backend.app.main:lifespan:26 - Database initialized
2026-07-26 18:57:58 | INFO     | backend.app.pipeline.data_loader:load_mining_projects:25 - Loading mining projects from C:\Users\soumy\OneDrive\Desktop\Project\Global Rare Earth Elements Projects\mining_projects.csv
2026-07-26 18:57:58 | INFO     | backend.app.pipeline.data_loader:load_mining_projects:89 - Loaded mining projects: 146 rows, 51 columns
2026-07-26 18:57:58 | INFO     | backend.app.pipeline.data_loader:load_factory:95 - Loading factory data from C:\Users\soumy\OneDrive\Desktop\Project\Global Rare Earth Elements Projects\factory.csv
2026-07-26 18:57:58 | INFO     | backend.app.pipeline.data_loader:load_factory:134 - Loaded factory data: 67 rows
2026-07-26 18:57:58 | INFO     | backend.app.pipeline.data_loader:load_facilities_gpkg:182 - Loading facilities from C:\Users\soumy\OneDrive\Desktop\Project\Open Database on Global Coal and Metal Mining\data\facilities.gpkg
2026-07-26 18:57:58 | WARNING  | backend.app.pipeline.data_loader:load_facilities_gpkg:190 - Could not load geopackage: y attribute access only provided for Point geometries. Falling back to CSV approach.
2026-07-26 18:57:58 | INFO     | backend.app.pipeline.data_loader:load_open_db_table:196 - Loading commodities.csv
2026-07-26 18:57:58 | INFO     | backend.app.pipeline.data_loader:load_open_db_table:198 - Loaded commodities.csv: 9426 rows, 16 columns
2026-07-26 18:57:58 | INFO     | backend.app.pipeline.data_loader:load_open_db_table:196 - Loading minerals.csv
2026-07-26 18:57:58 | INFO     | backend.app.pipeline.data_loader:load_open_db_table:198 - Loaded minerals.csv: 12292 rows, 12 columns
2026-07-26 18:57:58 | INFO     | backend.app.pipeline.data_loader:load_open_db_table:196 - Loading coal.csv
2026-07-26 18:57:58 | INFO     | backend.app.pipeline.data_loader:load_open_db_table:198 - Loaded coal.csv: 10478 rows, 10 columns
2026-07-26 18:57:58 | INFO     | backend.app.pipeline.data_loader:load_open_db_table:196 - Loading processing.csv
2026-07-26 18:57:58 | INFO     | backend.app.pipeline.data_loader:load_open_db_table:198 - Loaded processing.csv: 3979 rows, 16 columns
2026-07-26 18:57:58 | INFO     | backend.app.pipeline.data_loader:load_open_db_table:196 - Loading waste.csv
2026-07-26 18:57:58 | INFO     | backend.app.pipeline.data_loader:load_open_db_table:198 - Loaded waste.csv: 1119 rows, 13 columns
2026-07-26 18:57:58 | INFO     | backend.app.pipeline.data_loader:load_open_db_table:196 - Loading transport.csv
2026-07-26 18:57:58 | INFO     | backend.app.pipeline.data_loader:load_open_db_table:198 - Loaded transport.csv: 941 rows, 12 columns
2026-07-26 18:57:58 | INFO     | backend.app.pipeline.data_loader:load_open_db_table:196 - Loading reserves.csv
2026-07-26 18:57:58 | INFO     | backend.app.pipeline.data_loader:load_open_db_table:198 - Loaded reserves.csv: 1039 rows, 10 columns
2026-07-26 18:57:58 | INFO     | backend.app.pipeline.data_loader:load_open_db_table:196 - Loading ownership.csv
2026-07-26 18:57:58 | INFO     | backend.app.pipeline.data_loader:load_open_db_table:198 - Loaded ownership.csv: 699 rows, 7 columns
2026-07-26 18:57:58 | INFO     | backend.app.pipeline.data_loader:load_open_db_table:196 - Loading capacity.csv
2026-07-26 18:57:58 | INFO     | backend.app.pipeline.data_loader:load_open_db_table:198 - Loaded capacity.csv: 163 rows, 8 columns
2026-07-26 18:57:58 | INFO     | backend.app.pipeline.data_loader:load_open_db_table:196 - Loading material_ids.csv
2026-07-26 18:57:58 | INFO     | backend.app.pipeline.data_loader:load_open_db_table:198 - Loaded material_ids.csv: 294 rows, 7 columns
2026-07-26 18:57:58 | INFO     | backend.app.pipeline.data_loader:load_open_db_table:196 - Loading source_ids.csv
2026-07-26 18:57:58 | INFO     | backend.app.pipeline.data_loader:load_open_db_table:198 - Loaded source_ids.csv: 2483 rows, 3 columns
2026-07-26 18:57:58 | INFO     | backend.app.pipeline.data_loader:load_world_commodities:248 - Loading world commodities from C:\Users\soumy\OneDrive\Desktop\Project\World Mining Commodities\world_mining_commodities_clean.csv
2026-07-26 18:57:58 | INFO     | backend.app.pipeline.data_loader:load_world_commodities:250 - Loaded world commodities: 1982 rows
2026-07-26 18:57:58 | INFO     | backend.app.pipeline.data_loader:load_world_companies:256 - Loading world companies from C:\Users\soumy\OneDrive\Desktop\Project\World Mining Commodities\116_world_mining_companies_clean.csv
2026-07-26 18:57:58 | INFO     | backend.app.pipeline.data_loader:load_world_companies:258 - Loaded world companies: 116 rows
2026-07-26 18:57:58 | INFO     | backend.app.pipeline.data_loader:load_commodity_info:264 - Loading commodity info from C:\Users\soumy\OneDrive\Desktop\Project\World Mining Commodities\commodity_info.xlsx
2026-07-26 18:57:59 | INFO     | backend.app.pipeline.data_loader:load_commodity_info:266 - Loaded commodity info: 65 rows
2026-07-26 18:57:59 | INFO     | backend.app.main:lifespan:30 - Datasets loaded successfully
2026-07-26 18:57:59 | INFO     | uvicorn.lifespan.on:startup:60 - Application startup complete.
2026-07-26 18:59:56 | DEBUG    | backend.app.main:log_requests:58 - GET /api/v1/datasets/ -> 200 (0.069s)
2026-07-26 18:59:56 | INFO     | uvicorn.protocols.http.httptools_impl:send:496 - 127.0.0.1:64298 - "GET /api/v1/datasets/ HTTP/1.1" 200
2026-07-26 18:59:57 | DEBUG    | backend.app.main:log_requests:58 - GET /api/v1/predictions/history -> 200 (0.009s)
2026-07-26 18:59:57 | INFO     | uvicorn.protocols.http.httptools_impl:send:496 - 127.0.0.1:65131 - "GET /api/v1/predictions/history?limit=10 HTTP/1.1" 200
2026-07-26 18:59:57 | INFO     | backend.app.ml.models.base:load:49 - Loaded model hree_predictor
2026-07-26 18:59:57 | INFO     | backend.app.ml.models.base:load:49 - Loaded model deposit_classifier
2026-07-26 18:59:57 | INFO     | backend.app.ml.models.base:load:49 - Loaded model resource_estimator
2026-07-26 18:59:57 | INFO     | backend.app.ml.models.base:load:49 - Loaded model dy_predictor
2026-07-26 18:59:57 | DEBUG    | backend.app.main:log_requests:58 - GET /api/v1/predictions/metrics -> 200 (0.149s)
2026-07-26 18:59:57 | INFO     | uvicorn.protocols.http.httptools_impl:send:496 - 127.0.0.1:64298 - "GET /api/v1/predictions/metrics HTTP/1.1" 200
2026-07-26 19:00:09 | DEBUG    | backend.app.main:log_requests:58 - GET /api/v1/environmental/ore-types -> 200 (0.001s)
2026-07-26 19:00:09 | INFO     | uvicorn.protocols.http.httptools_impl:send:496 - 127.0.0.1:51893 - "GET /api/v1/environmental/ore-types HTTP/1.1" 200
2026-07-26 19:00:09 | DEBUG    | backend.app.main:log_requests:58 - GET /api/v1/environmental/benchmarks -> 200 (0.002s)
2026-07-26 19:00:09 | INFO     | uvicorn.protocols.http.httptools_impl:send:496 - 127.0.0.1:51893 - "GET /api/v1/environmental/benchmarks HTTP/1.1" 200
2026-07-26 19:02:52 | INFO     | uvicorn.server:shutdown:264 - Shutting down
2026-07-26 19:02:52 | INFO     | uvicorn.lifespan.on:shutdown:65 - Waiting for application shutdown.
2026-07-26 19:02:52 | INFO     | backend.app.main:lifespan:34 - Shutting down LCA Platform application
2026-07-26 19:02:52 | INFO     | uvicorn.lifespan.on:shutdown:76 - Application shutdown complete.
2026-07-26 19:02:52 | INFO     | uvicorn.server:serve:86 - Finished server process [11752]
2026-07-26 19:02:59 | INFO     | uvicorn.server:serve:76 - Started server process [20856]
2026-07-26 19:02:59 | INFO     | uvicorn.lifespan.on:startup:46 - Waiting for application startup.
2026-07-26 19:02:59 | INFO     | backend.app.main:lifespan:24 - Starting LCA Platform application
2026-07-26 19:02:59 | INFO     | backend.app.main:lifespan:26 - Database initialized
2026-07-26 19:02:59 | INFO     | backend.app.pipeline.data_loader:load_mining_projects:25 - Loading mining projects from C:\Users\soumy\OneDrive\Desktop\Project\Global Rare Earth Elements Projects\mining_projects.csv
2026-07-26 19:02:59 | INFO     | backend.app.pipeline.data_loader:load_mining_projects:89 - Loaded mining projects: 146 rows, 51 columns
2026-07-26 19:02:59 | INFO     | backend.app.pipeline.data_loader:load_factory:95 - Loading factory data from C:\Users\soumy\OneDrive\Desktop\Project\Global Rare Earth Elements Projects\factory.csv
2026-07-26 19:02:59 | INFO     | backend.app.pipeline.data_loader:load_factory:134 - Loaded factory data: 67 rows
2026-07-26 19:02:59 | INFO     | backend.app.pipeline.data_loader:load_facilities_gpkg:182 - Loading facilities from C:\Users\soumy\OneDrive\Desktop\Project\Open Database on Global Coal and Metal Mining\data\facilities.gpkg
2026-07-26 19:02:59 | WARNING  | backend.app.pipeline.data_loader:load_facilities_gpkg:190 - Could not load geopackage: y attribute access only provided for Point geometries. Falling back to CSV approach.
2026-07-26 19:02:59 | INFO     | backend.app.pipeline.data_loader:load_open_db_table:196 - Loading commodities.csv
2026-07-26 19:02:59 | INFO     | backend.app.pipeline.data_loader:load_open_db_table:198 - Loaded commodities.csv: 9426 rows, 16 columns
2026-07-26 19:02:59 | INFO     | backend.app.pipeline.data_loader:load_open_db_table:196 - Loading minerals.csv
2026-07-26 19:02:59 | INFO     | backend.app.pipeline.data_loader:load_open_db_table:198 - Loaded minerals.csv: 12292 rows, 12 columns
2026-07-26 19:02:59 | INFO     | backend.app.pipeline.data_loader:load_open_db_table:196 - Loading coal.csv
2026-07-26 19:02:59 | INFO     | backend.app.pipeline.data_loader:load_open_db_table:198 - Loaded coal.csv: 10478 rows, 10 columns
2026-07-26 19:02:59 | INFO     | backend.app.pipeline.data_loader:load_open_db_table:196 - Loading processing.csv
2026-07-26 19:02:59 | INFO     | backend.app.pipeline.data_loader:load_open_db_table:198 - Loaded processing.csv: 3979 rows, 16 columns
2026-07-26 19:02:59 | INFO     | backend.app.pipeline.data_loader:load_open_db_table:196 - Loading waste.csv
2026-07-26 19:02:59 | INFO     | backend.app.pipeline.data_loader:load_open_db_table:198 - Loaded waste.csv: 1119 rows, 13 columns
2026-07-26 19:02:59 | INFO     | backend.app.pipeline.data_loader:load_open_db_table:196 - Loading transport.csv
2026-07-26 19:02:59 | INFO     | backend.app.pipeline.data_loader:load_open_db_table:198 - Loaded transport.csv: 941 rows, 12 columns
2026-07-26 19:02:59 | INFO     | backend.app.pipeline.data_loader:load_open_db_table:196 - Loading reserves.csv
2026-07-26 19:02:59 | INFO     | backend.app.pipeline.data_loader:load_open_db_table:198 - Loaded reserves.csv: 1039 rows, 10 columns
2026-07-26 19:02:59 | INFO     | backend.app.pipeline.data_loader:load_open_db_table:196 - Loading ownership.csv
2026-07-26 19:02:59 | INFO     | backend.app.pipeline.data_loader:load_open_db_table:198 - Loaded ownership.csv: 699 rows, 7 columns
2026-07-26 19:02:59 | INFO     | backend.app.pipeline.data_loader:load_open_db_table:196 - Loading capacity.csv
2026-07-26 19:02:59 | INFO     | backend.app.pipeline.data_loader:load_open_db_table:198 - Loaded capacity.csv: 163 rows, 8 columns
2026-07-26 19:02:59 | INFO     | backend.app.pipeline.data_loader:load_open_db_table:196 - Loading material_ids.csv
2026-07-26 19:02:59 | INFO     | backend.app.pipeline.data_loader:load_open_db_table:198 - Loaded material_ids.csv: 294 rows, 7 columns
2026-07-26 19:02:59 | INFO     | backend.app.pipeline.data_loader:load_open_db_table:196 - Loading source_ids.csv
2026-07-26 19:02:59 | INFO     | backend.app.pipeline.data_loader:load_open_db_table:198 - Loaded source_ids.csv: 2483 rows, 3 columns
2026-07-26 19:02:59 | INFO     | backend.app.pipeline.data_loader:load_world_commodities:248 - Loading world commodities from C:\Users\soumy\OneDrive\Desktop\Project\World Mining Commodities\world_mining_commodities_clean.csv
2026-07-26 19:02:59 | INFO     | backend.app.pipeline.data_loader:load_world_commodities:250 - Loaded world commodities: 1982 rows
2026-07-26 19:02:59 | INFO     | backend.app.pipeline.data_loader:load_world_companies:256 - Loading world companies from C:\Users\soumy\OneDrive\Desktop\Project\World Mining Commodities\116_world_mining_companies_clean.csv
2026-07-26 19:02:59 | INFO     | backend.app.pipeline.data_loader:load_world_companies:258 - Loaded world companies: 116 rows
2026-07-26 19:02:59 | INFO     | backend.app.pipeline.data_loader:load_commodity_info:264 - Loading commodity info from C:\Users\soumy\OneDrive\Desktop\Project\World Mining Commodities\commodity_info.xlsx
2026-07-26 19:02:59 | INFO     | backend.app.pipeline.data_loader:load_commodity_info:266 - Loaded commodity info: 65 rows
2026-07-26 19:02:59 | INFO     | backend.app.main:lifespan:30 - Datasets loaded successfully
2026-07-26 19:02:59 | INFO     | uvicorn.lifespan.on:startup:60 - Application startup complete.
2026-07-26 19:03:04 | DEBUG    | backend.app.main:log_requests:58 - GET / -> 200 (0.002s)
2026-07-26 19:03:04 | INFO     | uvicorn.protocols.http.httptools_impl:send:496 - 127.0.0.1:50592 - "GET / HTTP/1.1" 200
2026-07-26 19:03:04 | DEBUG    | backend.app.main:log_requests:58 - GET /static/css/style.css -> 304 (0.003s)
2026-07-26 19:03:04 | INFO     | uvicorn.protocols.http.httptools_impl:send:496 - 127.0.0.1:50592 - "GET /css/style.css HTTP/1.1" 304
2026-07-26 19:03:04 | DEBUG    | backend.app.main:log_requests:58 - GET /static/js/api.js -> 200 (0.005s)
2026-07-26 19:03:04 | INFO     | uvicorn.protocols.http.httptools_impl:send:496 - 127.0.0.1:57511 - "GET /js/api.js HTTP/1.1" 200
2026-07-26 19:03:04 | DEBUG    | backend.app.main:log_requests:58 - GET /static/js/charts.js -> 304 (0.003s)
2026-07-26 19:03:04 | INFO     | uvicorn.protocols.http.httptools_impl:send:496 - 127.0.0.1:50592 - "GET /js/charts.js HTTP/1.1" 304
2026-07-26 19:03:04 | DEBUG    | backend.app.main:log_requests:58 - GET /static/js/app.js -> 200 (0.003s)
2026-07-26 19:03:04 | INFO     | uvicorn.protocols.http.httptools_impl:send:496 - 127.0.0.1:57511 - "GET /js/app.js HTTP/1.1" 200
2026-07-26 19:03:04 | DEBUG    | backend.app.main:log_requests:58 - GET /api/v1/health -> 404 (0.001s)
2026-07-26 19:03:04 | INFO     | uvicorn.protocols.http.httptools_impl:send:496 - 127.0.0.1:57511 - "GET /api/v1/health HTTP/1.1" 404
2026-07-26 19:03:11 | DEBUG    | backend.app.main:log_requests:58 - POST /api/v1/auth/login -> 401 (0.003s)
2026-07-26 19:03:11 | INFO     | uvicorn.protocols.http.httptools_impl:send:496 - 127.0.0.1:58981 - "POST /api/v1/auth/login HTTP/1.1" 401
2026-07-26 19:03:43 | DEBUG    | backend.app.main:log_requests:58 - POST /api/v1/auth/register -> 400 (0.002s)
2026-07-26 19:03:43 | INFO     | uvicorn.protocols.http.httptools_impl:send:496 - 127.0.0.1:53993 - "POST /api/v1/auth/register HTTP/1.1" 400
2026-07-26 19:03:56 | INFO     | backend.app.services.auth_service:create_user:15 - Created user: Soumya
2026-07-26 19:03:56 | DEBUG    | backend.app.main:log_requests:58 - POST /api/v1/auth/register -> 201 (0.053s)
2026-07-26 19:03:56 | INFO     | uvicorn.protocols.http.httptools_impl:send:496 - 127.0.0.1:60326 - "POST /api/v1/auth/register HTTP/1.1" 201
2026-07-26 19:04:12 | DEBUG    | backend.app.main:log_requests:58 - POST /api/v1/auth/login -> 200 (0.044s)
2026-07-26 19:04:12 | INFO     | uvicorn.protocols.http.httptools_impl:send:496 - 127.0.0.1:58921 - "POST /api/v1/auth/login HTTP/1.1" 200
2026-07-26 19:04:12 | INFO     | backend.app.services.dashboard_service:get_dashboard_data:13 - Building dashboard data
2026-07-26 19:04:13 | INFO     | backend.app.ml.models.base:load:49 - Loaded model hree_predictor
2026-07-26 19:04:13 | INFO     | backend.app.ml.models.base:load:49 - Loaded model deposit_classifier
2026-07-26 19:04:13 | INFO     | backend.app.ml.models.base:load:49 - Loaded model resource_estimator
2026-07-26 19:04:13 | INFO     | backend.app.ml.models.base:load:49 - Loaded model dy_predictor
2026-07-26 19:04:13 | DEBUG    | backend.app.main:log_requests:58 - GET /api/v1/dashboard/ -> 200 (0.236s)
2026-07-26 19:04:13 | INFO     | uvicorn.protocols.http.httptools_impl:send:496 - 127.0.0.1:58921 - "GET /api/v1/dashboard/ HTTP/1.1" 200
2026-07-26 19:04:23 | DEBUG    | backend.app.main:log_requests:58 - GET /api/v1/datasets/ -> 200 (0.065s)
2026-07-26 19:04:23 | INFO     | uvicorn.protocols.http.httptools_impl:send:496 - 127.0.0.1:59182 - "GET /api/v1/datasets/ HTTP/1.1" 200
2026-07-26 19:04:24 | DEBUG    | backend.app.main:log_requests:58 - GET /api/v1/predictions/history -> 200 (0.007s)
2026-07-26 19:04:24 | INFO     | uvicorn.protocols.http.httptools_impl:send:496 - 127.0.0.1:49183 - "GET /api/v1/predictions/history?limit=10 HTTP/1.1" 200
2026-07-26 19:04:24 | INFO     | backend.app.ml.models.base:load:49 - Loaded model hree_predictor
2026-07-26 19:04:24 | INFO     | backend.app.ml.models.base:load:49 - Loaded model deposit_classifier
2026-07-26 19:04:24 | INFO     | backend.app.ml.models.base:load:49 - Loaded model resource_estimator
2026-07-26 19:04:24 | INFO     | backend.app.ml.models.base:load:49 - Loaded model dy_predictor
2026-07-26 19:04:24 | DEBUG    | backend.app.main:log_requests:58 - GET /api/v1/predictions/metrics -> 200 (0.084s)
2026-07-26 19:04:24 | INFO     | uvicorn.protocols.http.httptools_impl:send:496 - 127.0.0.1:59182 - "GET /api/v1/predictions/metrics HTTP/1.1" 200
2026-07-26 19:04:26 | DEBUG    | backend.app.main:log_requests:58 - GET /api/v1/environmental/ore-types -> 200 (0.002s)
2026-07-26 19:04:26 | INFO     | uvicorn.protocols.http.httptools_impl:send:496 - 127.0.0.1:59182 - "GET /api/v1/environmental/ore-types HTTP/1.1" 200
2026-07-26 19:04:26 | DEBUG    | backend.app.main:log_requests:58 - GET /api/v1/environmental/benchmarks -> 200 (0.003s)
2026-07-26 19:04:26 | INFO     | uvicorn.protocols.http.httptools_impl:send:496 - 127.0.0.1:59182 - "GET /api/v1/environmental/benchmarks HTTP/1.1" 200
2026-07-26 19:04:28 | DEBUG    | backend.app.main:log_requests:58 - GET /api/v1/circularity/ore-types -> 200 (0.001s)
2026-07-26 19:04:28 | INFO     | uvicorn.protocols.http.httptools_impl:send:496 - 127.0.0.1:59182 - "GET /api/v1/circularity/ore-types HTTP/1.1" 200
2026-07-26 19:04:29 | DEBUG    | backend.app.main:log_requests:58 - GET /api/v1/environmental/ore-types -> 200 (0.001s)
2026-07-26 19:04:29 | INFO     | uvicorn.protocols.http.httptools_impl:send:496 - 127.0.0.1:59182 - "GET /api/v1/environmental/ore-types HTTP/1.1" 200
2026-07-26 19:04:29 | DEBUG    | backend.app.main:log_requests:58 - GET /api/v1/environmental/benchmarks -> 200 (0.002s)
2026-07-26 19:04:29 | INFO     | uvicorn.protocols.http.httptools_impl:send:496 - 127.0.0.1:59182 - "GET /api/v1/environmental/benchmarks HTTP/1.1" 200
2026-07-26 19:04:31 | INFO     | backend.app.services.environmental_service:run_lca_assessment:16 - Running LCA for REE Processing Plant (REE)
2026-07-26 19:04:31 | INFO     | backend.app.lca.engine:full_assessment:437 - Running full LCA assessment
2026-07-26 19:04:31 | INFO     | backend.app.lca.engine:calculate:283 - Calculating carbon footprint
2026-07-26 19:04:31 | INFO     | backend.app.lca.engine:calculate:317 - Calculating water footprint
2026-07-26 19:04:31 | INFO     | backend.app.lca.engine:calculate:347 - Calculating energy consumption
2026-07-26 19:04:31 | INFO     | backend.app.lca.engine:calculate:376 - Calculating waste generation
2026-07-26 19:04:31 | DEBUG    | backend.app.main:log_requests:58 - POST /api/v1/environmental/assess -> 200 (0.010s)
2026-07-26 19:04:31 | INFO     | uvicorn.protocols.http.httptools_impl:send:496 - 127.0.0.1:59182 - "POST /api/v1/environmental/assess HTTP/1.1" 200
2026-07-26 19:04:36 | INFO     | backend.app.services.dashboard_service:get_dashboard_data:13 - Building dashboard data
2026-07-26 19:04:36 | INFO     | backend.app.ml.models.base:load:49 - Loaded model hree_predictor
2026-07-26 19:04:36 | INFO     | backend.app.ml.models.base:load:49 - Loaded model deposit_classifier
2026-07-26 19:04:36 | INFO     | backend.app.ml.models.base:load:49 - Loaded model resource_estimator
2026-07-26 19:04:36 | INFO     | backend.app.ml.models.base:load:49 - Loaded model dy_predictor
2026-07-26 19:04:36 | DEBUG    | backend.app.main:log_requests:58 - GET /api/v1/dashboard/ -> 200 (0.145s)
2026-07-26 19:04:36 | INFO     | uvicorn.protocols.http.httptools_impl:send:496 - 127.0.0.1:62338 - "GET /api/v1/dashboard/ HTTP/1.1" 200
2026-07-26 19:04:41 | DEBUG    | backend.app.main:log_requests:58 - GET /api/v1/predictions/history -> 200 (0.006s)
2026-07-26 19:04:41 | INFO     | uvicorn.protocols.http.httptools_impl:send:496 - 127.0.0.1:65377 - "GET /api/v1/predictions/history?limit=10 HTTP/1.1" 200
2026-07-26 19:04:41 | INFO     | backend.app.ml.models.base:load:49 - Loaded model hree_predictor
2026-07-26 19:04:41 | INFO     | backend.app.ml.models.base:load:49 - Loaded model deposit_classifier
2026-07-26 19:04:41 | INFO     | backend.app.ml.models.base:load:49 - Loaded model resource_estimator
2026-07-26 19:04:41 | INFO     | backend.app.ml.models.base:load:49 - Loaded model dy_predictor
2026-07-26 19:04:41 | DEBUG    | backend.app.main:log_requests:58 - GET /api/v1/predictions/metrics -> 200 (0.084s)
2026-07-26 19:04:41 | INFO     | uvicorn.protocols.http.httptools_impl:send:496 - 127.0.0.1:62338 - "GET /api/v1/predictions/metrics HTTP/1.1" 200
2026-07-26 19:04:42 | DEBUG    | backend.app.main:log_requests:58 - GET /api/v1/circularity/ore-types -> 200 (0.001s)
2026-07-26 19:04:42 | INFO     | uvicorn.protocols.http.httptools_impl:send:496 - 127.0.0.1:62338 - "GET /api/v1/circularity/ore-types HTTP/1.1" 200
2026-07-26 19:04:43 | DEBUG    | backend.app.main:log_requests:58 - GET /api/v1/reports/ -> 200 (0.004s)
2026-07-26 19:04:43 | INFO     | uvicorn.protocols.http.httptools_impl:send:496 - 127.0.0.1:62338 - "GET /api/v1/reports/ HTTP/1.1" 200
2026-07-26 19:04:44 | DEBUG    | backend.app.main:log_requests:58 - GET /api/v1/dashboard/data-counts -> 200 (0.010s)
2026-07-26 19:04:44 | INFO     | uvicorn.protocols.http.httptools_impl:send:496 - 127.0.0.1:62338 - "GET /api/v1/dashboard/data-counts HTTP/1.1" 200
2026-07-26 19:04:48 | INFO     | backend.app.services.data_service:clear_all_data:26 - Clearing all analysis data
2026-07-26 19:04:48 | INFO     | backend.app.services.data_service:clear_all_data:48 - Cleared 7 records total
2026-07-26 19:04:48 | DEBUG    | backend.app.main:log_requests:58 - POST /api/v1/dashboard/clear-all -> 200 (0.008s)
2026-07-26 19:04:48 | INFO     | uvicorn.protocols.http.httptools_impl:send:496 - 127.0.0.1:62338 - "POST /api/v1/dashboard/clear-all HTTP/1.1" 200
2026-07-26 19:04:48 | DEBUG    | backend.app.main:log_requests:58 - GET /api/v1/dashboard/data-counts -> 200 (0.003s)
2026-07-26 19:04:48 | INFO     | uvicorn.protocols.http.httptools_impl:send:496 - 127.0.0.1:62338 - "GET /api/v1/dashboard/data-counts HTTP/1.1" 200
2026-07-26 19:04:50 | INFO     | backend.app.services.dashboard_service:get_dashboard_data:13 - Building dashboard data
2026-07-26 19:04:50 | INFO     | backend.app.ml.models.base:load:49 - Loaded model hree_predictor
2026-07-26 19:04:50 | INFO     | backend.app.ml.models.base:load:49 - Loaded model deposit_classifier
2026-07-26 19:04:50 | INFO     | backend.app.ml.models.base:load:49 - Loaded model resource_estimator
2026-07-26 19:04:50 | INFO     | backend.app.ml.models.base:load:49 - Loaded model dy_predictor
2026-07-26 19:04:50 | DEBUG    | backend.app.main:log_requests:58 - GET /api/v1/dashboard/ -> 200 (0.152s)
2026-07-26 19:04:50 | INFO     | uvicorn.protocols.http.httptools_impl:send:496 - 127.0.0.1:62338 - "GET /api/v1/dashboard/ HTTP/1.1" 200
2026-07-26 19:07:01 | DEBUG    | backend.app.main:log_requests:58 - GET /api/v1/dashboard/data-counts -> 200 (0.003s)
2026-07-26 19:07:01 | INFO     | uvicorn.protocols.http.httptools_impl:send:496 - 127.0.0.1:51620 - "GET /api/v1/dashboard/data-counts HTTP/1.1" 200
2026-07-26 19:07:07 | INFO     | backend.app.services.data_service:clear_all_data:26 - Clearing all analysis data
2026-07-26 19:07:07 | INFO     | backend.app.services.data_service:clear_all_data:48 - Cleared 0 records total
2026-07-26 19:07:07 | DEBUG    | backend.app.main:log_requests:58 - POST /api/v1/dashboard/clear-all -> 200 (0.005s)
2026-07-26 19:07:07 | INFO     | uvicorn.protocols.http.httptools_impl:send:496 - 127.0.0.1:63740 - "POST /api/v1/dashboard/clear-all HTTP/1.1" 200
2026-07-26 19:07:07 | DEBUG    | backend.app.main:log_requests:58 - GET /api/v1/dashboard/data-counts -> 200 (0.004s)
2026-07-26 19:07:07 | INFO     | uvicorn.protocols.http.httptools_impl:send:496 - 127.0.0.1:63740 - "GET /api/v1/dashboard/data-counts HTTP/1.1" 200
2026-07-26 19:07:21 | DEBUG    | backend.app.main:log_requests:58 - GET /api/v1/reports/ -> 200 (0.003s)
2026-07-26 19:07:21 | INFO     | uvicorn.protocols.http.httptools_impl:send:496 - 127.0.0.1:51899 - "GET /api/v1/reports/ HTTP/1.1" 200
2026-07-26 19:07:57 | INFO     | uvicorn.server:shutdown:264 - Shutting down
2026-07-26 19:07:57 | INFO     | uvicorn.lifespan.on:shutdown:65 - Waiting for application shutdown.
2026-07-26 19:07:57 | INFO     | backend.app.main:lifespan:34 - Shutting down LCA Platform application
2026-07-26 19:07:57 | INFO     | uvicorn.lifespan.on:shutdown:76 - Application shutdown complete.
2026-07-26 19:07:57 | INFO     | uvicorn.server:serve:86 - Finished server process [20856]
2026-07-26 19:07:59 | INFO     | uvicorn.server:serve:76 - Started server process [17768]
2026-07-26 19:07:59 | INFO     | uvicorn.lifespan.on:startup:46 - Waiting for application startup.
2026-07-26 19:07:59 | INFO     | backend.app.main:lifespan:24 - Starting LCA Platform application
2026-07-26 19:07:59 | INFO     | backend.app.main:lifespan:26 - Database initialized
2026-07-26 19:07:59 | INFO     | backend.app.pipeline.data_loader:load_mining_projects:25 - Loading mining projects from C:\Users\soumy\OneDrive\Desktop\Project\Global Rare Earth Elements Projects\mining_projects.csv
2026-07-26 19:07:59 | INFO     | backend.app.pipeline.data_loader:load_mining_projects:89 - Loaded mining projects: 146 rows, 51 columns
2026-07-26 19:07:59 | INFO     | backend.app.pipeline.data_loader:load_factory:95 - Loading factory data from C:\Users\soumy\OneDrive\Desktop\Project\Global Rare Earth Elements Projects\factory.csv
2026-07-26 19:07:59 | INFO     | backend.app.pipeline.data_loader:load_factory:134 - Loaded factory data: 67 rows
2026-07-26 19:07:59 | INFO     | backend.app.pipeline.data_loader:load_facilities_gpkg:182 - Loading facilities from C:\Users\soumy\OneDrive\Desktop\Project\Open Database on Global Coal and Metal Mining\data\facilities.gpkg
2026-07-26 19:07:59 | WARNING  | backend.app.pipeline.data_loader:load_facilities_gpkg:190 - Could not load geopackage: y attribute access only provided for Point geometries. Falling back to CSV approach.
2026-07-26 19:07:59 | INFO     | backend.app.pipeline.data_loader:load_open_db_table:196 - Loading commodities.csv
2026-07-26 19:07:59 | INFO     | backend.app.pipeline.data_loader:load_open_db_table:198 - Loaded commodities.csv: 9426 rows, 16 columns
2026-07-26 19:07:59 | INFO     | backend.app.pipeline.data_loader:load_open_db_table:196 - Loading minerals.csv
2026-07-26 19:07:59 | INFO     | backend.app.pipeline.data_loader:load_open_db_table:198 - Loaded minerals.csv: 12292 rows, 12 columns
2026-07-26 19:07:59 | INFO     | backend.app.pipeline.data_loader:load_open_db_table:196 - Loading coal.csv
2026-07-26 19:07:59 | INFO     | backend.app.pipeline.data_loader:load_open_db_table:198 - Loaded coal.csv: 10478 rows, 10 columns
2026-07-26 19:07:59 | INFO     | backend.app.pipeline.data_loader:load_open_db_table:196 - Loading processing.csv
2026-07-26 19:07:59 | INFO     | backend.app.pipeline.data_loader:load_open_db_table:198 - Loaded processing.csv: 3979 rows, 16 columns
2026-07-26 19:07:59 | INFO     | backend.app.pipeline.data_loader:load_open_db_table:196 - Loading waste.csv
2026-07-26 19:07:59 | INFO     | backend.app.pipeline.data_loader:load_open_db_table:198 - Loaded waste.csv: 1119 rows, 13 columns
2026-07-26 19:07:59 | INFO     | backend.app.pipeline.data_loader:load_open_db_table:196 - Loading transport.csv
2026-07-26 19:07:59 | INFO     | backend.app.pipeline.data_loader:load_open_db_table:198 - Loaded transport.csv: 941 rows, 12 columns
2026-07-26 19:07:59 | INFO     | backend.app.pipeline.data_loader:load_open_db_table:196 - Loading reserves.csv
2026-07-26 19:07:59 | INFO     | backend.app.pipeline.data_loader:load_open_db_table:198 - Loaded reserves.csv: 1039 rows, 10 columns
2026-07-26 19:07:59 | INFO     | backend.app.pipeline.data_loader:load_open_db_table:196 - Loading ownership.csv
2026-07-26 19:07:59 | INFO     | backend.app.pipeline.data_loader:load_open_db_table:198 - Loaded ownership.csv: 699 rows, 7 columns
2026-07-26 19:07:59 | INFO     | backend.app.pipeline.data_loader:load_open_db_table:196 - Loading capacity.csv
2026-07-26 19:07:59 | INFO     | backend.app.pipeline.data_loader:load_open_db_table:198 - Loaded capacity.csv: 163 rows, 8 columns
2026-07-26 19:07:59 | INFO     | backend.app.pipeline.data_loader:load_open_db_table:196 - Loading material_ids.csv
2026-07-26 19:07:59 | INFO     | backend.app.pipeline.data_loader:load_open_db_table:198 - Loaded material_ids.csv: 294 rows, 7 columns
2026-07-26 19:07:59 | INFO     | backend.app.pipeline.data_loader:load_open_db_table:196 - Loading source_ids.csv
2026-07-26 19:07:59 | INFO     | backend.app.pipeline.data_loader:load_open_db_table:198 - Loaded source_ids.csv: 2483 rows, 3 columns
2026-07-26 19:07:59 | INFO     | backend.app.pipeline.data_loader:load_world_commodities:248 - Loading world commodities from C:\Users\soumy\OneDrive\Desktop\Project\World Mining Commodities\world_mining_commodities_clean.csv
2026-07-26 19:07:59 | INFO     | backend.app.pipeline.data_loader:load_world_commodities:250 - Loaded world commodities: 1982 rows
2026-07-26 19:07:59 | INFO     | backend.app.pipeline.data_loader:load_world_companies:256 - Loading world companies from C:\Users\soumy\OneDrive\Desktop\Project\World Mining Commodities\116_world_mining_companies_clean.csv
2026-07-26 19:07:59 | INFO     | backend.app.pipeline.data_loader:load_world_companies:258 - Loaded world companies: 116 rows
2026-07-26 19:07:59 | INFO     | backend.app.pipeline.data_loader:load_commodity_info:264 - Loading commodity info from C:\Users\soumy\OneDrive\Desktop\Project\World Mining Commodities\commodity_info.xlsx
2026-07-26 19:07:59 | INFO     | backend.app.pipeline.data_loader:load_commodity_info:266 - Loaded commodity info: 65 rows
2026-07-26 19:07:59 | INFO     | backend.app.main:lifespan:30 - Datasets loaded successfully
2026-07-26 19:07:59 | ERROR    | uvicorn.lifespan.on:send:134 - Traceback (most recent call last):
  File "C:\Users\soumy\AppData\Local\Programs\Python\Python312\Lib\asyncio\runners.py", line 118, in run
    return self._loop.run_until_complete(task)
           ^^^^^^^^^^^^^^^^^^^^^^^^^^^^^^^^^^^
  File "C:\Users\soumy\AppData\Local\Programs\Python\Python312\Lib\asyncio\base_events.py", line 691, in run_until_complete
    return future.result()
           ^^^^^^^^^^^^^^^
  File "C:\Users\soumy\OneDrive\Desktop\Project\lca_platform\venv\Lib\site-packages\uvicorn\server.py", line 78, in serve
    await self.startup(sockets=sockets)
  File "C:\Users\soumy\OneDrive\Desktop\Project\lca_platform\venv\Lib\site-packages\uvicorn\server.py", line 89, in startup
    await self.lifespan.startup()
  File "C:\Users\soumy\OneDrive\Desktop\Project\lca_platform\venv\Lib\site-packages\uvicorn\lifespan\on.py", line 54, in startup
    await self.startup_event.wait()
  File "C:\Users\soumy\AppData\Local\Programs\Python\Python312\Lib\asyncio\locks.py", line 212, in wait
    await fut
asyncio.exceptions.CancelledError

During handling of the above exception, another exception occurred:

Traceback (most recent call last):
  File "C:\Users\soumy\AppData\Local\Programs\Python\Python312\Lib\asyncio\runners.py", line 195, in run
    return runner.run(main)
           ^^^^^^^^^^^^^^^^
  File "C:\Users\soumy\AppData\Local\Programs\Python\Python312\Lib\asyncio\runners.py", line 123, in run
    raise KeyboardInterrupt()
KeyboardInterrupt

During handling of the above exception, another exception occurred:

Traceback (most recent call last):
  File "C:\Users\soumy\OneDrive\Desktop\Project\lca_platform\venv\Lib\site-packages\starlette\routing.py", line 686, in lifespan
    await receive()
  File "C:\Users\soumy\OneDrive\Desktop\Project\lca_platform\venv\Lib\site-packages\uvicorn\lifespan\on.py", line 137, in receive
    return await self.receive_queue.get()
           ^^^^^^^^^^^^^^^^^^^^^^^^^^^^^^
  File "C:\Users\soumy\AppData\Local\Programs\Python\Python312\Lib\asyncio\queues.py", line 158, in get
    await getter
asyncio.exceptions.CancelledError

2026-07-26 19:08:01 | INFO     | uvicorn.server:serve:76 - Started server process [10884]
2026-07-26 19:08:01 | INFO     | uvicorn.lifespan.on:startup:46 - Waiting for application startup.
2026-07-26 19:08:01 | INFO     | backend.app.main:lifespan:24 - Starting LCA Platform application
2026-07-26 19:08:01 | INFO     | backend.app.main:lifespan:26 - Database initialized
2026-07-26 19:08:01 | INFO     | backend.app.pipeline.data_loader:load_mining_projects:25 - Loading mining projects from C:\Users\soumy\OneDrive\Desktop\Project\Global Rare Earth Elements Projects\mining_projects.csv
2026-07-26 19:08:01 | INFO     | backend.app.pipeline.data_loader:load_mining_projects:89 - Loaded mining projects: 146 rows, 51 columns
2026-07-26 19:08:01 | INFO     | backend.app.pipeline.data_loader:load_factory:95 - Loading factory data from C:\Users\soumy\OneDrive\Desktop\Project\Global Rare Earth Elements Projects\factory.csv
2026-07-26 19:08:01 | INFO     | backend.app.pipeline.data_loader:load_factory:134 - Loaded factory data: 67 rows
2026-07-26 19:08:02 | INFO     | backend.app.pipeline.data_loader:load_facilities_gpkg:182 - Loading facilities from C:\Users\soumy\OneDrive\Desktop\Project\Open Database on Global Coal and Metal Mining\data\facilities.gpkg
2026-07-26 19:08:02 | WARNING  | backend.app.pipeline.data_loader:load_facilities_gpkg:190 - Could not load geopackage: y attribute access only provided for Point geometries. Falling back to CSV approach.
2026-07-26 19:08:02 | INFO     | backend.app.pipeline.data_loader:load_open_db_table:196 - Loading commodities.csv
2026-07-26 19:08:02 | INFO     | backend.app.pipeline.data_loader:load_open_db_table:198 - Loaded commodities.csv: 9426 rows, 16 columns
2026-07-26 19:08:02 | INFO     | backend.app.pipeline.data_loader:load_open_db_table:196 - Loading minerals.csv
2026-07-26 19:08:02 | INFO     | backend.app.pipeline.data_loader:load_open_db_table:198 - Loaded minerals.csv: 12292 rows, 12 columns
2026-07-26 19:08:02 | INFO     | backend.app.pipeline.data_loader:load_open_db_table:196 - Loading coal.csv
2026-07-26 19:08:02 | INFO     | backend.app.pipeline.data_loader:load_open_db_table:198 - Loaded coal.csv: 10478 rows, 10 columns
2026-07-26 19:08:02 | INFO     | backend.app.pipeline.data_loader:load_open_db_table:196 - Loading processing.csv
2026-07-26 19:08:02 | INFO     | backend.app.pipeline.data_loader:load_open_db_table:198 - Loaded processing.csv: 3979 rows, 16 columns
2026-07-26 19:08:02 | INFO     | backend.app.pipeline.data_loader:load_open_db_table:196 - Loading waste.csv
2026-07-26 19:08:02 | INFO     | backend.app.pipeline.data_loader:load_open_db_table:198 - Loaded waste.csv: 1119 rows, 13 columns
2026-07-26 19:08:02 | INFO     | backend.app.pipeline.data_loader:load_open_db_table:196 - Loading transport.csv
2026-07-26 19:08:02 | INFO     | backend.app.pipeline.data_loader:load_open_db_table:198 - Loaded transport.csv: 941 rows, 12 columns
2026-07-26 19:08:02 | INFO     | backend.app.pipeline.data_loader:load_open_db_table:196 - Loading reserves.csv
2026-07-26 19:08:02 | INFO     | backend.app.pipeline.data_loader:load_open_db_table:198 - Loaded reserves.csv: 1039 rows, 10 columns
2026-07-26 19:08:02 | INFO     | backend.app.pipeline.data_loader:load_open_db_table:196 - Loading ownership.csv
2026-07-26 19:08:02 | INFO     | backend.app.pipeline.data_loader:load_open_db_table:198 - Loaded ownership.csv: 699 rows, 7 columns
2026-07-26 19:08:02 | INFO     | backend.app.pipeline.data_loader:load_open_db_table:196 - Loading capacity.csv
2026-07-26 19:08:02 | INFO     | backend.app.pipeline.data_loader:load_open_db_table:198 - Loaded capacity.csv: 163 rows, 8 columns
2026-07-26 19:08:02 | INFO     | backend.app.pipeline.data_loader:load_open_db_table:196 - Loading material_ids.csv
2026-07-26 19:08:02 | INFO     | backend.app.pipeline.data_loader:load_open_db_table:198 - Loaded material_ids.csv: 294 rows, 7 columns
2026-07-26 19:08:02 | INFO     | backend.app.pipeline.data_loader:load_open_db_table:196 - Loading source_ids.csv
2026-07-26 19:08:02 | INFO     | backend.app.pipeline.data_loader:load_open_db_table:198 - Loaded source_ids.csv: 2483 rows, 3 columns
2026-07-26 19:08:02 | INFO     | backend.app.pipeline.data_loader:load_world_commodities:248 - Loading world commodities from C:\Users\soumy\OneDrive\Desktop\Project\World Mining Commodities\world_mining_commodities_clean.csv
2026-07-26 19:08:02 | INFO     | backend.app.pipeline.data_loader:load_world_commodities:250 - Loaded world commodities: 1982 rows
2026-07-26 19:08:02 | INFO     | backend.app.pipeline.data_loader:load_world_companies:256 - Loading world companies from C:\Users\soumy\OneDrive\Desktop\Project\World Mining Commodities\116_world_mining_companies_clean.csv
2026-07-26 19:08:02 | INFO     | backend.app.pipeline.data_loader:load_world_companies:258 - Loaded world companies: 116 rows
2026-07-26 19:08:02 | INFO     | backend.app.pipeline.data_loader:load_commodity_info:264 - Loading commodity info from C:\Users\soumy\OneDrive\Desktop\Project\World Mining Commodities\commodity_info.xlsx
2026-07-26 19:08:02 | INFO     | backend.app.pipeline.data_loader:load_commodity_info:266 - Loaded commodity info: 65 rows
2026-07-26 19:08:02 | INFO     | backend.app.main:lifespan:30 - Datasets loaded successfully
2026-07-26 19:08:02 | INFO     | uvicorn.lifespan.on:startup:60 - Application startup complete.
2026-07-26 19:09:02 | INFO     | uvicorn.server:shutdown:264 - Shutting down
2026-07-26 19:09:02 | INFO     | uvicorn.lifespan.on:shutdown:65 - Waiting for application shutdown.
2026-07-26 19:09:02 | INFO     | backend.app.main:lifespan:34 - Shutting down LCA Platform application
2026-07-26 19:09:02 | INFO     | uvicorn.lifespan.on:shutdown:76 - Application shutdown complete.
2026-07-26 19:09:02 | INFO     | uvicorn.server:serve:86 - Finished server process [10884]
2026-07-26 19:09:06 | INFO     | uvicorn.server:serve:76 - Started server process [9040]
2026-07-26 19:09:06 | INFO     | uvicorn.lifespan.on:startup:46 - Waiting for application startup.
2026-07-26 19:09:06 | INFO     | backend.app.main:lifespan:24 - Starting LCA Platform application
2026-07-26 19:09:06 | INFO     | backend.app.main:lifespan:26 - Database initialized
2026-07-26 19:09:06 | INFO     | backend.app.pipeline.data_loader:load_mining_projects:25 - Loading mining projects from C:\Users\soumy\OneDrive\Desktop\Project\Global Rare Earth Elements Projects\mining_projects.csv
2026-07-26 19:09:06 | INFO     | backend.app.pipeline.data_loader:load_mining_projects:89 - Loaded mining projects: 146 rows, 51 columns
2026-07-26 19:09:06 | INFO     | backend.app.pipeline.data_loader:load_factory:95 - Loading factory data from C:\Users\soumy\OneDrive\Desktop\Project\Global Rare Earth Elements Projects\factory.csv
2026-07-26 19:09:06 | INFO     | backend.app.pipeline.data_loader:load_factory:134 - Loaded factory data: 67 rows
2026-07-26 19:09:06 | INFO     | backend.app.pipeline.data_loader:load_facilities_gpkg:182 - Loading facilities from C:\Users\soumy\OneDrive\Desktop\Project\Open Database on Global Coal and Metal Mining\data\facilities.gpkg
2026-07-26 19:09:06 | WARNING  | backend.app.pipeline.data_loader:load_facilities_gpkg:190 - Could not load geopackage: y attribute access only provided for Point geometries. Falling back to CSV approach.
2026-07-26 19:09:06 | INFO     | backend.app.pipeline.data_loader:load_open_db_table:196 - Loading commodities.csv
2026-07-26 19:09:06 | INFO     | backend.app.pipeline.data_loader:load_open_db_table:198 - Loaded commodities.csv: 9426 rows, 16 columns
2026-07-26 19:09:06 | INFO     | backend.app.pipeline.data_loader:load_open_db_table:196 - Loading minerals.csv
2026-07-26 19:09:06 | INFO     | backend.app.pipeline.data_loader:load_open_db_table:198 - Loaded minerals.csv: 12292 rows, 12 columns
2026-07-26 19:09:06 | INFO     | backend.app.pipeline.data_loader:load_open_db_table:196 - Loading coal.csv
2026-07-26 19:09:06 | INFO     | backend.app.pipeline.data_loader:load_open_db_table:198 - Loaded coal.csv: 10478 rows, 10 columns
2026-07-26 19:09:06 | INFO     | backend.app.pipeline.data_loader:load_open_db_table:196 - Loading processing.csv
2026-07-26 19:09:06 | INFO     | backend.app.pipeline.data_loader:load_open_db_table:198 - Loaded processing.csv: 3979 rows, 16 columns
2026-07-26 19:09:06 | INFO     | backend.app.pipeline.data_loader:load_open_db_table:196 - Loading waste.csv
2026-07-26 19:09:06 | INFO     | backend.app.pipeline.data_loader:load_open_db_table:198 - Loaded waste.csv: 1119 rows, 13 columns
2026-07-26 19:09:06 | INFO     | backend.app.pipeline.data_loader:load_open_db_table:196 - Loading transport.csv
2026-07-26 19:09:06 | INFO     | backend.app.pipeline.data_loader:load_open_db_table:198 - Loaded transport.csv: 941 rows, 12 columns
2026-07-26 19:09:06 | INFO     | backend.app.pipeline.data_loader:load_open_db_table:196 - Loading reserves.csv
2026-07-26 19:09:06 | INFO     | backend.app.pipeline.data_loader:load_open_db_table:198 - Loaded reserves.csv: 1039 rows, 10 columns
2026-07-26 19:09:06 | INFO     | backend.app.pipeline.data_loader:load_open_db_table:196 - Loading ownership.csv
2026-07-26 19:09:06 | INFO     | backend.app.pipeline.data_loader:load_open_db_table:198 - Loaded ownership.csv: 699 rows, 7 columns
2026-07-26 19:09:06 | INFO     | backend.app.pipeline.data_loader:load_open_db_table:196 - Loading capacity.csv
2026-07-26 19:09:06 | INFO     | backend.app.pipeline.data_loader:load_open_db_table:198 - Loaded capacity.csv: 163 rows, 8 columns
2026-07-26 19:09:06 | INFO     | backend.app.pipeline.data_loader:load_open_db_table:196 - Loading material_ids.csv
2026-07-26 19:09:06 | INFO     | backend.app.pipeline.data_loader:load_open_db_table:198 - Loaded material_ids.csv: 294 rows, 7 columns
2026-07-26 19:09:06 | INFO     | backend.app.pipeline.data_loader:load_open_db_table:196 - Loading source_ids.csv
2026-07-26 19:09:06 | INFO     | backend.app.pipeline.data_loader:load_open_db_table:198 - Loaded source_ids.csv: 2483 rows, 3 columns
2026-07-26 19:09:06 | INFO     | backend.app.pipeline.data_loader:load_world_commodities:248 - Loading world commodities from C:\Users\soumy\OneDrive\Desktop\Project\World Mining Commodities\world_mining_commodities_clean.csv
2026-07-26 19:09:06 | INFO     | backend.app.pipeline.data_loader:load_world_commodities:250 - Loaded world commodities: 1982 rows
2026-07-26 19:09:06 | INFO     | backend.app.pipeline.data_loader:load_world_companies:256 - Loading world companies from C:\Users\soumy\OneDrive\Desktop\Project\World Mining Commodities\116_world_mining_companies_clean.csv
2026-07-26 19:09:06 | INFO     | backend.app.pipeline.data_loader:load_world_companies:258 - Loaded world companies: 116 rows
2026-07-26 19:09:06 | INFO     | backend.app.pipeline.data_loader:load_commodity_info:264 - Loading commodity info from C:\Users\soumy\OneDrive\Desktop\Project\World Mining Commodities\commodity_info.xlsx
2026-07-26 19:09:06 | INFO     | backend.app.pipeline.data_loader:load_commodity_info:266 - Loaded commodity info: 65 rows
2026-07-26 19:09:06 | INFO     | backend.app.main:lifespan:30 - Datasets loaded successfully
2026-07-26 19:09:06 | INFO     | uvicorn.lifespan.on:startup:60 - Application startup complete.
2026-07-26 19:09:10 | DEBUG    | backend.app.main:log_requests:58 - GET / -> 200 (0.001s)
2026-07-26 19:09:10 | INFO     | uvicorn.protocols.http.httptools_impl:send:496 - 127.0.0.1:53554 - "GET / HTTP/1.1" 200
2026-07-26 19:09:10 | DEBUG    | backend.app.main:log_requests:58 - GET /static/js/api.js -> 304 (0.002s)
2026-07-26 19:09:10 | INFO     | uvicorn.protocols.http.httptools_impl:send:496 - 127.0.0.1:53554 - "GET /js/api.js HTTP/1.1" 304
2026-07-26 19:09:10 | DEBUG    | backend.app.main:log_requests:58 - GET /static/js/app.js -> 200 (0.005s)
2026-07-26 19:09:10 | INFO     | uvicorn.protocols.http.httptools_impl:send:496 - 127.0.0.1:49671 - "GET /js/app.js HTTP/1.1" 200
2026-07-26 19:09:10 | DEBUG    | backend.app.main:log_requests:58 - GET /api/v1/health -> 404 (0.001s)
2026-07-26 19:09:10 | INFO     | uvicorn.protocols.http.httptools_impl:send:496 - 127.0.0.1:53554 - "GET /api/v1/health HTTP/1.1" 404
2026-07-26 19:09:10 | DEBUG    | backend.app.main:log_requests:58 - GET /api/v1/reports/ -> 200 (0.007s)
2026-07-26 19:09:10 | INFO     | uvicorn.protocols.http.httptools_impl:send:496 - 127.0.0.1:49671 - "GET /api/v1/reports/ HTTP/1.1" 200
2026-07-26 19:09:11 | INFO     | backend.app.services.dashboard_service:get_dashboard_data:13 - Building dashboard data
2026-07-26 19:09:11 | INFO     | backend.app.ml.models.base:load:49 - Loaded model hree_predictor
2026-07-26 19:09:11 | INFO     | backend.app.ml.models.base:load:49 - Loaded model deposit_classifier
2026-07-26 19:09:11 | INFO     | backend.app.ml.models.base:load:49 - Loaded model resource_estimator
2026-07-26 19:09:12 | INFO     | backend.app.ml.models.base:load:49 - Loaded model dy_predictor
2026-07-26 19:09:12 | DEBUG    | backend.app.main:log_requests:58 - GET /api/v1/dashboard/ -> 200 (0.225s)
2026-07-26 19:09:12 | INFO     | uvicorn.protocols.http.httptools_impl:send:496 - 127.0.0.1:49671 - "GET /api/v1/dashboard/ HTTP/1.1" 200
2026-07-26 19:09:21 | DEBUG    | backend.app.main:log_requests:58 - GET /api/v1/datasets/ -> 200 (0.076s)
2026-07-26 19:09:21 | INFO     | uvicorn.protocols.http.httptools_impl:send:496 - 127.0.0.1:59068 - "GET /api/v1/datasets/ HTTP/1.1" 200
2026-07-26 19:09:25 | INFO     | backend.app.ml.models.base:load:49 - Loaded model hree_predictor
2026-07-26 19:09:25 | INFO     | backend.app.ml.models.base:load:49 - Loaded model deposit_classifier
2026-07-26 19:09:25 | INFO     | backend.app.ml.models.base:load:49 - Loaded model resource_estimator
2026-07-26 19:09:25 | INFO     | backend.app.ml.models.base:load:49 - Loaded model dy_predictor
2026-07-26 19:09:25 | DEBUG    | backend.app.main:log_requests:58 - GET /api/v1/predictions/metrics -> 200 (0.077s)
2026-07-26 19:09:25 | INFO     | uvicorn.protocols.http.httptools_impl:send:496 - 127.0.0.1:59068 - "GET /api/v1/predictions/metrics HTTP/1.1" 200
2026-07-26 19:09:25 | DEBUG    | backend.app.main:log_requests:58 - GET /api/v1/predictions/history -> 200 (0.001s)
2026-07-26 19:09:25 | INFO     | uvicorn.protocols.http.httptools_impl:send:496 - 127.0.0.1:59068 - "GET /api/v1/predictions/history?limit=10 HTTP/1.1" 200
2026-07-26 19:09:32 | DEBUG    | backend.app.main:log_requests:58 - GET /api/v1/environmental/ore-types -> 200 (0.003s)
2026-07-26 19:09:32 | INFO     | uvicorn.protocols.http.httptools_impl:send:496 - 127.0.0.1:53334 - "GET /api/v1/environmental/ore-types HTTP/1.1" 200
2026-07-26 19:09:32 | DEBUG    | backend.app.main:log_requests:58 - GET /api/v1/environmental/benchmarks -> 200 (0.004s)
2026-07-26 19:09:32 | INFO     | uvicorn.protocols.http.httptools_impl:send:496 - 127.0.0.1:53334 - "GET /api/v1/environmental/benchmarks HTTP/1.1" 200
2026-07-26 19:09:36 | DEBUG    | backend.app.main:log_requests:58 - GET /api/v1/circularity/ore-types -> 200 (0.001s)
2026-07-26 19:09:36 | INFO     | uvicorn.protocols.http.httptools_impl:send:496 - 127.0.0.1:53334 - "GET /api/v1/circularity/ore-types HTTP/1.1" 200
2026-07-26 19:09:38 | DEBUG    | backend.app.main:log_requests:58 - GET /api/v1/circularity/ore-types -> 200 (0.002s)
2026-07-26 19:09:38 | INFO     | uvicorn.protocols.http.httptools_impl:send:496 - 127.0.0.1:53334 - "GET /api/v1/circularity/ore-types HTTP/1.1" 200
2026-07-26 19:09:39 | DEBUG    | backend.app.main:log_requests:58 - GET /api/v1/reports/ -> 200 (0.003s)
2026-07-26 19:09:39 | INFO     | uvicorn.protocols.http.httptools_impl:send:496 - 127.0.0.1:53334 - "GET /api/v1/reports/ HTTP/1.1" 200
2026-07-26 19:09:40 | DEBUG    | backend.app.main:log_requests:58 - GET /api/v1/circularity/ore-types -> 200 (0.001s)
2026-07-26 19:09:40 | INFO     | uvicorn.protocols.http.httptools_impl:send:496 - 127.0.0.1:53334 - "GET /api/v1/circularity/ore-types HTTP/1.1" 200
2026-07-26 19:09:42 | DEBUG    | backend.app.main:log_requests:58 - GET /api/v1/reports/ -> 200 (0.007s)
2026-07-26 19:09:42 | INFO     | uvicorn.protocols.http.httptools_impl:send:496 - 127.0.0.1:53334 - "GET /api/v1/reports/ HTTP/1.1" 200
2026-07-26 19:09:44 | DEBUG    | backend.app.main:log_requests:58 - GET /api/v1/dashboard/data-counts -> 200 (0.010s)
2026-07-26 19:09:44 | INFO     | uvicorn.protocols.http.httptools_impl:send:496 - 127.0.0.1:53334 - "GET /api/v1/dashboard/data-counts HTTP/1.1" 200
2026-07-26 19:09:55 | DEBUG    | backend.app.main:log_requests:58 - POST /api/v1/auth/login -> 200 (0.046s)
2026-07-26 19:09:55 | INFO     | uvicorn.protocols.http.httptools_impl:send:496 - 127.0.0.1:50667 - "POST /api/v1/auth/login HTTP/1.1" 200
2026-07-26 19:09:55 | INFO     | backend.app.services.dashboard_service:get_dashboard_data:13 - Building dashboard data
2026-07-26 19:09:55 | INFO     | backend.app.ml.models.base:load:49 - Loaded model hree_predictor
2026-07-26 19:09:55 | INFO     | backend.app.ml.models.base:load:49 - Loaded model deposit_classifier
2026-07-26 19:09:55 | INFO     | backend.app.ml.models.base:load:49 - Loaded model resource_estimator
2026-07-26 19:09:55 | INFO     | backend.app.ml.models.base:load:49 - Loaded model dy_predictor
2026-07-26 19:09:55 | DEBUG    | backend.app.main:log_requests:58 - GET /api/v1/dashboard/ -> 200 (0.144s)
2026-07-26 19:09:55 | INFO     | uvicorn.protocols.http.httptools_impl:send:496 - 127.0.0.1:50667 - "GET /api/v1/dashboard/ HTTP/1.1" 200
2026-07-26 19:10:13 | DEBUG    | backend.app.main:log_requests:58 - GET /api/v1/datasets/ -> 200 (0.074s)
2026-07-26 19:10:13 | INFO     | uvicorn.protocols.http.httptools_impl:send:496 - 127.0.0.1:59683 - "GET /api/v1/datasets/ HTTP/1.1" 200
2026-07-26 19:10:17 | INFO     | backend.app.ml.models.base:load:49 - Loaded model hree_predictor
2026-07-26 19:10:17 | INFO     | backend.app.ml.models.base:load:49 - Loaded model deposit_classifier
2026-07-26 19:10:17 | INFO     | backend.app.ml.models.base:load:49 - Loaded model resource_estimator
2026-07-26 19:10:17 | INFO     | backend.app.ml.models.base:load:49 - Loaded model dy_predictor
2026-07-26 19:10:17 | DEBUG    | backend.app.main:log_requests:58 - GET /api/v1/predictions/metrics -> 200 (0.074s)
2026-07-26 19:10:17 | INFO     | uvicorn.protocols.http.httptools_impl:send:496 - 127.0.0.1:59683 - "GET /api/v1/predictions/metrics HTTP/1.1" 200
2026-07-26 19:10:17 | DEBUG    | backend.app.main:log_requests:58 - GET /api/v1/predictions/history -> 200 (0.002s)
2026-07-26 19:10:17 | INFO     | uvicorn.protocols.http.httptools_impl:send:496 - 127.0.0.1:59683 - "GET /api/v1/predictions/history?limit=10 HTTP/1.1" 200
2026-07-26 19:10:27 | INFO     | backend.app.services.prediction_service:train_all_models:27 - Training all models
2026-07-26 19:10:27 | INFO     | backend.app.pipeline.preprocessor:fit_transform:25 - Preprocessing mining projects data
2026-07-26 19:10:27 | INFO     | backend.app.pipeline.preprocessor:fit_transform:31 - Filtered to 65 projects with >=10 REE oxide values
2026-07-26 19:10:27 | INFO     | backend.app.pipeline.preprocessor:fit_transform:86 - Preprocessing complete: X shape=(65, 19), features=['log_resource', 'grade_pct', 'continent_encoded', 'deposit_type_encoded', 'La2O3_norm', 'Ce2O3_norm', 'Pr6O11_norm', 'Nd2O3_norm', 'Sm2O3_norm', 'Eu2O3_norm', 'Gd2O3_norm', 'Tb4O7_norm', 'Dy2O3_norm', 'Ho2O3_norm', 'Er2O3_norm', 'Tm2O3_norm', 'Yb2O3_norm', 'Lu2O3_norm', 'Y2O3_norm']
2026-07-26 19:10:27 | INFO     | backend.app.ml.models.base:train:69 - Training HREE Predictor
2026-07-26 19:10:28 | INFO     | backend.app.ml.models.base:save:36 - Saved model hree_predictor to backend\models\hree_predictor
2026-07-26 19:10:28 | INFO     | backend.app.ml.models.base:train:99 - HREE Predictor trained: R2=0.9460, RMSE=7.5012
2026-07-26 19:10:28 | INFO     | backend.app.ml.models.base:train:122 - Training Deposit Classifier
2026-07-26 19:10:28 | INFO     | backend.app.ml.models.base:save:36 - Saved model deposit_classifier to backend\models\deposit_classifier
2026-07-26 19:10:28 | INFO     | backend.app.ml.models.base:train:161 - Deposit Classifier trained: Accuracy=0.7692
2026-07-26 19:10:28 | INFO     | backend.app.ml.models.base:train:185 - Training Resource Estimator
2026-07-26 19:10:30 | INFO     | backend.app.ml.models.base:save:36 - Saved model resource_estimator to backend\models\resource_estimator
2026-07-26 19:10:30 | INFO     | backend.app.ml.models.base:train:214 - Resource Estimator trained: R2=0.9909
2026-07-26 19:10:30 | INFO     | backend.app.ml.models.base:train:238 - Training Dy2O3 Predictor
2026-07-26 19:10:31 | INFO     | backend.app.ml.models.base:save:36 - Saved model dy_predictor to backend\models\dy_predictor
2026-07-26 19:10:31 | INFO     | backend.app.ml.models.base:train:268 - Dy2O3 Predictor trained: R2=0.8486
2026-07-26 19:10:31 | INFO     | backend.app.ml.models.base:load:49 - Loaded model hree_predictor
2026-07-26 19:10:31 | INFO     | backend.app.ml.models.base:load:49 - Loaded model deposit_classifier
2026-07-26 19:10:31 | INFO     | backend.app.ml.models.base:load:49 - Loaded model resource_estimator
2026-07-26 19:10:31 | INFO     | backend.app.ml.models.base:load:49 - Loaded model dy_predictor
2026-07-26 19:10:31 | INFO     | backend.app.services.prediction_service:train_all_models:78 - All models trained: ['hree_predictor', 'deposit_classifier', 'resource_estimator', 'dy_predictor']
2026-07-26 19:10:31 | DEBUG    | backend.app.main:log_requests:58 - POST /api/v1/predictions/train -> 200 (4.151s)
2026-07-26 19:10:31 | INFO     | uvicorn.protocols.http.httptools_impl:send:496 - 127.0.0.1:55122 - "POST /api/v1/predictions/train HTTP/1.1" 200
2026-07-26 19:10:31 | INFO     | backend.app.ml.models.base:load:49 - Loaded model hree_predictor
2026-07-26 19:10:31 | INFO     | backend.app.ml.models.base:load:49 - Loaded model deposit_classifier
2026-07-26 19:10:31 | INFO     | backend.app.ml.models.base:load:49 - Loaded model resource_estimator
2026-07-26 19:10:31 | INFO     | backend.app.ml.models.base:load:49 - Loaded model dy_predictor
2026-07-26 19:10:31 | DEBUG    | backend.app.main:log_requests:58 - GET /api/v1/predictions/metrics -> 200 (0.075s)
2026-07-26 19:10:31 | INFO     | uvicorn.protocols.http.httptools_impl:send:496 - 127.0.0.1:55122 - "GET /api/v1/predictions/metrics HTTP/1.1" 200
2026-07-26 19:10:38 | INFO     | backend.app.services.dashboard_service:get_dashboard_data:13 - Building dashboard data
2026-07-26 19:10:38 | INFO     | backend.app.ml.models.base:load:49 - Loaded model hree_predictor
2026-07-26 19:10:38 | INFO     | backend.app.ml.models.base:load:49 - Loaded model deposit_classifier
2026-07-26 19:10:38 | INFO     | backend.app.ml.models.base:load:49 - Loaded model resource_estimator
2026-07-26 19:10:38 | INFO     | backend.app.ml.models.base:load:49 - Loaded model dy_predictor
2026-07-26 19:10:38 | DEBUG    | backend.app.main:log_requests:58 - GET /api/v1/dashboard/ -> 200 (0.157s)
2026-07-26 19:10:38 | INFO     | uvicorn.protocols.http.httptools_impl:send:496 - 127.0.0.1:52150 - "GET /api/v1/dashboard/ HTTP/1.1" 200
2026-07-26 19:10:41 | DEBUG    | backend.app.main:log_requests:58 - GET /api/v1/datasets/ -> 200 (0.075s)
2026-07-26 19:10:41 | INFO     | uvicorn.protocols.http.httptools_impl:send:496 - 127.0.0.1:52150 - "GET /api/v1/datasets/ HTTP/1.1" 200
2026-07-26 19:10:43 | DEBUG    | backend.app.main:log_requests:58 - GET /api/v1/predictions/history -> 200 (0.004s)
2026-07-26 19:10:43 | INFO     | uvicorn.protocols.http.httptools_impl:send:496 - 127.0.0.1:50060 - "GET /api/v1/predictions/history?limit=10 HTTP/1.1" 200
2026-07-26 19:10:43 | INFO     | backend.app.ml.models.base:load:49 - Loaded model hree_predictor
2026-07-26 19:10:43 | INFO     | backend.app.ml.models.base:load:49 - Loaded model deposit_classifier
2026-07-26 19:10:43 | INFO     | backend.app.ml.models.base:load:49 - Loaded model resource_estimator
2026-07-26 19:10:43 | INFO     | backend.app.ml.models.base:load:49 - Loaded model dy_predictor
2026-07-26 19:10:43 | DEBUG    | backend.app.main:log_requests:58 - GET /api/v1/predictions/metrics -> 200 (0.078s)
2026-07-26 19:10:43 | INFO     | uvicorn.protocols.http.httptools_impl:send:496 - 127.0.0.1:52150 - "GET /api/v1/predictions/metrics HTTP/1.1" 200
2026-07-26 19:10:52 | DEBUG    | backend.app.main:log_requests:58 - GET /api/v1/environmental/ore-types -> 200 (0.001s)
2026-07-26 19:10:52 | INFO     | uvicorn.protocols.http.httptools_impl:send:496 - 127.0.0.1:53717 - "GET /api/v1/environmental/ore-types HTTP/1.1" 200
2026-07-26 19:10:52 | DEBUG    | backend.app.main:log_requests:58 - GET /api/v1/environmental/benchmarks -> 200 (0.002s)
2026-07-26 19:10:52 | INFO     | uvicorn.protocols.http.httptools_impl:send:496 - 127.0.0.1:53717 - "GET /api/v1/environmental/benchmarks HTTP/1.1" 200
2026-07-26 19:10:53 | DEBUG    | backend.app.main:log_requests:58 - GET /api/v1/circularity/ore-types -> 200 (0.000s)
2026-07-26 19:10:53 | INFO     | uvicorn.protocols.http.httptools_impl:send:496 - 127.0.0.1:53717 - "GET /api/v1/circularity/ore-types HTTP/1.1" 200
2026-07-26 19:10:55 | DEBUG    | backend.app.main:log_requests:58 - GET /api/v1/circularity/ore-types -> 200 (0.000s)
2026-07-26 19:10:55 | INFO     | uvicorn.protocols.http.httptools_impl:send:496 - 127.0.0.1:53717 - "GET /api/v1/circularity/ore-types HTTP/1.1" 200
2026-07-26 19:10:55 | DEBUG    | backend.app.main:log_requests:58 - GET /api/v1/reports/ -> 200 (0.002s)
2026-07-26 19:10:55 | INFO     | uvicorn.protocols.http.httptools_impl:send:496 - 127.0.0.1:53717 - "GET /api/v1/reports/ HTTP/1.1" 200
2026-07-26 19:10:58 | DEBUG    | backend.app.main:log_requests:58 - GET /api/v1/dashboard/data-counts -> 200 (0.007s)
2026-07-26 19:10:58 | INFO     | uvicorn.protocols.http.httptools_impl:send:496 - 127.0.0.1:53717 - "GET /api/v1/dashboard/data-counts HTTP/1.1" 200
2026-07-26 19:16:49 | DEBUG    | backend.app.main:log_requests:58 - GET / -> 200 (0.002s)
2026-07-26 19:16:49 | INFO     | uvicorn.protocols.http.httptools_impl:send:496 - 127.0.0.1:60524 - "GET / HTTP/1.1" 200
2026-07-26 19:16:49 | DEBUG    | backend.app.main:log_requests:58 - GET /static/css/style.css -> 304 (0.003s)
2026-07-26 19:16:49 | INFO     | uvicorn.protocols.http.httptools_impl:send:496 - 127.0.0.1:60524 - "GET /css/style.css HTTP/1.1" 304
2026-07-26 19:16:49 | DEBUG    | backend.app.main:log_requests:58 - GET /static/js/api.js -> 304 (0.005s)
2026-07-26 19:16:49 | INFO     | uvicorn.protocols.http.httptools_impl:send:496 - 127.0.0.1:63542 - "GET /js/api.js HTTP/1.1" 304
2026-07-26 19:16:49 | DEBUG    | backend.app.main:log_requests:58 - GET /static/js/charts.js -> 304 (0.003s)
2026-07-26 19:16:49 | INFO     | uvicorn.protocols.http.httptools_impl:send:496 - 127.0.0.1:60524 - "GET /js/charts.js HTTP/1.1" 304
2026-07-26 19:16:49 | DEBUG    | backend.app.main:log_requests:58 - GET /static/js/app.js -> 200 (0.002s)
2026-07-26 19:16:49 | INFO     | uvicorn.protocols.http.httptools_impl:send:496 - 127.0.0.1:63542 - "GET /js/app.js HTTP/1.1" 200
2026-07-26 19:16:49 | DEBUG    | backend.app.main:log_requests:58 - GET /api/v1/health -> 404 (0.001s)
2026-07-26 19:16:49 | INFO     | uvicorn.protocols.http.httptools_impl:send:496 - 127.0.0.1:63542 - "GET /api/v1/health HTTP/1.1" 404
2026-07-26 19:17:44 | DEBUG    | backend.app.main:log_requests:58 - GET / -> 200 (0.003s)
2026-07-26 19:17:44 | INFO     | uvicorn.protocols.http.httptools_impl:send:496 - 127.0.0.1:53661 - "GET / HTTP/1.1" 200
2026-07-26 19:17:44 | DEBUG    | backend.app.main:log_requests:58 - GET /static/js/app.js -> 304 (0.002s)
2026-07-26 19:17:44 | INFO     | uvicorn.protocols.http.httptools_impl:send:496 - 127.0.0.1:53661 - "GET /js/app.js HTTP/1.1" 304
2026-07-26 19:17:44 | DEBUG    | backend.app.main:log_requests:58 - GET /api/v1/health -> 404 (0.000s)
2026-07-26 19:17:44 | INFO     | uvicorn.protocols.http.httptools_impl:send:496 - 127.0.0.1:53661 - "GET /api/v1/health HTTP/1.1" 404
2026-07-26 19:17:46 | DEBUG    | backend.app.main:log_requests:58 - GET / -> 200 (0.000s)
2026-07-26 19:17:46 | INFO     | uvicorn.protocols.http.httptools_impl:send:496 - 127.0.0.1:53661 - "GET / HTTP/1.1" 200
2026-07-26 19:17:46 | DEBUG    | backend.app.main:log_requests:58 - GET /api/v1/health -> 404 (0.000s)
2026-07-26 19:17:46 | INFO     | uvicorn.protocols.http.httptools_impl:send:496 - 127.0.0.1:53661 - "GET /api/v1/health HTTP/1.1" 404
2026-07-26 19:17:47 | DEBUG    | backend.app.main:log_requests:58 - GET / -> 200 (0.001s)
2026-07-26 19:17:47 | INFO     | uvicorn.protocols.http.httptools_impl:send:496 - 127.0.0.1:53661 - "GET / HTTP/1.1" 200
2026-07-26 19:17:47 | DEBUG    | backend.app.main:log_requests:58 - GET /api/v1/health -> 404 (0.000s)
2026-07-26 19:17:47 | INFO     | uvicorn.protocols.http.httptools_impl:send:496 - 127.0.0.1:53661 - "GET /api/v1/health HTTP/1.1" 404
2026-07-26 19:18:04 | INFO     | uvicorn.server:shutdown:264 - Shutting down
2026-07-26 19:18:04 | INFO     | uvicorn.lifespan.on:shutdown:65 - Waiting for application shutdown.
2026-07-26 19:18:04 | INFO     | backend.app.main:lifespan:34 - Shutting down LCA Platform application
2026-07-26 19:18:04 | INFO     | uvicorn.lifespan.on:shutdown:76 - Application shutdown complete.
2026-07-26 19:18:04 | INFO     | uvicorn.server:serve:86 - Finished server process [9040]
