2026-07-26 18:00:53 | ERROR    | backend.app.pipeline.data_loader:load_all_datasets:289 - Failed to load factory: could not convert string to float: '.'
2026-07-26 18:01:11 | ERROR    | backend.app.pipeline.data_loader:load_all_datasets:289 - Failed to load factory: could not convert string to float: '.'
2026-07-26 18:01:12 | ERROR    | uvicorn.server:startup:170 - [Errno 10048] error while attempting to bind on address ('0.0.0.0', 8000): [winerror 10048] only one usage of each socket address (protocol/network address/port) is normally permitted
2026-07-26 18:01:30 | ERROR    | uvicorn.protocols.http.httptools_impl:run_asgi:406 - Exception in ASGI application

Traceback (most recent call last):

  File "<frozen runpy>", line 198, in _run_module_as_main
  File "<frozen runpy>", line 88, in _run_code
  File "C:\Users\soumy\AppData\Local\Programs\Python\Python312\Lib\site-packages\uvicorn\__main__.py", line 4, in <module>
    uvicorn.main()
    │       └ <Command main>
    └ <module 'uvicorn' from 'C:\\Users\\soumy\\AppData\\Local\\Programs\\Python\\Python312\\Lib\\site-packages\\uvicorn\\__init__....
  File "C:\Users\soumy\AppData\Local\Programs\Python\Python312\Lib\site-packages\click\core.py", line 1485, in __call__
    return self.main(*args, **kwargs)
           │    │     │       └ {}
           │    │     └ ()
           │    └ <function Command.main at 0x0000027903EC7600>
           └ <Command main>
  File "C:\Users\soumy\AppData\Local\Programs\Python\Python312\Lib\site-packages\click\core.py", line 1406, in main
    rv = self.invoke(ctx)
         │    │      └ <click.core.Context object at 0x0000027903F0CA40>
         │    └ <function Command.invoke at 0x0000027903EC72E0>
         └ <Command main>
  File "C:\Users\soumy\AppData\Local\Programs\Python\Python312\Lib\site-packages\click\core.py", line 1269, in invoke
    return ctx.invoke(self.callback, **ctx.params)
           │   │      │    │           │   └ {'host': '0.0.0.0', 'port': 8000, 'app': 'backend.app.main:app', 'uds': None, 'fd': None, 'reload': False, 'reload_dirs': (),...
           │   │      │    │           └ <click.core.Context object at 0x0000027903F0CA40>
           │   │      │    └ <function main at 0x0000027904152FC0>
           │   │      └ <Command main>
           │   └ <function Context.invoke at 0x0000027903EC6520>
           └ <click.core.Context object at 0x0000027903F0CA40>
  File "C:\Users\soumy\AppData\Local\Programs\Python\Python312\Lib\site-packages\click\core.py", line 824, in invoke
    return callback(*args, **kwargs)
           │         │       └ {'host': '0.0.0.0', 'port': 8000, 'app': 'backend.app.main:app', 'uds': None, 'fd': None, 'reload': False, 'reload_dirs': (),...
           │         └ ()
           └ <function main at 0x0000027904152FC0>
  File "C:\Users\soumy\AppData\Local\Programs\Python\Python312\Lib\site-packages\uvicorn\main.py", line 410, in main
    run(
    └ <function run at 0x0000027903EFA840>
  File "C:\Users\soumy\AppData\Local\Programs\Python\Python312\Lib\site-packages\uvicorn\main.py", line 577, in run
    server.run()
    │      └ <function Server.run at 0x0000027903F9DEE0>
    └ <uvicorn.server.Server object at 0x0000027904155E80>
  File "C:\Users\soumy\AppData\Local\Programs\Python\Python312\Lib\site-packages\uvicorn\server.py", line 65, in run
    return asyncio.run(self.serve(sockets=sockets))
           │       │   │    │             └ None
           │       │   │    └ <function Server.serve at 0x0000027903F9DF80>
           │       │   └ <uvicorn.server.Server object at 0x0000027904155E80>
           │       └ <function run at 0x0000027901AB6D40>
           └ <module 'asyncio' from 'C:\\Users\\soumy\\AppData\\Local\\Programs\\Python\\Python312\\Lib\\asyncio\\__init__.py'>
  File "C:\Users\soumy\AppData\Local\Programs\Python\Python312\Lib\asyncio\runners.py", line 195, in run
    return runner.run(main)
           │      │   └ <coroutine object Server.serve at 0x0000027904123A00>
           │      └ <function Runner.run at 0x00000279038013A0>
           └ <asyncio.runners.Runner object at 0x0000027903EAF740>
  File "C:\Users\soumy\AppData\Local\Programs\Python\Python312\Lib\asyncio\runners.py", line 118, in run
    return self._loop.run_until_complete(task)
           │    │     │                  └ <Task pending name='Task-1' coro=<Server.serve() running at C:\Users\soumy\AppData\Local\Programs\Python\Python312\Lib\site-p...
           │    │     └ <function BaseEventLoop.run_until_complete at 0x00000279037FEFC0>
           │    └ <ProactorEventLoop running=True closed=False debug=False>
           └ <asyncio.runners.Runner object at 0x0000027903EAF740>
  File "C:\Users\soumy\AppData\Local\Programs\Python\Python312\Lib\asyncio\base_events.py", line 678, in run_until_complete
    self.run_forever()
    │    └ <function ProactorEventLoop.run_forever at 0x00000279038B2B60>
    └ <ProactorEventLoop running=True closed=False debug=False>
  File "C:\Users\soumy\AppData\Local\Programs\Python\Python312\Lib\asyncio\windows_events.py", line 322, in run_forever
    super().run_forever()
  File "C:\Users\soumy\AppData\Local\Programs\Python\Python312\Lib\asyncio\base_events.py", line 645, in run_forever
    self._run_once()
    │    └ <function BaseEventLoop._run_once at 0x0000027903800D60>
    └ <ProactorEventLoop running=True closed=False debug=False>
  File "C:\Users\soumy\AppData\Local\Programs\Python\Python312\Lib\asyncio\base_events.py", line 1999, in _run_once
    handle._run()
    │      └ <function Handle._run at 0x0000027903742DE0>
    └ <Handle Task.task_wakeup(<Future finished result=None>)>
  File "C:\Users\soumy\AppData\Local\Programs\Python\Python312\Lib\asyncio\events.py", line 88, in _run
    self._context.run(self._callback, *self._args)
    │    │            │    │           │    └ <member '_args' of 'Handle' objects>
    │    │            │    │           └ <Handle Task.task_wakeup(<Future finished result=None>)>
    │    │            │    └ <member '_callback' of 'Handle' objects>
    │    │            └ <Handle Task.task_wakeup(<Future finished result=None>)>
    │    └ <member '_context' of 'Handle' objects>
    └ <Handle Task.task_wakeup(<Future finished result=None>)>
> File "C:\Users\soumy\AppData\Local\Programs\Python\Python312\Lib\site-packages\uvicorn\protocols\http\httptools_impl.py", line 401, in run_asgi
    result = await app(  # type: ignore[func-returns-value]
                   └ <uvicorn.middleware.proxy_headers.ProxyHeadersMiddleware object at 0x000002790409E300>
  File "C:\Users\soumy\AppData\Local\Programs\Python\Python312\Lib\site-packages\uvicorn\middleware\proxy_headers.py", line 70, in __call__
    return await self.app(scope, receive, send)
                 │    │   │      │        └ <bound method RequestResponseCycle.send of <uvicorn.protocols.http.httptools_impl.RequestResponseCycle object at 0x0000027939...
                 │    │   │      └ <bound method RequestResponseCycle.receive of <uvicorn.protocols.http.httptools_impl.RequestResponseCycle object at 0x0000027...
                 │    │   └ {'type': 'http', 'asgi': {'version': '3.0', 'spec_version': '2.4'}, 'http_version': '1.1', 'server': ('127.0.0.1', 8000), 'cl...
                 │    └ <fastapi.applications.FastAPI object at 0x00000279067F17F0>
                 └ <uvicorn.middleware.proxy_headers.ProxyHeadersMiddleware object at 0x000002790409E300>
  File "C:\Users\soumy\AppData\Local\Programs\Python\Python312\Lib\site-packages\fastapi\applications.py", line 1163, in __call__
    await super().__call__(scope, receive, send)
                           │      │        └ <bound method RequestResponseCycle.send of <uvicorn.protocols.http.httptools_impl.RequestResponseCycle object at 0x0000027939...
                           │      └ <bound method RequestResponseCycle.receive of <uvicorn.protocols.http.httptools_impl.RequestResponseCycle object at 0x0000027...
                           └ {'type': 'http', 'asgi': {'version': '3.0', 'spec_version': '2.4'}, 'http_version': '1.1', 'server': ('127.0.0.1', 8000), 'cl...
  File "C:\Users\soumy\AppData\Local\Programs\Python\Python312\Lib\site-packages\starlette\applications.py", line 107, in __call__
    await self.middleware_stack(scope, receive, send)
          │    │                │      │        └ <bound method RequestResponseCycle.send of <uvicorn.protocols.http.httptools_impl.RequestResponseCycle object at 0x0000027939...
          │    │                │      └ <bound method RequestResponseCycle.receive of <uvicorn.protocols.http.httptools_impl.RequestResponseCycle object at 0x0000027...
          │    │                └ {'type': 'http', 'asgi': {'version': '3.0', 'spec_version': '2.4'}, 'http_version': '1.1', 'server': ('127.0.0.1', 8000), 'cl...
          │    └ <starlette.middleware.errors.ServerErrorMiddleware object at 0x00000279372EE300>
          └ <fastapi.applications.FastAPI object at 0x00000279067F17F0>
  File "C:\Users\soumy\AppData\Local\Programs\Python\Python312\Lib\site-packages\starlette\middleware\errors.py", line 186, in __call__
    raise exc
  File "C:\Users\soumy\AppData\Local\Programs\Python\Python312\Lib\site-packages\starlette\middleware\errors.py", line 164, in __call__
    await self.app(scope, receive, _send)
          │    │   │      │        └ <function ServerErrorMiddleware.__call__.<locals>._send at 0x00000279399105E0>
          │    │   │      └ <bound method RequestResponseCycle.receive of <uvicorn.protocols.http.httptools_impl.RequestResponseCycle object at 0x0000027...
          │    │   └ {'type': 'http', 'asgi': {'version': '3.0', 'spec_version': '2.4'}, 'http_version': '1.1', 'server': ('127.0.0.1', 8000), 'cl...
          │    └ <starlette.middleware.base.BaseHTTPMiddleware object at 0x00000279379B7470>
          └ <starlette.middleware.errors.ServerErrorMiddleware object at 0x00000279372EE300>
  File "C:\Users\soumy\AppData\Local\Programs\Python\Python312\Lib\site-packages\starlette\middleware\base.py", line 191, in __call__
    with recv_stream, send_stream, collapse_excgroups():
         │            │            └ <function collapse_excgroups at 0x0000027905046980>
         │            └ MemoryObjectSendStream(_state=_MemoryObjectStreamState(max_buffer_size=0, buffer=deque([]), open_send_channels=0, open_receiv...
         └ MemoryObjectReceiveStream(_state=_MemoryObjectStreamState(max_buffer_size=0, buffer=deque([]), open_send_channels=0, open_rec...
  File "C:\Users\soumy\AppData\Local\Programs\Python\Python312\Lib\contextlib.py", line 158, in __exit__
    self.gen.throw(value)
    │    │   │     └ ExceptionGroup('unhandled errors in a TaskGroup', [ValueError('Out of range float values are not JSON compliant: nan')])
    │    │   └ <method 'throw' of 'generator' objects>
    │    └ <generator object collapse_excgroups at 0x00000279379FEF60>
    └ <contextlib._GeneratorContextManager object at 0x00000279399C2BD0>
  File "C:\Users\soumy\AppData\Local\Programs\Python\Python312\Lib\site-packages\starlette\_utils.py", line 87, in collapse_excgroups
    raise exc
  File "C:\Users\soumy\AppData\Local\Programs\Python\Python312\Lib\site-packages\starlette\middleware\base.py", line 193, in __call__
    response = await self.dispatch_func(request, call_next)
                     │    │             │        └ <function BaseHTTPMiddleware.__call__.<locals>.call_next at 0x000002793993ECA0>
                     │    │             └ <starlette.middleware.base._CachedRequest object at 0x00000279399D6BA0>
                     │    └ <function log_requests at 0x00000279051C05E0>
                     └ <starlette.middleware.base.BaseHTTPMiddleware object at 0x00000279379B7470>

  File "C:\Users\soumy\OneDrive\Desktop\Project\lca_platform\backend\app\main.py", line 56, in log_requests
    response = await call_next(request)
                     │         └ <starlette.middleware.base._CachedRequest object at 0x00000279399D6BA0>
                     └ <function BaseHTTPMiddleware.__call__.<locals>.call_next at 0x000002793993ECA0>

  File "C:\Users\soumy\AppData\Local\Programs\Python\Python312\Lib\site-packages\starlette\middleware\base.py", line 168, in call_next
    raise app_exc from app_exc.__cause__ or app_exc.__context__
          │            │       │            │       └ <attribute '__context__' of 'BaseException' objects>
          │            │       │            └ ValueError('Out of range float values are not JSON compliant: nan')
          │            │       └ <attribute '__cause__' of 'BaseException' objects>
          │            └ ValueError('Out of range float values are not JSON compliant: nan')
          └ ValueError('Out of range float values are not JSON compliant: nan')
  File "C:\Users\soumy\AppData\Local\Programs\Python\Python312\Lib\site-packages\starlette\middleware\base.py", line 144, in coro
    await self.app(scope, receive_or_disconnect, send_no_error)
          │    │   │      │                      └ <function BaseHTTPMiddleware.__call__.<locals>.call_next.<locals>.send_no_error at 0x000002793993DF80>
          │    │   │      └ <function BaseHTTPMiddleware.__call__.<locals>.call_next.<locals>.receive_or_disconnect at 0x000002793993E160>
          │    │   └ {'type': 'http', 'asgi': {'version': '3.0', 'spec_version': '2.4'}, 'http_version': '1.1', 'server': ('127.0.0.1', 8000), 'cl...
          │    └ <starlette.middleware.cors.CORSMiddleware object at 0x000002793760B230>
          └ <starlette.middleware.base.BaseHTTPMiddleware object at 0x00000279379B7470>
  File "C:\Users\soumy\AppData\Local\Programs\Python\Python312\Lib\site-packages\starlette\middleware\cors.py", line 87, in __call__
    await self.app(scope, receive, send)
          │    │   │      │        └ <function BaseHTTPMiddleware.__call__.<locals>.call_next.<locals>.send_no_error at 0x000002793993DF80>
          │    │   │      └ <function BaseHTTPMiddleware.__call__.<locals>.call_next.<locals>.receive_or_disconnect at 0x000002793993E160>
          │    │   └ {'type': 'http', 'asgi': {'version': '3.0', 'spec_version': '2.4'}, 'http_version': '1.1', 'server': ('127.0.0.1', 8000), 'cl...
          │    └ <starlette.middleware.exceptions.ExceptionMiddleware object at 0x00000279379DDB80>
          └ <starlette.middleware.cors.CORSMiddleware object at 0x000002793760B230>
  File "C:\Users\soumy\AppData\Local\Programs\Python\Python312\Lib\site-packages\starlette\middleware\exceptions.py", line 63, in __call__
    await wrap_app_handling_exceptions(self.app, conn)(scope, receive, send)
          │                            │    │    │     │      │        └ <function BaseHTTPMiddleware.__call__.<locals>.call_next.<locals>.send_no_error at 0x000002793993DF80>
          │                            │    │    │     │      └ <function BaseHTTPMiddleware.__call__.<locals>.call_next.<locals>.receive_or_disconnect at 0x000002793993E160>
          │                            │    │    │     └ {'type': 'http', 'asgi': {'version': '3.0', 'spec_version': '2.4'}, 'http_version': '1.1', 'server': ('127.0.0.1', 8000), 'cl...
          │                            │    │    └ <starlette.requests.Request object at 0x00000279399C19D0>
          │                            │    └ <fastapi.middleware.asyncexitstack.AsyncExitStackMiddleware object at 0x00000279362A3260>
          │                            └ <starlette.middleware.exceptions.ExceptionMiddleware object at 0x00000279379DDB80>
          └ <function wrap_app_handling_exceptions at 0x00000279050DA8E0>
  File "C:\Users\soumy\AppData\Local\Programs\Python\Python312\Lib\site-packages\starlette\_exception_handler.py", line 53, in wrapped_app
    raise exc
  File "C:\Users\soumy\AppData\Local\Programs\Python\Python312\Lib\site-packages\starlette\_exception_handler.py", line 42, in wrapped_app
    await app(scope, receive, sender)
          │   │      │        └ <function wrap_app_handling_exceptions.<locals>.wrapped_app.<locals>.sender at 0x000002793993ED40>
          │   │      └ <function BaseHTTPMiddleware.__call__.<locals>.call_next.<locals>.receive_or_disconnect at 0x000002793993E160>
          │   └ {'type': 'http', 'asgi': {'version': '3.0', 'spec_version': '2.4'}, 'http_version': '1.1', 'server': ('127.0.0.1', 8000), 'cl...
          └ <fastapi.middleware.asyncexitstack.AsyncExitStackMiddleware object at 0x00000279362A3260>
  File "C:\Users\soumy\AppData\Local\Programs\Python\Python312\Lib\site-packages\fastapi\middleware\asyncexitstack.py", line 18, in __call__
    await self.app(scope, receive, send)
          │    │   │      │        └ <function wrap_app_handling_exceptions.<locals>.wrapped_app.<locals>.sender at 0x000002793993ED40>
          │    │   │      └ <function BaseHTTPMiddleware.__call__.<locals>.call_next.<locals>.receive_or_disconnect at 0x000002793993E160>
          │    │   └ {'type': 'http', 'asgi': {'version': '3.0', 'spec_version': '2.4'}, 'http_version': '1.1', 'server': ('127.0.0.1', 8000), 'cl...
          │    └ <fastapi.routing.APIRouter object at 0x0000027906C32C90>
          └ <fastapi.middleware.asyncexitstack.AsyncExitStackMiddleware object at 0x00000279362A3260>
  File "C:\Users\soumy\AppData\Local\Programs\Python\Python312\Lib\site-packages\starlette\routing.py", line 716, in __call__
    await self.middleware_stack(scope, receive, send)
          │    │                │      │        └ <function wrap_app_handling_exceptions.<locals>.wrapped_app.<locals>.sender at 0x000002793993ED40>
          │    │                │      └ <function BaseHTTPMiddleware.__call__.<locals>.call_next.<locals>.receive_or_disconnect at 0x000002793993E160>
          │    │                └ {'type': 'http', 'asgi': {'version': '3.0', 'spec_version': '2.4'}, 'http_version': '1.1', 'server': ('127.0.0.1', 8000), 'cl...
          │    └ <bound method APIRouter.app of <fastapi.routing.APIRouter object at 0x0000027906C32C90>>
          └ <fastapi.routing.APIRouter object at 0x0000027906C32C90>
  File "C:\Users\soumy\AppData\Local\Programs\Python\Python312\Lib\site-packages\fastapi\routing.py", line 2531, in app
    await route.handle(scope, receive, send)
          │     │      │      │        └ <function wrap_app_handling_exceptions.<locals>.wrapped_app.<locals>.sender at 0x000002793993ED40>
          │     │      │      └ <function BaseHTTPMiddleware.__call__.<locals>.call_next.<locals>.receive_or_disconnect at 0x000002793993E160>
          │     │      └ {'type': 'http', 'asgi': {'version': '3.0', 'spec_version': '2.4'}, 'http_version': '1.1', 'server': ('127.0.0.1', 8000), 'cl...
          │     └ <function _IncludedRouter.handle at 0x000002790511D260>
          └ _IncludedRouter(original_router=<fastapi.routing.APIRouter object at 0x0000027906FD7860>, include_context=_RouterIncludeConte...
  File "C:\Users\soumy\AppData\Local\Programs\Python\Python312\Lib\site-packages\fastapi\routing.py", line 1700, in handle
    await self.original_router.handle(scope, receive, send)
          │    │               │      │      │        └ <function wrap_app_handling_exceptions.<locals>.wrapped_app.<locals>.sender at 0x000002793993ED40>
          │    │               │      │      └ <function BaseHTTPMiddleware.__call__.<locals>.call_next.<locals>.receive_or_disconnect at 0x000002793993E160>
          │    │               │      └ {'type': 'http', 'asgi': {'version': '3.0', 'spec_version': '2.4'}, 'http_version': '1.1', 'server': ('127.0.0.1', 8000), 'cl...
          │    │               └ <function APIRouter.handle at 0x000002790511EFC0>
          │    └ <fastapi.routing.APIRouter object at 0x0000027906FD7860>
          └ _IncludedRouter(original_router=<fastapi.routing.APIRouter object at 0x0000027906FD7860>, include_context=_RouterIncludeConte...
  File "C:\Users\soumy\AppData\Local\Programs\Python\Python312\Lib\site-packages\fastapi\routing.py", line 2586, in handle
    await included_router._handle_selected(scope, receive, send)
          │               │                │      │        └ <function wrap_app_handling_exceptions.<locals>.wrapped_app.<locals>.sender at 0x000002793993ED40>
          │               │                │      └ <function BaseHTTPMiddleware.__call__.<locals>.call_next.<locals>.receive_or_disconnect at 0x000002793993E160>
          │               │                └ {'type': 'http', 'asgi': {'version': '3.0', 'spec_version': '2.4'}, 'http_version': '1.1', 'server': ('127.0.0.1', 8000), 'cl...
          │               └ <function _IncludedRouter._handle_selected at 0x000002790511D300>
          └ _IncludedRouter(original_router=<fastapi.routing.APIRouter object at 0x0000027906FD7860>, include_context=_RouterIncludeConte...
  File "C:\Users\soumy\AppData\Local\Programs\Python\Python312\Lib\site-packages\fastapi\routing.py", line 1720, in _handle_selected
    await original_route.handle(scope, receive, send)
          │              │      │      │        └ <function wrap_app_handling_exceptions.<locals>.wrapped_app.<locals>.sender at 0x000002793993ED40>
          │              │      │      └ <function BaseHTTPMiddleware.__call__.<locals>.call_next.<locals>.receive_or_disconnect at 0x000002793993E160>
          │              │      └ {'type': 'http', 'asgi': {'version': '3.0', 'spec_version': '2.4'}, 'http_version': '1.1', 'server': ('127.0.0.1', 8000), 'cl...
          │              └ <function APIRoute.handle at 0x000002790510B380>
          └ APIRoute(path='/datasets/{name}/sample', name='get_dataset_sample', methods=['GET'])
  File "C:\Users\soumy\AppData\Local\Programs\Python\Python312\Lib\site-packages\fastapi\routing.py", line 1239, in handle
    await app(scope, receive, send)
          │   │      │        └ <function wrap_app_handling_exceptions.<locals>.wrapped_app.<locals>.sender at 0x000002793993ED40>
          │   │      └ <function BaseHTTPMiddleware.__call__.<locals>.call_next.<locals>.receive_or_disconnect at 0x000002793993E160>
          │   └ {'type': 'http', 'asgi': {'version': '3.0', 'spec_version': '2.4'}, 'http_version': '1.1', 'server': ('127.0.0.1', 8000), 'cl...
          └ <function request_response.<locals>.app at 0x000002793993EAC0>
  File "C:\Users\soumy\AppData\Local\Programs\Python\Python312\Lib\site-packages\fastapi\routing.py", line 150, in app
    await wrap_app_handling_exceptions(app, request)(scope, receive, send)
          │                            │    │        │      │        └ <function wrap_app_handling_exceptions.<locals>.wrapped_app.<locals>.sender at 0x000002793993ED40>
          │                            │    │        │      └ <function BaseHTTPMiddleware.__call__.<locals>.call_next.<locals>.receive_or_disconnect at 0x000002793993E160>
          │                            │    │        └ {'type': 'http', 'asgi': {'version': '3.0', 'spec_version': '2.4'}, 'http_version': '1.1', 'server': ('127.0.0.1', 8000), 'cl...
          │                            │    └ <starlette.requests.Request object at 0x000002793995D100>
          │                            └ <function request_response.<locals>.app.<locals>.app at 0x000002793993EA20>
          └ <function wrap_app_handling_exceptions at 0x00000279050DA8E0>
  File "C:\Users\soumy\AppData\Local\Programs\Python\Python312\Lib\site-packages\starlette\_exception_handler.py", line 53, in wrapped_app
    raise exc
  File "C:\Users\soumy\AppData\Local\Programs\Python\Python312\Lib\site-packages\starlette\_exception_handler.py", line 42, in wrapped_app
    await app(scope, receive, sender)
          │   │      │        └ <function wrap_app_handling_exceptions.<locals>.wrapped_app.<locals>.sender at 0x000002793993E2A0>
          │   │      └ <function BaseHTTPMiddleware.__call__.<locals>.call_next.<locals>.receive_or_disconnect at 0x000002793993E160>
          │   └ {'type': 'http', 'asgi': {'version': '3.0', 'spec_version': '2.4'}, 'http_version': '1.1', 'server': ('127.0.0.1', 8000), 'cl...
          └ <function request_response.<locals>.app.<locals>.app at 0x000002793993EA20>
  File "C:\Users\soumy\AppData\Local\Programs\Python\Python312\Lib\site-packages\fastapi\routing.py", line 136, in app
    response = await f(request)
                     │ └ <starlette.requests.Request object at 0x000002793995D100>
                     └ <function get_request_handler.<locals>.app at 0x000002793993E340>
  File "C:\Users\soumy\AppData\Local\Programs\Python\Python312\Lib\site-packages\fastapi\routing.py", line 731, in app
    response = actual_response_class(content, **response_args)
               │                     │          └ {'background': None}
               │                     └ {'name': 'mining_projects', 'sample': [{'project_no': 1, 'deposit_no': 1.0, 'company': 'Lynas Rare Earths', 'project_name': '...
               └ <class 'starlette.responses.JSONResponse'>
  File "C:\Users\soumy\AppData\Local\Programs\Python\Python312\Lib\site-packages\starlette\responses.py", line 189, in __init__
    super().__init__(content, status_code, headers, media_type, background)
                     │        │            │        │           └ None
                     │        │            │        └ None
                     │        │            └ None
                     │        └ 200
                     └ {'name': 'mining_projects', 'sample': [{'project_no': 1, 'deposit_no': 1.0, 'company': 'Lynas Rare Earths', 'project_name': '...
  File "C:\Users\soumy\AppData\Local\Programs\Python\Python312\Lib\site-packages\starlette\responses.py", line 46, in __init__
    self.body = self.render(content)
    │           │    │      └ {'name': 'mining_projects', 'sample': [{'project_no': 1, 'deposit_no': 1.0, 'company': 'Lynas Rare Earths', 'project_name': '...
    │           │    └ <function JSONResponse.render at 0x00000279050C1260>
    │           └ <starlette.responses.JSONResponse object at 0x00000279395DB860>
    └ <starlette.responses.JSONResponse object at 0x00000279395DB860>
  File "C:\Users\soumy\AppData\Local\Programs\Python\Python312\Lib\site-packages\starlette\responses.py", line 192, in render
    return json.dumps(
           │    └ <function dumps at 0x00000279038B85E0>
           └ <module 'json' from 'C:\\Users\\soumy\\AppData\\Local\\Programs\\Python\\Python312\\Lib\\json\\__init__.py'>
  File "C:\Users\soumy\AppData\Local\Programs\Python\Python312\Lib\json\__init__.py", line 238, in dumps
    **kw).encode(obj)
      │          └ {'name': 'mining_projects', 'sample': [{'project_no': 1, 'deposit_no': 1.0, 'company': 'Lynas Rare Earths', 'project_name': '...
      └ {}
  File "C:\Users\soumy\AppData\Local\Programs\Python\Python312\Lib\json\encoder.py", line 200, in encode
    chunks = self.iterencode(o, _one_shot=True)
             │    │          └ {'name': 'mining_projects', 'sample': [{'project_no': 1, 'deposit_no': 1.0, 'company': 'Lynas Rare Earths', 'project_name': '...
             │    └ <function JSONEncoder.iterencode at 0x00000279038B9120>
             └ <json.encoder.JSONEncoder object at 0x000002793982D9A0>
  File "C:\Users\soumy\AppData\Local\Programs\Python\Python312\Lib\json\encoder.py", line 258, in iterencode
    return _iterencode(o, 0)
           │           └ {'name': 'mining_projects', 'sample': [{'project_no': 1, 'deposit_no': 1.0, 'company': 'Lynas Rare Earths', 'project_name': '...
           └ <_json.Encoder object at 0x00000279399F70A0>

ValueError: Out of range float values are not JSON compliant: nan
2026-07-26 18:01:42 | ERROR    | uvicorn.protocols.http.httptools_impl:run_asgi:406 - Exception in ASGI application

Traceback (most recent call last):

  File "<frozen runpy>", line 198, in _run_module_as_main
  File "<frozen runpy>", line 88, in _run_code
  File "C:\Users\soumy\AppData\Local\Programs\Python\Python312\Lib\site-packages\uvicorn\__main__.py", line 4, in <module>
    uvicorn.main()
    │       └ <Command main>
    └ <module 'uvicorn' from 'C:\\Users\\soumy\\AppData\\Local\\Programs\\Python\\Python312\\Lib\\site-packages\\uvicorn\\__init__....
  File "C:\Users\soumy\AppData\Local\Programs\Python\Python312\Lib\site-packages\click\core.py", line 1485, in __call__
    return self.main(*args, **kwargs)
           │    │     │       └ {}
           │    │     └ ()
           │    └ <function Command.main at 0x0000027903EC7600>
           └ <Command main>
  File "C:\Users\soumy\AppData\Local\Programs\Python\Python312\Lib\site-packages\click\core.py", line 1406, in main
    rv = self.invoke(ctx)
         │    │      └ <click.core.Context object at 0x0000027903F0CA40>
         │    └ <function Command.invoke at 0x0000027903EC72E0>
         └ <Command main>
  File "C:\Users\soumy\AppData\Local\Programs\Python\Python312\Lib\site-packages\click\core.py", line 1269, in invoke
    return ctx.invoke(self.callback, **ctx.params)
           │   │      │    │           │   └ {'host': '0.0.0.0', 'port': 8000, 'app': 'backend.app.main:app', 'uds': None, 'fd': None, 'reload': False, 'reload_dirs': (),...
           │   │      │    │           └ <click.core.Context object at 0x0000027903F0CA40>
           │   │      │    └ <function main at 0x0000027904152FC0>
           │   │      └ <Command main>
           │   └ <function Context.invoke at 0x0000027903EC6520>
           └ <click.core.Context object at 0x0000027903F0CA40>
  File "C:\Users\soumy\AppData\Local\Programs\Python\Python312\Lib\site-packages\click\core.py", line 824, in invoke
    return callback(*args, **kwargs)
           │         │       └ {'host': '0.0.0.0', 'port': 8000, 'app': 'backend.app.main:app', 'uds': None, 'fd': None, 'reload': False, 'reload_dirs': (),...
           │         └ ()
           └ <function main at 0x0000027904152FC0>
  File "C:\Users\soumy\AppData\Local\Programs\Python\Python312\Lib\site-packages\uvicorn\main.py", line 410, in main
    run(
    └ <function run at 0x0000027903EFA840>
  File "C:\Users\soumy\AppData\Local\Programs\Python\Python312\Lib\site-packages\uvicorn\main.py", line 577, in run
    server.run()
    │      └ <function Server.run at 0x0000027903F9DEE0>
    └ <uvicorn.server.Server object at 0x0000027904155E80>
  File "C:\Users\soumy\AppData\Local\Programs\Python\Python312\Lib\site-packages\uvicorn\server.py", line 65, in run
    return asyncio.run(self.serve(sockets=sockets))
           │       │   │    │             └ None
           │       │   │    └ <function Server.serve at 0x0000027903F9DF80>
           │       │   └ <uvicorn.server.Server object at 0x0000027904155E80>
           │       └ <function run at 0x0000027901AB6D40>
           └ <module 'asyncio' from 'C:\\Users\\soumy\\AppData\\Local\\Programs\\Python\\Python312\\Lib\\asyncio\\__init__.py'>
  File "C:\Users\soumy\AppData\Local\Programs\Python\Python312\Lib\asyncio\runners.py", line 195, in run
    return runner.run(main)
           │      │   └ <coroutine object Server.serve at 0x0000027904123A00>
           │      └ <function Runner.run at 0x00000279038013A0>
           └ <asyncio.runners.Runner object at 0x0000027903EAF740>
  File "C:\Users\soumy\AppData\Local\Programs\Python\Python312\Lib\asyncio\runners.py", line 118, in run
    return self._loop.run_until_complete(task)
           │    │     │                  └ <Task pending name='Task-1' coro=<Server.serve() running at C:\Users\soumy\AppData\Local\Programs\Python\Python312\Lib\site-p...
           │    │     └ <function BaseEventLoop.run_until_complete at 0x00000279037FEFC0>
           │    └ <ProactorEventLoop running=True closed=False debug=False>
           └ <asyncio.runners.Runner object at 0x0000027903EAF740>
  File "C:\Users\soumy\AppData\Local\Programs\Python\Python312\Lib\asyncio\base_events.py", line 678, in run_until_complete
    self.run_forever()
    │    └ <function ProactorEventLoop.run_forever at 0x00000279038B2B60>
    └ <ProactorEventLoop running=True closed=False debug=False>
  File "C:\Users\soumy\AppData\Local\Programs\Python\Python312\Lib\asyncio\windows_events.py", line 322, in run_forever
    super().run_forever()
  File "C:\Users\soumy\AppData\Local\Programs\Python\Python312\Lib\asyncio\base_events.py", line 645, in run_forever
    self._run_once()
    │    └ <function BaseEventLoop._run_once at 0x0000027903800D60>
    └ <ProactorEventLoop running=True closed=False debug=False>
  File "C:\Users\soumy\AppData\Local\Programs\Python\Python312\Lib\asyncio\base_events.py", line 1999, in _run_once
    handle._run()
    │      └ <function Handle._run at 0x0000027903742DE0>
    └ <Handle Task.task_wakeup(<Future finished result=None>)>
  File "C:\Users\soumy\AppData\Local\Programs\Python\Python312\Lib\asyncio\events.py", line 88, in _run
    self._context.run(self._callback, *self._args)
    │    │            │    │           │    └ <member '_args' of 'Handle' objects>
    │    │            │    │           └ <Handle Task.task_wakeup(<Future finished result=None>)>
    │    │            │    └ <member '_callback' of 'Handle' objects>
    │    │            └ <Handle Task.task_wakeup(<Future finished result=None>)>
    │    └ <member '_context' of 'Handle' objects>
    └ <Handle Task.task_wakeup(<Future finished result=None>)>
> File "C:\Users\soumy\AppData\Local\Programs\Python\Python312\Lib\site-packages\uvicorn\protocols\http\httptools_impl.py", line 401, in run_asgi
    result = await app(  # type: ignore[func-returns-value]
                   └ <uvicorn.middleware.proxy_headers.ProxyHeadersMiddleware object at 0x000002790409E300>
  File "C:\Users\soumy\AppData\Local\Programs\Python\Python312\Lib\site-packages\uvicorn\middleware\proxy_headers.py", line 70, in __call__
    return await self.app(scope, receive, send)
                 │    │   │      │        └ <bound method RequestResponseCycle.send of <uvicorn.protocols.http.httptools_impl.RequestResponseCycle object at 0x0000027939...
                 │    │   │      └ <bound method RequestResponseCycle.receive of <uvicorn.protocols.http.httptools_impl.RequestResponseCycle object at 0x0000027...
                 │    │   └ {'type': 'http', 'asgi': {'version': '3.0', 'spec_version': '2.4'}, 'http_version': '1.1', 'server': ('127.0.0.1', 8000), 'cl...
                 │    └ <fastapi.applications.FastAPI object at 0x00000279067F17F0>
                 └ <uvicorn.middleware.proxy_headers.ProxyHeadersMiddleware object at 0x000002790409E300>
  File "C:\Users\soumy\AppData\Local\Programs\Python\Python312\Lib\site-packages\fastapi\applications.py", line 1163, in __call__
    await super().__call__(scope, receive, send)
                           │      │        └ <bound method RequestResponseCycle.send of <uvicorn.protocols.http.httptools_impl.RequestResponseCycle object at 0x0000027939...
                           │      └ <bound method RequestResponseCycle.receive of <uvicorn.protocols.http.httptools_impl.RequestResponseCycle object at 0x0000027...
                           └ {'type': 'http', 'asgi': {'version': '3.0', 'spec_version': '2.4'}, 'http_version': '1.1', 'server': ('127.0.0.1', 8000), 'cl...
  File "C:\Users\soumy\AppData\Local\Programs\Python\Python312\Lib\site-packages\starlette\applications.py", line 107, in __call__
    await self.middleware_stack(scope, receive, send)
          │    │                │      │        └ <bound method RequestResponseCycle.send of <uvicorn.protocols.http.httptools_impl.RequestResponseCycle object at 0x0000027939...
          │    │                │      └ <bound method RequestResponseCycle.receive of <uvicorn.protocols.http.httptools_impl.RequestResponseCycle object at 0x0000027...
          │    │                └ {'type': 'http', 'asgi': {'version': '3.0', 'spec_version': '2.4'}, 'http_version': '1.1', 'server': ('127.0.0.1', 8000), 'cl...
          │    └ <starlette.middleware.errors.ServerErrorMiddleware object at 0x00000279372EE300>
          └ <fastapi.applications.FastAPI object at 0x00000279067F17F0>
  File "C:\Users\soumy\AppData\Local\Programs\Python\Python312\Lib\site-packages\starlette\middleware\errors.py", line 186, in __call__
    raise exc
  File "C:\Users\soumy\AppData\Local\Programs\Python\Python312\Lib\site-packages\starlette\middleware\errors.py", line 164, in __call__
    await self.app(scope, receive, _send)
          │    │   │      │        └ <function ServerErrorMiddleware.__call__.<locals>._send at 0x0000027939BDB920>
          │    │   │      └ <bound method RequestResponseCycle.receive of <uvicorn.protocols.http.httptools_impl.RequestResponseCycle object at 0x0000027...
          │    │   └ {'type': 'http', 'asgi': {'version': '3.0', 'spec_version': '2.4'}, 'http_version': '1.1', 'server': ('127.0.0.1', 8000), 'cl...
          │    └ <starlette.middleware.base.BaseHTTPMiddleware object at 0x00000279379B7470>
          └ <starlette.middleware.errors.ServerErrorMiddleware object at 0x00000279372EE300>
  File "C:\Users\soumy\AppData\Local\Programs\Python\Python312\Lib\site-packages\starlette\middleware\base.py", line 191, in __call__
    with recv_stream, send_stream, collapse_excgroups():
         │            │            └ <function collapse_excgroups at 0x0000027905046980>
         │            └ MemoryObjectSendStream(_state=_MemoryObjectStreamState(max_buffer_size=0, buffer=deque([]), open_send_channels=0, open_receiv...
         └ MemoryObjectReceiveStream(_state=_MemoryObjectStreamState(max_buffer_size=0, buffer=deque([]), open_send_channels=0, open_rec...
  File "C:\Users\soumy\AppData\Local\Programs\Python\Python312\Lib\contextlib.py", line 158, in __exit__
    self.gen.throw(value)
    │    │   │     └ ExceptionGroup('unhandled errors in a TaskGroup', [ValueError('Out of range float values are not JSON compliant: nan')])
    │    │   └ <method 'throw' of 'generator' objects>
    │    └ <generator object collapse_excgroups at 0x00000279399D1D80>
    └ <contextlib._GeneratorContextManager object at 0x0000027939A1D970>
  File "C:\Users\soumy\AppData\Local\Programs\Python\Python312\Lib\site-packages\starlette\_utils.py", line 87, in collapse_excgroups
    raise exc
  File "C:\Users\soumy\AppData\Local\Programs\Python\Python312\Lib\site-packages\starlette\middleware\base.py", line 193, in __call__
    response = await self.dispatch_func(request, call_next)
                     │    │             │        └ <function BaseHTTPMiddleware.__call__.<locals>.call_next at 0x0000027939BDBBA0>
                     │    │             └ <starlette.middleware.base._CachedRequest object at 0x0000027939A1DB80>
                     │    └ <function log_requests at 0x00000279051C05E0>
                     └ <starlette.middleware.base.BaseHTTPMiddleware object at 0x00000279379B7470>

  File "C:\Users\soumy\OneDrive\Desktop\Project\lca_platform\backend\app\main.py", line 56, in log_requests
    response = await call_next(request)
                     │         └ <starlette.middleware.base._CachedRequest object at 0x0000027939A1DB80>
                     └ <function BaseHTTPMiddleware.__call__.<locals>.call_next at 0x0000027939BDBBA0>

  File "C:\Users\soumy\AppData\Local\Programs\Python\Python312\Lib\site-packages\starlette\middleware\base.py", line 168, in call_next
    raise app_exc from app_exc.__cause__ or app_exc.__context__
          │            │       │            │       └ <attribute '__context__' of 'BaseException' objects>
          │            │       │            └ ValueError('Out of range float values are not JSON compliant: nan')
          │            │       └ <attribute '__cause__' of 'BaseException' objects>
          │            └ ValueError('Out of range float values are not JSON compliant: nan')
          └ ValueError('Out of range float values are not JSON compliant: nan')
  File "C:\Users\soumy\AppData\Local\Programs\Python\Python312\Lib\site-packages\starlette\middleware\base.py", line 144, in coro
    await self.app(scope, receive_or_disconnect, send_no_error)
          │    │   │      │                      └ <function BaseHTTPMiddleware.__call__.<locals>.call_next.<locals>.send_no_error at 0x0000027939BDB740>
          │    │   │      └ <function BaseHTTPMiddleware.__call__.<locals>.call_next.<locals>.receive_or_disconnect at 0x0000027939BDBA60>
          │    │   └ {'type': 'http', 'asgi': {'version': '3.0', 'spec_version': '2.4'}, 'http_version': '1.1', 'server': ('127.0.0.1', 8000), 'cl...
          │    └ <starlette.middleware.cors.CORSMiddleware object at 0x000002793760B230>
          └ <starlette.middleware.base.BaseHTTPMiddleware object at 0x00000279379B7470>
  File "C:\Users\soumy\AppData\Local\Programs\Python\Python312\Lib\site-packages\starlette\middleware\cors.py", line 87, in __call__
    await self.app(scope, receive, send)
          │    │   │      │        └ <function BaseHTTPMiddleware.__call__.<locals>.call_next.<locals>.send_no_error at 0x0000027939BDB740>
          │    │   │      └ <function BaseHTTPMiddleware.__call__.<locals>.call_next.<locals>.receive_or_disconnect at 0x0000027939BDBA60>
          │    │   └ {'type': 'http', 'asgi': {'version': '3.0', 'spec_version': '2.4'}, 'http_version': '1.1', 'server': ('127.0.0.1', 8000), 'cl...
          │    └ <starlette.middleware.exceptions.ExceptionMiddleware object at 0x00000279379DDB80>
          └ <starlette.middleware.cors.CORSMiddleware object at 0x000002793760B230>
  File "C:\Users\soumy\AppData\Local\Programs\Python\Python312\Lib\site-packages\starlette\middleware\exceptions.py", line 63, in __call__
    await wrap_app_handling_exceptions(self.app, conn)(scope, receive, send)
          │                            │    │    │     │      │        └ <function BaseHTTPMiddleware.__call__.<locals>.call_next.<locals>.send_no_error at 0x0000027939BDB740>
          │                            │    │    │     │      └ <function BaseHTTPMiddleware.__call__.<locals>.call_next.<locals>.receive_or_disconnect at 0x0000027939BDBA60>
          │                            │    │    │     └ {'type': 'http', 'asgi': {'version': '3.0', 'spec_version': '2.4'}, 'http_version': '1.1', 'server': ('127.0.0.1', 8000), 'cl...
          │                            │    │    └ <starlette.requests.Request object at 0x0000027939A1DCD0>
          │                            │    └ <fastapi.middleware.asyncexitstack.AsyncExitStackMiddleware object at 0x00000279362A3260>
          │                            └ <starlette.middleware.exceptions.ExceptionMiddleware object at 0x00000279379DDB80>
          └ <function wrap_app_handling_exceptions at 0x00000279050DA8E0>
  File "C:\Users\soumy\AppData\Local\Programs\Python\Python312\Lib\site-packages\starlette\_exception_handler.py", line 53, in wrapped_app
    raise exc
  File "C:\Users\soumy\AppData\Local\Programs\Python\Python312\Lib\site-packages\starlette\_exception_handler.py", line 42, in wrapped_app
    await app(scope, receive, sender)
          │   │      │        └ <function wrap_app_handling_exceptions.<locals>.wrapped_app.<locals>.sender at 0x0000027939BDBEC0>
          │   │      └ <function BaseHTTPMiddleware.__call__.<locals>.call_next.<locals>.receive_or_disconnect at 0x0000027939BDBA60>
          │   └ {'type': 'http', 'asgi': {'version': '3.0', 'spec_version': '2.4'}, 'http_version': '1.1', 'server': ('127.0.0.1', 8000), 'cl...
          └ <fastapi.middleware.asyncexitstack.AsyncExitStackMiddleware object at 0x00000279362A3260>
  File "C:\Users\soumy\AppData\Local\Programs\Python\Python312\Lib\site-packages\fastapi\middleware\asyncexitstack.py", line 18, in __call__
    await self.app(scope, receive, send)
          │    │   │      │        └ <function wrap_app_handling_exceptions.<locals>.wrapped_app.<locals>.sender at 0x0000027939BDBEC0>
          │    │   │      └ <function BaseHTTPMiddleware.__call__.<locals>.call_next.<locals>.receive_or_disconnect at 0x0000027939BDBA60>
          │    │   └ {'type': 'http', 'asgi': {'version': '3.0', 'spec_version': '2.4'}, 'http_version': '1.1', 'server': ('127.0.0.1', 8000), 'cl...
          │    └ <fastapi.routing.APIRouter object at 0x0000027906C32C90>
          └ <fastapi.middleware.asyncexitstack.AsyncExitStackMiddleware object at 0x00000279362A3260>
  File "C:\Users\soumy\AppData\Local\Programs\Python\Python312\Lib\site-packages\starlette\routing.py", line 716, in __call__
    await self.middleware_stack(scope, receive, send)
          │    │                │      │        └ <function wrap_app_handling_exceptions.<locals>.wrapped_app.<locals>.sender at 0x0000027939BDBEC0>
          │    │                │      └ <function BaseHTTPMiddleware.__call__.<locals>.call_next.<locals>.receive_or_disconnect at 0x0000027939BDBA60>
          │    │                └ {'type': 'http', 'asgi': {'version': '3.0', 'spec_version': '2.4'}, 'http_version': '1.1', 'server': ('127.0.0.1', 8000), 'cl...
          │    └ <bound method APIRouter.app of <fastapi.routing.APIRouter object at 0x0000027906C32C90>>
          └ <fastapi.routing.APIRouter object at 0x0000027906C32C90>
  File "C:\Users\soumy\AppData\Local\Programs\Python\Python312\Lib\site-packages\fastapi\routing.py", line 2531, in app
    await route.handle(scope, receive, send)
          │     │      │      │        └ <function wrap_app_handling_exceptions.<locals>.wrapped_app.<locals>.sender at 0x0000027939BDBEC0>
          │     │      │      └ <function BaseHTTPMiddleware.__call__.<locals>.call_next.<locals>.receive_or_disconnect at 0x0000027939BDBA60>
          │     │      └ {'type': 'http', 'asgi': {'version': '3.0', 'spec_version': '2.4'}, 'http_version': '1.1', 'server': ('127.0.0.1', 8000), 'cl...
          │     └ <function _IncludedRouter.handle at 0x000002790511D260>
          └ _IncludedRouter(original_router=<fastapi.routing.APIRouter object at 0x0000027906FD7860>, include_context=_RouterIncludeConte...
  File "C:\Users\soumy\AppData\Local\Programs\Python\Python312\Lib\site-packages\fastapi\routing.py", line 1700, in handle
    await self.original_router.handle(scope, receive, send)
          │    │               │      │      │        └ <function wrap_app_handling_exceptions.<locals>.wrapped_app.<locals>.sender at 0x0000027939BDBEC0>
          │    │               │      │      └ <function BaseHTTPMiddleware.__call__.<locals>.call_next.<locals>.receive_or_disconnect at 0x0000027939BDBA60>
          │    │               │      └ {'type': 'http', 'asgi': {'version': '3.0', 'spec_version': '2.4'}, 'http_version': '1.1', 'server': ('127.0.0.1', 8000), 'cl...
          │    │               └ <function APIRouter.handle at 0x000002790511EFC0>
          │    └ <fastapi.routing.APIRouter object at 0x0000027906FD7860>
          └ _IncludedRouter(original_router=<fastapi.routing.APIRouter object at 0x0000027906FD7860>, include_context=_RouterIncludeConte...
  File "C:\Users\soumy\AppData\Local\Programs\Python\Python312\Lib\site-packages\fastapi\routing.py", line 2586, in handle
    await included_router._handle_selected(scope, receive, send)
          │               │                │      │        └ <function wrap_app_handling_exceptions.<locals>.wrapped_app.<locals>.sender at 0x0000027939BDBEC0>
          │               │                │      └ <function BaseHTTPMiddleware.__call__.<locals>.call_next.<locals>.receive_or_disconnect at 0x0000027939BDBA60>
          │               │                └ {'type': 'http', 'asgi': {'version': '3.0', 'spec_version': '2.4'}, 'http_version': '1.1', 'server': ('127.0.0.1', 8000), 'cl...
          │               └ <function _IncludedRouter._handle_selected at 0x000002790511D300>
          └ _IncludedRouter(original_router=<fastapi.routing.APIRouter object at 0x0000027906FD7860>, include_context=_RouterIncludeConte...
  File "C:\Users\soumy\AppData\Local\Programs\Python\Python312\Lib\site-packages\fastapi\routing.py", line 1720, in _handle_selected
    await original_route.handle(scope, receive, send)
          │              │      │      │        └ <function wrap_app_handling_exceptions.<locals>.wrapped_app.<locals>.sender at 0x0000027939BDBEC0>
          │              │      │      └ <function BaseHTTPMiddleware.__call__.<locals>.call_next.<locals>.receive_or_disconnect at 0x0000027939BDBA60>
          │              │      └ {'type': 'http', 'asgi': {'version': '3.0', 'spec_version': '2.4'}, 'http_version': '1.1', 'server': ('127.0.0.1', 8000), 'cl...
          │              └ <function APIRoute.handle at 0x000002790510B380>
          └ APIRoute(path='/datasets/{name}/sample', name='get_dataset_sample', methods=['GET'])
  File "C:\Users\soumy\AppData\Local\Programs\Python\Python312\Lib\site-packages\fastapi\routing.py", line 1239, in handle
    await app(scope, receive, send)
          │   │      │        └ <function wrap_app_handling_exceptions.<locals>.wrapped_app.<locals>.sender at 0x0000027939BDBEC0>
          │   │      └ <function BaseHTTPMiddleware.__call__.<locals>.call_next.<locals>.receive_or_disconnect at 0x0000027939BDBA60>
          │   └ {'type': 'http', 'asgi': {'version': '3.0', 'spec_version': '2.4'}, 'http_version': '1.1', 'server': ('127.0.0.1', 8000), 'cl...
          └ <function request_response.<locals>.app at 0x0000027939D28180>
  File "C:\Users\soumy\AppData\Local\Programs\Python\Python312\Lib\site-packages\fastapi\routing.py", line 150, in app
    await wrap_app_handling_exceptions(app, request)(scope, receive, send)
          │                            │    │        │      │        └ <function wrap_app_handling_exceptions.<locals>.wrapped_app.<locals>.sender at 0x0000027939BDBEC0>
          │                            │    │        │      └ <function BaseHTTPMiddleware.__call__.<locals>.call_next.<locals>.receive_or_disconnect at 0x0000027939BDBA60>
          │                            │    │        └ {'type': 'http', 'asgi': {'version': '3.0', 'spec_version': '2.4'}, 'http_version': '1.1', 'server': ('127.0.0.1', 8000), 'cl...
          │                            │    └ <starlette.requests.Request object at 0x0000027939A1E2D0>
          │                            └ <function request_response.<locals>.app.<locals>.app at 0x0000027939D280E0>
          └ <function wrap_app_handling_exceptions at 0x00000279050DA8E0>
  File "C:\Users\soumy\AppData\Local\Programs\Python\Python312\Lib\site-packages\starlette\_exception_handler.py", line 53, in wrapped_app
    raise exc
  File "C:\Users\soumy\AppData\Local\Programs\Python\Python312\Lib\site-packages\starlette\_exception_handler.py", line 42, in wrapped_app
    await app(scope, receive, sender)
          │   │      │        └ <function wrap_app_handling_exceptions.<locals>.wrapped_app.<locals>.sender at 0x0000027939D28220>
          │   │      └ <function BaseHTTPMiddleware.__call__.<locals>.call_next.<locals>.receive_or_disconnect at 0x0000027939BDBA60>
          │   └ {'type': 'http', 'asgi': {'version': '3.0', 'spec_version': '2.4'}, 'http_version': '1.1', 'server': ('127.0.0.1', 8000), 'cl...
          └ <function request_response.<locals>.app.<locals>.app at 0x0000027939D280E0>
  File "C:\Users\soumy\AppData\Local\Programs\Python\Python312\Lib\site-packages\fastapi\routing.py", line 136, in app
    response = await f(request)
                     │ └ <starlette.requests.Request object at 0x0000027939A1E2D0>
                     └ <function get_request_handler.<locals>.app at 0x0000027939D28360>
  File "C:\Users\soumy\AppData\Local\Programs\Python\Python312\Lib\site-packages\fastapi\routing.py", line 731, in app
    response = actual_response_class(content, **response_args)
               │                     │          └ {'background': None}
               │                     └ {'name': 'mining_projects', 'sample': [{'project_no': 1, 'deposit_no': 1.0, 'company': 'Lynas Rare Earths', 'project_name': '...
               └ <class 'starlette.responses.JSONResponse'>
  File "C:\Users\soumy\AppData\Local\Programs\Python\Python312\Lib\site-packages\starlette\responses.py", line 189, in __init__
    super().__init__(content, status_code, headers, media_type, background)
                     │        │            │        │           └ None
                     │        │            │        └ None
                     │        │            └ None
                     │        └ 200
                     └ {'name': 'mining_projects', 'sample': [{'project_no': 1, 'deposit_no': 1.0, 'company': 'Lynas Rare Earths', 'project_name': '...
  File "C:\Users\soumy\AppData\Local\Programs\Python\Python312\Lib\site-packages\starlette\responses.py", line 46, in __init__
    self.body = self.render(content)
    │           │    │      └ {'name': 'mining_projects', 'sample': [{'project_no': 1, 'deposit_no': 1.0, 'company': 'Lynas Rare Earths', 'project_name': '...
    │           │    └ <function JSONResponse.render at 0x00000279050C1260>
    │           └ <starlette.responses.JSONResponse object at 0x00000279399FADE0>
    └ <starlette.responses.JSONResponse object at 0x00000279399FADE0>
  File "C:\Users\soumy\AppData\Local\Programs\Python\Python312\Lib\site-packages\starlette\responses.py", line 192, in render
    return json.dumps(
           │    └ <function dumps at 0x00000279038B85E0>
           └ <module 'json' from 'C:\\Users\\soumy\\AppData\\Local\\Programs\\Python\\Python312\\Lib\\json\\__init__.py'>
  File "C:\Users\soumy\AppData\Local\Programs\Python\Python312\Lib\json\__init__.py", line 238, in dumps
    **kw).encode(obj)
      │          └ {'name': 'mining_projects', 'sample': [{'project_no': 1, 'deposit_no': 1.0, 'company': 'Lynas Rare Earths', 'project_name': '...
      └ {}
  File "C:\Users\soumy\AppData\Local\Programs\Python\Python312\Lib\json\encoder.py", line 200, in encode
    chunks = self.iterencode(o, _one_shot=True)
             │    │          └ {'name': 'mining_projects', 'sample': [{'project_no': 1, 'deposit_no': 1.0, 'company': 'Lynas Rare Earths', 'project_name': '...
             │    └ <function JSONEncoder.iterencode at 0x00000279038B9120>
             └ <json.encoder.JSONEncoder object at 0x0000027939A1E810>
  File "C:\Users\soumy\AppData\Local\Programs\Python\Python312\Lib\json\encoder.py", line 258, in iterencode
    return _iterencode(o, 0)
           │           └ {'name': 'mining_projects', 'sample': [{'project_no': 1, 'deposit_no': 1.0, 'company': 'Lynas Rare Earths', 'project_name': '...
           └ <_json.Encoder object at 0x0000027939CFA320>

ValueError: Out of range float values are not JSON compliant: nan
2026-07-26 18:01:51 | ERROR    | backend.app.pipeline.data_loader:load_all_datasets:289 - Failed to load factory: could not convert string to float: '.'
2026-07-26 18:35:17 | ERROR    | uvicorn.protocols.http.httptools_impl:run_asgi:431 - Exception in ASGI application

Traceback (most recent call last):

  File "C:\Users\soumy\OneDrive\Desktop\Project\lca_platform\venv\Lib\site-packages\sqlalchemy\engine\base.py", line 1969, in _exec_single_context
    self.dialect.do_execute(
    │    │       └ <function DefaultDialect.do_execute at 0x000002000DF9ECA0>
    │    └ <sqlalchemy.dialects.sqlite.pysqlite.SQLiteDialect_pysqlite object at 0x000002000DC5F6B0>
    └ <sqlalchemy.engine.base.Connection object at 0x0000020040ECAAE0>
  File "C:\Users\soumy\OneDrive\Desktop\Project\lca_platform\venv\Lib\site-packages\sqlalchemy\engine\default.py", line 922, in do_execute
    cursor.execute(statement, parameters)
    │      │       │          └ (1, 'Analysis Report', 'comprehensive', '{"lca_summary": {"assessment_count": 1, "totals": {"carbon_kg_co2": 142200000.0, "wa...
    │      │       └ 'INSERT INTO reports (user_id, title, report_type, content, file_path, status, created_at) VALUES (?, ?, ?, ?, ?, ?, ?)'
    │      └ <method 'execute' of 'sqlite3.Cursor' objects>
    └ <sqlite3.Cursor object at 0x00000200411A1CC0>

sqlite3.IntegrityError: FOREIGN KEY constraint failed


The above exception was the direct cause of the following exception:


Traceback (most recent call last):

  File "<string>", line 1, in <module>
  File "C:\Users\soumy\AppData\Local\Programs\Python\Python312\Lib\multiprocessing\spawn.py", line 122, in spawn_main
    exitcode = _main(fd, parent_sentinel)
               │     │   └ 376
               │     └ 3
               └ <function _main at 0x0000020009310540>
  File "C:\Users\soumy\AppData\Local\Programs\Python\Python312\Lib\multiprocessing\spawn.py", line 135, in _main
    return self._bootstrap(parent_sentinel)
           │    │          └ 376
           │    └ <function BaseProcess._bootstrap at 0x0000020009213A60>
           └ <SpawnProcess name='SpawnProcess-1' parent=13248 started>
  File "C:\Users\soumy\AppData\Local\Programs\Python\Python312\Lib\multiprocessing\process.py", line 314, in _bootstrap
    self.run()
    │    └ <function BaseProcess.run at 0x0000020009212FC0>
    └ <SpawnProcess name='SpawnProcess-1' parent=13248 started>
  File "C:\Users\soumy\AppData\Local\Programs\Python\Python312\Lib\multiprocessing\process.py", line 108, in run
    self._target(*self._args, **self._kwargs)
    │    │        │    │        │    └ {'config': <uvicorn.config.Config object at 0x000002000962DAC0>, 'target': <bound method Server.run of <uvicorn.server.Server...
    │    │        │    │        └ <SpawnProcess name='SpawnProcess-1' parent=13248 started>
    │    │        │    └ ()
    │    │        └ <SpawnProcess name='SpawnProcess-1' parent=13248 started>
    │    └ <function subprocess_started at 0x000002000B727D80>
    └ <SpawnProcess name='SpawnProcess-1' parent=13248 started>
  File "C:\Users\soumy\OneDrive\Desktop\Project\lca_platform\venv\Lib\site-packages\uvicorn\_subprocess.py", line 76, in subprocess_started
    target(sockets=sockets)
    │              └ [<socket.socket fd=432, family=2, type=1, proto=6, laddr=('0.0.0.0', 8000)>]
    └ <bound method Server.run of <uvicorn.server.Server object at 0x000002000B85A9C0>>
  File "C:\Users\soumy\OneDrive\Desktop\Project\lca_platform\venv\Lib\site-packages\uvicorn\server.py", line 61, in run
    return asyncio.run(self.serve(sockets=sockets))
           │       │   │    │             └ [<socket.socket fd=432, family=2, type=1, proto=6, laddr=('0.0.0.0', 8000)>]
           │       │   │    └ <function Server.serve at 0x000002000B7272E0>
           │       │   └ <uvicorn.server.Server object at 0x000002000B85A9C0>
           │       └ <function run at 0x0000020009A0E660>
           └ <module 'asyncio' from 'C:\\Users\\soumy\\AppData\\Local\\Programs\\Python\\Python312\\Lib\\asyncio\\__init__.py'>
  File "C:\Users\soumy\AppData\Local\Programs\Python\Python312\Lib\asyncio\runners.py", line 195, in run
    return runner.run(main)
           │      │   └ <coroutine object Server.serve at 0x000002000B648740>
           │      └ <function Runner.run at 0x0000020009A5DF80>
           └ <asyncio.runners.Runner object at 0x000002000B69CC50>
  File "C:\Users\soumy\AppData\Local\Programs\Python\Python312\Lib\asyncio\runners.py", line 118, in run
    return self._loop.run_until_complete(task)
           │    │     │                  └ <Task pending name='Task-1' coro=<Server.serve() running at C:\Users\soumy\OneDrive\Desktop\Project\lca_platform\venv\Lib\sit...
           │    │     └ <function BaseEventLoop.run_until_complete at 0x0000020009A57B00>
           │    └ <_WindowsSelectorEventLoop running=True closed=False debug=False>
           └ <asyncio.runners.Runner object at 0x000002000B69CC50>
  File "C:\Users\soumy\AppData\Local\Programs\Python\Python312\Lib\asyncio\base_events.py", line 678, in run_until_complete
    self.run_forever()
    │    └ <function BaseEventLoop.run_forever at 0x0000020009A57A60>
    └ <_WindowsSelectorEventLoop running=True closed=False debug=False>
  File "C:\Users\soumy\AppData\Local\Programs\Python\Python312\Lib\asyncio\base_events.py", line 645, in run_forever
    self._run_once()
    │    └ <function BaseEventLoop._run_once at 0x0000020009A5D8A0>
    └ <_WindowsSelectorEventLoop running=True closed=False debug=False>
  File "C:\Users\soumy\AppData\Local\Programs\Python\Python312\Lib\asyncio\base_events.py", line 1999, in _run_once
    handle._run()
    │      └ <function Handle._run at 0x00000200099F5C60>
    └ <Handle Task.task_wakeup(<Future finished result=None>)>
  File "C:\Users\soumy\AppData\Local\Programs\Python\Python312\Lib\asyncio\events.py", line 88, in _run
    self._context.run(self._callback, *self._args)
    │    │            │    │           │    └ <member '_args' of 'Handle' objects>
    │    │            │    │           └ <Handle Task.task_wakeup(<Future finished result=None>)>
    │    │            │    └ <member '_callback' of 'Handle' objects>
    │    │            └ <Handle Task.task_wakeup(<Future finished result=None>)>
    │    └ <member '_context' of 'Handle' objects>
    └ <Handle Task.task_wakeup(<Future finished result=None>)>
> File "C:\Users\soumy\OneDrive\Desktop\Project\lca_platform\venv\Lib\site-packages\uvicorn\protocols\http\httptools_impl.py", line 426, in run_asgi
    result = await app(  # type: ignore[func-returns-value]
                   └ <uvicorn.middleware.proxy_headers.ProxyHeadersMiddleware object at 0x000002003EC296A0>
  File "C:\Users\soumy\OneDrive\Desktop\Project\lca_platform\venv\Lib\site-packages\uvicorn\middleware\proxy_headers.py", line 84, in __call__
    return await self.app(scope, receive, send)
                 │    │   │      │        └ <bound method RequestResponseCycle.send of <uvicorn.protocols.http.httptools_impl.RequestResponseCycle object at 0x0000020041...
                 │    │   │      └ <bound method RequestResponseCycle.receive of <uvicorn.protocols.http.httptools_impl.RequestResponseCycle object at 0x0000020...
                 │    │   └ {'type': 'http', 'asgi': {'version': '3.0', 'spec_version': '2.3'}, 'http_version': '1.1', 'server': ('127.0.0.1', 8000), 'cl...
                 │    └ <fastapi.applications.FastAPI object at 0x000002000D93B650>
                 └ <uvicorn.middleware.proxy_headers.ProxyHeadersMiddleware object at 0x000002003EC296A0>
  File "C:\Users\soumy\OneDrive\Desktop\Project\lca_platform\venv\Lib\site-packages\fastapi\applications.py", line 1106, in __call__
    await super().__call__(scope, receive, send)
                           │      │        └ <bound method RequestResponseCycle.send of <uvicorn.protocols.http.httptools_impl.RequestResponseCycle object at 0x0000020041...
                           │      └ <bound method RequestResponseCycle.receive of <uvicorn.protocols.http.httptools_impl.RequestResponseCycle object at 0x0000020...
                           └ {'type': 'http', 'asgi': {'version': '3.0', 'spec_version': '2.3'}, 'http_version': '1.1', 'server': ('127.0.0.1', 8000), 'cl...
  File "C:\Users\soumy\OneDrive\Desktop\Project\lca_platform\venv\Lib\site-packages\starlette\applications.py", line 122, in __call__
    await self.middleware_stack(scope, receive, send)
          │    │                │      │        └ <bound method RequestResponseCycle.send of <uvicorn.protocols.http.httptools_impl.RequestResponseCycle object at 0x0000020041...
          │    │                │      └ <bound method RequestResponseCycle.receive of <uvicorn.protocols.http.httptools_impl.RequestResponseCycle object at 0x0000020...
          │    │                └ {'type': 'http', 'asgi': {'version': '3.0', 'spec_version': '2.3'}, 'http_version': '1.1', 'server': ('127.0.0.1', 8000), 'cl...
          │    └ <starlette.middleware.errors.ServerErrorMiddleware object at 0x000002003ED517C0>
          └ <fastapi.applications.FastAPI object at 0x000002000D93B650>
  File "C:\Users\soumy\OneDrive\Desktop\Project\lca_platform\venv\Lib\site-packages\starlette\middleware\errors.py", line 184, in __call__
    raise exc
  File "C:\Users\soumy\OneDrive\Desktop\Project\lca_platform\venv\Lib\site-packages\starlette\middleware\errors.py", line 162, in __call__
    await self.app(scope, receive, _send)
          │    │   │      │        └ <function ServerErrorMiddleware.__call__.<locals>._send at 0x000002004110DB20>
          │    │   │      └ <bound method RequestResponseCycle.receive of <uvicorn.protocols.http.httptools_impl.RequestResponseCycle object at 0x0000020...
          │    │   └ {'type': 'http', 'asgi': {'version': '3.0', 'spec_version': '2.3'}, 'http_version': '1.1', 'server': ('127.0.0.1', 8000), 'cl...
          │    └ <starlette.middleware.base.BaseHTTPMiddleware object at 0x000002003E6D65A0>
          └ <starlette.middleware.errors.ServerErrorMiddleware object at 0x000002003ED517C0>
  File "C:\Users\soumy\OneDrive\Desktop\Project\lca_platform\venv\Lib\site-packages\starlette\middleware\base.py", line 108, in __call__
    response = await self.dispatch_func(request, call_next)
                     │    │             │        └ <function BaseHTTPMiddleware.__call__.<locals>.call_next at 0x000002004110DEE0>
                     │    │             └ <starlette.requests.Request object at 0x0000020041103410>
                     │    └ <function log_requests at 0x000002000D8DADE0>
                     └ <starlette.middleware.base.BaseHTTPMiddleware object at 0x000002003E6D65A0>

  File "C:\Users\soumy\OneDrive\Desktop\Project\lca_platform\backend\app\main.py", line 56, in log_requests
    response = await call_next(request)
                     │         └ <starlette.requests.Request object at 0x0000020041103410>
                     └ <function BaseHTTPMiddleware.__call__.<locals>.call_next at 0x000002004110DEE0>

  File "C:\Users\soumy\OneDrive\Desktop\Project\lca_platform\venv\Lib\site-packages\starlette\middleware\base.py", line 84, in call_next
    raise app_exc
          └ IntegrityError('(sqlite3.IntegrityError) FOREIGN KEY constraint failed')
  File "C:\Users\soumy\OneDrive\Desktop\Project\lca_platform\venv\Lib\site-packages\starlette\middleware\base.py", line 70, in coro
    await self.app(scope, receive_or_disconnect, send_no_error)
          │    │   │      │                      └ <function BaseHTTPMiddleware.__call__.<locals>.call_next.<locals>.send_no_error at 0x00000200408DB420>
          │    │   │      └ <function BaseHTTPMiddleware.__call__.<locals>.call_next.<locals>.receive_or_disconnect at 0x000002003F7B6C00>
          │    │   └ {'type': 'http', 'asgi': {'version': '3.0', 'spec_version': '2.3'}, 'http_version': '1.1', 'server': ('127.0.0.1', 8000), 'cl...
          │    └ <starlette.middleware.cors.CORSMiddleware object at 0x000002003CE6BFB0>
          └ <starlette.middleware.base.BaseHTTPMiddleware object at 0x000002003E6D65A0>
  File "C:\Users\soumy\OneDrive\Desktop\Project\lca_platform\venv\Lib\site-packages\starlette\middleware\cors.py", line 91, in __call__
    await self.simple_response(scope, receive, send, request_headers=headers)
          │    │               │      │        │                     └ Headers({'host': 'localhost:8000', 'connection': 'keep-alive', 'content-length': '0', 'sec-ch-ua-platform': '"Windows"', 'use...
          │    │               │      │        └ <function BaseHTTPMiddleware.__call__.<locals>.call_next.<locals>.send_no_error at 0x00000200408DB420>
          │    │               │      └ <function BaseHTTPMiddleware.__call__.<locals>.call_next.<locals>.receive_or_disconnect at 0x000002003F7B6C00>
          │    │               └ {'type': 'http', 'asgi': {'version': '3.0', 'spec_version': '2.3'}, 'http_version': '1.1', 'server': ('127.0.0.1', 8000), 'cl...
          │    └ <function CORSMiddleware.simple_response at 0x000002000D8D9940>
          └ <starlette.middleware.cors.CORSMiddleware object at 0x000002003CE6BFB0>
  File "C:\Users\soumy\OneDrive\Desktop\Project\lca_platform\venv\Lib\site-packages\starlette\middleware\cors.py", line 146, in simple_response
    await self.app(scope, receive, send)
          │    │   │      │        └ functools.partial(<bound method CORSMiddleware.send of <starlette.middleware.cors.CORSMiddleware object at 0x000002003CE6BFB0...
          │    │   │      └ <function BaseHTTPMiddleware.__call__.<locals>.call_next.<locals>.receive_or_disconnect at 0x000002003F7B6C00>
          │    │   └ {'type': 'http', 'asgi': {'version': '3.0', 'spec_version': '2.3'}, 'http_version': '1.1', 'server': ('127.0.0.1', 8000), 'cl...
          │    └ <starlette.middleware.exceptions.ExceptionMiddleware object at 0x000002003E863860>
          └ <starlette.middleware.cors.CORSMiddleware object at 0x000002003CE6BFB0>
  File "C:\Users\soumy\OneDrive\Desktop\Project\lca_platform\venv\Lib\site-packages\starlette\middleware\exceptions.py", line 79, in __call__
    raise exc
  File "C:\Users\soumy\OneDrive\Desktop\Project\lca_platform\venv\Lib\site-packages\starlette\middleware\exceptions.py", line 68, in __call__
    await self.app(scope, receive, sender)
          │    │   │      │        └ <function ExceptionMiddleware.__call__.<locals>.sender at 0x000002004110D1C0>
          │    │   │      └ <function BaseHTTPMiddleware.__call__.<locals>.call_next.<locals>.receive_or_disconnect at 0x000002003F7B6C00>
          │    │   └ {'type': 'http', 'asgi': {'version': '3.0', 'spec_version': '2.3'}, 'http_version': '1.1', 'server': ('127.0.0.1', 8000), 'cl...
          │    └ <fastapi.middleware.asyncexitstack.AsyncExitStackMiddleware object at 0x000002003EB52F60>
          └ <starlette.middleware.exceptions.ExceptionMiddleware object at 0x000002003E863860>
  File "C:\Users\soumy\OneDrive\Desktop\Project\lca_platform\venv\Lib\site-packages\fastapi\middleware\asyncexitstack.py", line 20, in __call__
    raise e
  File "C:\Users\soumy\OneDrive\Desktop\Project\lca_platform\venv\Lib\site-packages\fastapi\middleware\asyncexitstack.py", line 17, in __call__
    await self.app(scope, receive, send)
          │    │   │      │        └ <function ExceptionMiddleware.__call__.<locals>.sender at 0x000002004110D1C0>
          │    │   │      └ <function BaseHTTPMiddleware.__call__.<locals>.call_next.<locals>.receive_or_disconnect at 0x000002003F7B6C00>
          │    │   └ {'type': 'http', 'asgi': {'version': '3.0', 'spec_version': '2.3'}, 'http_version': '1.1', 'server': ('127.0.0.1', 8000), 'cl...
          │    └ <fastapi.routing.APIRouter object at 0x000002000E307FB0>
          └ <fastapi.middleware.asyncexitstack.AsyncExitStackMiddleware object at 0x000002003EB52F60>
  File "C:\Users\soumy\OneDrive\Desktop\Project\lca_platform\venv\Lib\site-packages\starlette\routing.py", line 718, in __call__
    await route.handle(scope, receive, send)
          │     │      │      │        └ <function ExceptionMiddleware.__call__.<locals>.sender at 0x000002004110D1C0>
          │     │      │      └ <function BaseHTTPMiddleware.__call__.<locals>.call_next.<locals>.receive_or_disconnect at 0x000002003F7B6C00>
          │     │      └ {'type': 'http', 'asgi': {'version': '3.0', 'spec_version': '2.3'}, 'http_version': '1.1', 'server': ('127.0.0.1', 8000), 'cl...
          │     └ <function Route.handle at 0x000002000D8396C0>
          └ APIRoute(path='/api/v1/reports/generate', name='generate_report', methods=['POST'])
  File "C:\Users\soumy\OneDrive\Desktop\Project\lca_platform\venv\Lib\site-packages\starlette\routing.py", line 276, in handle
    await self.app(scope, receive, send)
          │    │   │      │        └ <function ExceptionMiddleware.__call__.<locals>.sender at 0x000002004110D1C0>
          │    │   │      └ <function BaseHTTPMiddleware.__call__.<locals>.call_next.<locals>.receive_or_disconnect at 0x000002003F7B6C00>
          │    │   └ {'type': 'http', 'asgi': {'version': '3.0', 'spec_version': '2.3'}, 'http_version': '1.1', 'server': ('127.0.0.1', 8000), 'cl...
          │    └ <function request_response.<locals>.app at 0x000002003ED9CFE0>
          └ APIRoute(path='/api/v1/reports/generate', name='generate_report', methods=['POST'])
  File "C:\Users\soumy\OneDrive\Desktop\Project\lca_platform\venv\Lib\site-packages\starlette\routing.py", line 66, in app
    response = await func(request)
                     │    └ <starlette.requests.Request object at 0x00000200411037A0>
                     └ <function get_request_handler.<locals>.app at 0x000002003ED9D440>
  File "C:\Users\soumy\OneDrive\Desktop\Project\lca_platform\venv\Lib\site-packages\fastapi\routing.py", line 274, in app
    raw_response = await run_endpoint_function(
                         └ <function run_endpoint_function at 0x000002000D83A7A0>
  File "C:\Users\soumy\OneDrive\Desktop\Project\lca_platform\venv\Lib\site-packages\fastapi\routing.py", line 193, in run_endpoint_function
    return await run_in_threadpool(dependant.call, **values)
                 │                 │         │       └ {'db': <sqlalchemy.orm.session.Session object at 0x0000020041103530>, 'report_type': 'comprehensive', 'title': 'Analysis Repo...
                 │                 │         └ <function generate_report at 0x000002003ED5B240>
                 │                 └ <fastapi.dependencies.models.Dependant object at 0x000002003EDB5D60>
                 └ <function run_in_threadpool at 0x000002000C51CF40>
  File "C:\Users\soumy\OneDrive\Desktop\Project\lca_platform\venv\Lib\site-packages\starlette\concurrency.py", line 41, in run_in_threadpool
    return await anyio.to_thread.run_sync(func, *args)
                 │     │         │        │      └ ()
                 │     │         │        └ functools.partial(<function generate_report at 0x000002003ED5B240>, db=<sqlalchemy.orm.session.Session object at 0x0000020041...
                 │     │         └ <function run_sync at 0x000002000B7B0EA0>
                 │     └ <module 'anyio.to_thread' from 'C:\\Users\\soumy\\OneDrive\\Desktop\\Project\\lca_platform\\venv\\Lib\\site-packages\\anyio\\...
                 └ <module 'anyio' from 'C:\\Users\\soumy\\OneDrive\\Desktop\\Project\\lca_platform\\venv\\Lib\\site-packages\\anyio\\__init__.py'>
  File "C:\Users\soumy\OneDrive\Desktop\Project\lca_platform\venv\Lib\site-packages\anyio\to_thread.py", line 33, in run_sync
    return await get_asynclib().run_sync_in_worker_thread(
                 └ <function get_asynclib at 0x000002000B7723E0>
  File "C:\Users\soumy\OneDrive\Desktop\Project\lca_platform\venv\Lib\site-packages\anyio\_backends\_asyncio.py", line 877, in run_sync_in_worker_thread
    return await future
                 └ <Future finished exception=IntegrityError('(sqlite3.IntegrityError) FOREIGN KEY constraint failed')>
  File "C:\Users\soumy\OneDrive\Desktop\Project\lca_platform\venv\Lib\site-packages\anyio\_backends\_asyncio.py", line 807, in run
    result = context.run(func, *args)
             │       │   │      └ (<class 'sqlalchemy.exc.IntegrityError'>, IntegrityError('(sqlite3.IntegrityError) FOREIGN KEY constraint failed'), None)
             │       │   └ <bound method _GeneratorContextManager.__exit__ of <contextlib._GeneratorContextManager object at 0x0000020041102090>>
             │       └ <method 'run' of '_contextvars.Context' objects>
             └ <_contextvars.Context object at 0x0000020040E64FC0>

  File "C:\Users\soumy\OneDrive\Desktop\Project\lca_platform\backend\app\api\v1\reports.py", line 11, in generate_report
    result = report_service.generate_report(user_id=1, report_type=report_type, title=title, db=db)
             │              │                                      │                  │         └ <sqlalchemy.orm.session.Session object at 0x0000020041103530>
             │              │                                      │                  └ 'Analysis Report'
             │              │                                      └ 'comprehensive'
             │              └ <function generate_report at 0x000002003ED5B380>
             └ <module 'backend.app.services.report_service' from 'C:\\Users\\soumy\\OneDrive\\Desktop\\Project\\lca_platform\\backend\\app\...

  File "C:\Users\soumy\OneDrive\Desktop\Project\lca_platform\backend\app\services\report_service.py", line 34, in generate_report
    db.commit()
    │  └ <function Session.commit at 0x000002000E257100>
    └ <sqlalchemy.orm.session.Session object at 0x0000020041103530>

  File "C:\Users\soumy\OneDrive\Desktop\Project\lca_platform\venv\Lib\site-packages\sqlalchemy\orm\session.py", line 1969, in commit
    trans.commit(_to_root=True)
    │     └ <function SessionTransaction.commit at 0x000002000E256200>
    └ <sqlalchemy.orm.session.SessionTransaction object at 0x000002003F764D90>
  File "<string>", line 2, in commit
  File "C:\Users\soumy\OneDrive\Desktop\Project\lca_platform\venv\Lib\site-packages\sqlalchemy\orm\state_changes.py", line 139, in _go
    ret_value = fn(self, *arg, **kw)
                │  │      │      └ {'_to_root': True}
                │  │      └ ()
                │  └ <sqlalchemy.orm.session.SessionTransaction object at 0x000002003F764D90>
                └ <function SessionTransaction.commit at 0x000002000E256020>
  File "C:\Users\soumy\OneDrive\Desktop\Project\lca_platform\venv\Lib\site-packages\sqlalchemy\orm\session.py", line 1256, in commit
    self._prepare_impl()
    │    └ <function SessionTransaction._prepare_impl at 0x000002000E255EE0>
    └ <sqlalchemy.orm.session.SessionTransaction object at 0x000002003F764D90>
  File "<string>", line 2, in _prepare_impl
  File "C:\Users\soumy\OneDrive\Desktop\Project\lca_platform\venv\Lib\site-packages\sqlalchemy\orm\state_changes.py", line 139, in _go
    ret_value = fn(self, *arg, **kw)
                │  │      │      └ {}
                │  │      └ ()
                │  └ <sqlalchemy.orm.session.SessionTransaction object at 0x000002003F764D90>
                └ <function SessionTransaction._prepare_impl at 0x000002000E255E40>
  File "C:\Users\soumy\OneDrive\Desktop\Project\lca_platform\venv\Lib\site-packages\sqlalchemy\orm\session.py", line 1231, in _prepare_impl
    self.session.flush()
    │    │       └ <function Session.flush at 0x000002000E262020>
    │    └ <sqlalchemy.orm.session.Session object at 0x0000020041103530>
    └ <sqlalchemy.orm.session.SessionTransaction object at 0x000002003F764D90>
  File "C:\Users\soumy\OneDrive\Desktop\Project\lca_platform\venv\Lib\site-packages\sqlalchemy\orm\session.py", line 4312, in flush
    self._flush(objects)
    │    │      └ None
    │    └ <function Session._flush at 0x000002000E262200>
    └ <sqlalchemy.orm.session.Session object at 0x0000020041103530>
  File "C:\Users\soumy\OneDrive\Desktop\Project\lca_platform\venv\Lib\site-packages\sqlalchemy\orm\session.py", line 4447, in _flush
    with util.safe_reraise():
         │    └ <class 'sqlalchemy.util.langhelpers.safe_reraise'>
         └ <module 'sqlalchemy.util' from 'C:\\Users\\soumy\\OneDrive\\Desktop\\Project\\lca_platform\\venv\\Lib\\site-packages\\sqlalch...
  File "C:\Users\soumy\OneDrive\Desktop\Project\lca_platform\venv\Lib\site-packages\sqlalchemy\util\langhelpers.py", line 146, in __exit__
    raise exc_value.with_traceback(exc_tb)
          │         │              └ <traceback object at 0x0000020040E47080>
          │         └ <method 'with_traceback' of 'BaseException' objects>
          └ IntegrityError('(sqlite3.IntegrityError) FOREIGN KEY constraint failed')
  File "C:\Users\soumy\OneDrive\Desktop\Project\lca_platform\venv\Lib\site-packages\sqlalchemy\orm\session.py", line 4408, in _flush
    flush_context.execute()
    │             └ <function UOWTransaction.execute at 0x000002000E236A20>
    └ <sqlalchemy.orm.unitofwork.UOWTransaction object at 0x0000020040DDEDE0>
  File "C:\Users\soumy\OneDrive\Desktop\Project\lca_platform\venv\Lib\site-packages\sqlalchemy\orm\unitofwork.py", line 466, in execute
    rec.execute(self)
    │   │       └ <sqlalchemy.orm.unitofwork.UOWTransaction object at 0x0000020040DDEDE0>
    │   └ <function SaveUpdateAll.execute at 0x000002000E237560>
    └ SaveUpdateAll(Mapper[Report(reports)])
  File "C:\Users\soumy\OneDrive\Desktop\Project\lca_platform\venv\Lib\site-packages\sqlalchemy\orm\unitofwork.py", line 642, in execute
    util.preloaded.orm_persistence.save_obj(
    │    │         │               └ <function save_obj at 0x000002000E155C60>
    │    │         └ <module 'sqlalchemy.orm.persistence' from 'C:\\Users\\soumy\\OneDrive\\Desktop\\Project\\lca_platform\\venv\\Lib\\site-packag...
    │    └ <module 'sqlalchemy.util.preloaded' from 'C:\\Users\\soumy\\OneDrive\\Desktop\\Project\\lca_platform\\venv\\Lib\\site-package...
    └ <module 'sqlalchemy.util' from 'C:\\Users\\soumy\\OneDrive\\Desktop\\Project\\lca_platform\\venv\\Lib\\site-packages\\sqlalch...
  File "C:\Users\soumy\OneDrive\Desktop\Project\lca_platform\venv\Lib\site-packages\sqlalchemy\orm\persistence.py", line 93, in save_obj
    _emit_insert_statements(
    └ <function _emit_insert_statements at 0x000002000E22D9E0>
  File "C:\Users\soumy\OneDrive\Desktop\Project\lca_platform\venv\Lib\site-packages\sqlalchemy\orm\persistence.py", line 1226, in _emit_insert_statements
    result = connection.execute(
             │          └ <function Connection.execute at 0x000002000DF0FEC0>
             └ <sqlalchemy.engine.base.Connection object at 0x0000020040ECAAE0>
  File "C:\Users\soumy\OneDrive\Desktop\Project\lca_platform\venv\Lib\site-packages\sqlalchemy\engine\base.py", line 1416, in execute
    return meth(
           └ <bound method ClauseElement._execute_on_connection of <sqlalchemy.sql.dml.Insert object at 0x0000020040EC8F20>>
  File "C:\Users\soumy\OneDrive\Desktop\Project\lca_platform\venv\Lib\site-packages\sqlalchemy\sql\elements.py", line 516, in _execute_on_connection
    return connection._execute_clauseelement(
           │          └ <function Connection._execute_clauseelement at 0x000002000DF14220>
           └ <sqlalchemy.engine.base.Connection object at 0x0000020040ECAAE0>
  File "C:\Users\soumy\OneDrive\Desktop\Project\lca_platform\venv\Lib\site-packages\sqlalchemy\engine\base.py", line 1639, in _execute_clauseelement
    ret = self._execute_context(
          │    └ <function Connection._execute_context at 0x000002000DF14400>
          └ <sqlalchemy.engine.base.Connection object at 0x0000020040ECAAE0>
  File "C:\Users\soumy\OneDrive\Desktop\Project\lca_platform\venv\Lib\site-packages\sqlalchemy\engine\base.py", line 1848, in _execute_context
    return self._exec_single_context(
           │    └ <function Connection._exec_single_context at 0x000002000DF144A0>
           └ <sqlalchemy.engine.base.Connection object at 0x0000020040ECAAE0>
  File "C:\Users\soumy\OneDrive\Desktop\Project\lca_platform\venv\Lib\site-packages\sqlalchemy\engine\base.py", line 1988, in _exec_single_context
    self._handle_dbapi_exception(
    │    └ <function Connection._handle_dbapi_exception at 0x000002000DF14720>
    └ <sqlalchemy.engine.base.Connection object at 0x0000020040ECAAE0>
  File "C:\Users\soumy\OneDrive\Desktop\Project\lca_platform\venv\Lib\site-packages\sqlalchemy\engine\base.py", line 2343, in _handle_dbapi_exception
    raise sqlalchemy_exception.with_traceback(exc_info[2]) from e
          │                    │              │                 └ IntegrityError('FOREIGN KEY constraint failed')
          │                    │              └ (<class 'sqlite3.IntegrityError'>, IntegrityError('FOREIGN KEY constraint failed'), <traceback object at 0x0000020040E46F80>)
          │                    └ <method 'with_traceback' of 'BaseException' objects>
          └ IntegrityError('(sqlite3.IntegrityError) FOREIGN KEY constraint failed')
  File "C:\Users\soumy\OneDrive\Desktop\Project\lca_platform\venv\Lib\site-packages\sqlalchemy\engine\base.py", line 1969, in _exec_single_context
    self.dialect.do_execute(
    │    │       └ <function DefaultDialect.do_execute at 0x000002000DF9ECA0>
    │    └ <sqlalchemy.dialects.sqlite.pysqlite.SQLiteDialect_pysqlite object at 0x000002000DC5F6B0>
    └ <sqlalchemy.engine.base.Connection object at 0x0000020040ECAAE0>
  File "C:\Users\soumy\OneDrive\Desktop\Project\lca_platform\venv\Lib\site-packages\sqlalchemy\engine\default.py", line 922, in do_execute
    cursor.execute(statement, parameters)
    │      │       │          └ (1, 'Analysis Report', 'comprehensive', '{"lca_summary": {"assessment_count": 1, "totals": {"carbon_kg_co2": 142200000.0, "wa...
    │      │       └ 'INSERT INTO reports (user_id, title, report_type, content, file_path, status, created_at) VALUES (?, ?, ?, ?, ?, ?, ?)'
    │      └ <method 'execute' of 'sqlite3.Cursor' objects>
    └ <sqlite3.Cursor object at 0x00000200411A1CC0>

sqlalchemy.exc.IntegrityError: (sqlite3.IntegrityError) FOREIGN KEY constraint failed
[SQL: INSERT INTO reports (user_id, title, report_type, content, file_path, status, created_at) VALUES (?, ?, ?, ?, ?, ?, ?)]
[parameters: (1, 'Analysis Report', 'comprehensive', '{"lca_summary": {"assessment_count": 1, "totals": {"carbon_kg_co2": 142200000.0, "water_m3": 13800000.0, "energy_mj": 225000000.0, "waste_kg": 586500 ... (399 characters truncated) ... 56.25, "grade": "C+"}]}, "predictions_summary": {"message": "No predictions found", "predictions": []}, "generated_at": "2026-07-26T13:05:17.655985"}', '', 'generated', '2026-07-26 13:05:17.655985')]
(Background on this error at: https://sqlalche.me/e/20/gkpj)
2026-07-26 18:35:18 | ERROR    | uvicorn.protocols.http.httptools_impl:run_asgi:431 - Exception in ASGI application

Traceback (most recent call last):

  File "C:\Users\soumy\OneDrive\Desktop\Project\lca_platform\venv\Lib\site-packages\sqlalchemy\engine\base.py", line 1969, in _exec_single_context
    self.dialect.do_execute(
    │    │       └ <function DefaultDialect.do_execute at 0x000002000DF9ECA0>
    │    └ <sqlalchemy.dialects.sqlite.pysqlite.SQLiteDialect_pysqlite object at 0x000002000DC5F6B0>
    └ <sqlalchemy.engine.base.Connection object at 0x0000020041166060>
  File "C:\Users\soumy\OneDrive\Desktop\Project\lca_platform\venv\Lib\site-packages\sqlalchemy\engine\default.py", line 922, in do_execute
    cursor.execute(statement, parameters)
    │      │       │          └ (1, 'Analysis Report', 'comprehensive', '{"lca_summary": {"assessment_count": 1, "totals": {"carbon_kg_co2": 142200000.0, "wa...
    │      │       └ 'INSERT INTO reports (user_id, title, report_type, content, file_path, status, created_at) VALUES (?, ?, ?, ?, ?, ?, ?)'
    │      └ <method 'execute' of 'sqlite3.Cursor' objects>
    └ <sqlite3.Cursor object at 0x00000200414B59C0>

sqlite3.IntegrityError: FOREIGN KEY constraint failed


The above exception was the direct cause of the following exception:


Traceback (most recent call last):

  File "<string>", line 1, in <module>
  File "C:\Users\soumy\AppData\Local\Programs\Python\Python312\Lib\multiprocessing\spawn.py", line 122, in spawn_main
    exitcode = _main(fd, parent_sentinel)
               │     │   └ 376
               │     └ 3
               └ <function _main at 0x0000020009310540>
  File "C:\Users\soumy\AppData\Local\Programs\Python\Python312\Lib\multiprocessing\spawn.py", line 135, in _main
    return self._bootstrap(parent_sentinel)
           │    │          └ 376
           │    └ <function BaseProcess._bootstrap at 0x0000020009213A60>
           └ <SpawnProcess name='SpawnProcess-1' parent=13248 started>
  File "C:\Users\soumy\AppData\Local\Programs\Python\Python312\Lib\multiprocessing\process.py", line 314, in _bootstrap
    self.run()
    │    └ <function BaseProcess.run at 0x0000020009212FC0>
    └ <SpawnProcess name='SpawnProcess-1' parent=13248 started>
  File "C:\Users\soumy\AppData\Local\Programs\Python\Python312\Lib\multiprocessing\process.py", line 108, in run
    self._target(*self._args, **self._kwargs)
    │    │        │    │        │    └ {'config': <uvicorn.config.Config object at 0x000002000962DAC0>, 'target': <bound method Server.run of <uvicorn.server.Server...
    │    │        │    │        └ <SpawnProcess name='SpawnProcess-1' parent=13248 started>
    │    │        │    └ ()
    │    │        └ <SpawnProcess name='SpawnProcess-1' parent=13248 started>
    │    └ <function subprocess_started at 0x000002000B727D80>
    └ <SpawnProcess name='SpawnProcess-1' parent=13248 started>
  File "C:\Users\soumy\OneDrive\Desktop\Project\lca_platform\venv\Lib\site-packages\uvicorn\_subprocess.py", line 76, in subprocess_started
    target(sockets=sockets)
    │              └ [<socket.socket fd=432, family=2, type=1, proto=6, laddr=('0.0.0.0', 8000)>]
    └ <bound method Server.run of <uvicorn.server.Server object at 0x000002000B85A9C0>>
  File "C:\Users\soumy\OneDrive\Desktop\Project\lca_platform\venv\Lib\site-packages\uvicorn\server.py", line 61, in run
    return asyncio.run(self.serve(sockets=sockets))
           │       │   │    │             └ [<socket.socket fd=432, family=2, type=1, proto=6, laddr=('0.0.0.0', 8000)>]
           │       │   │    └ <function Server.serve at 0x000002000B7272E0>
           │       │   └ <uvicorn.server.Server object at 0x000002000B85A9C0>
           │       └ <function run at 0x0000020009A0E660>
           └ <module 'asyncio' from 'C:\\Users\\soumy\\AppData\\Local\\Programs\\Python\\Python312\\Lib\\asyncio\\__init__.py'>
  File "C:\Users\soumy\AppData\Local\Programs\Python\Python312\Lib\asyncio\runners.py", line 195, in run
    return runner.run(main)
           │      │   └ <coroutine object Server.serve at 0x000002000B648740>
           │      └ <function Runner.run at 0x0000020009A5DF80>
           └ <asyncio.runners.Runner object at 0x000002000B69CC50>
  File "C:\Users\soumy\AppData\Local\Programs\Python\Python312\Lib\asyncio\runners.py", line 118, in run
    return self._loop.run_until_complete(task)
           │    │     │                  └ <Task pending name='Task-1' coro=<Server.serve() running at C:\Users\soumy\OneDrive\Desktop\Project\lca_platform\venv\Lib\sit...
           │    │     └ <function BaseEventLoop.run_until_complete at 0x0000020009A57B00>
           │    └ <_WindowsSelectorEventLoop running=True closed=False debug=False>
           └ <asyncio.runners.Runner object at 0x000002000B69CC50>
  File "C:\Users\soumy\AppData\Local\Programs\Python\Python312\Lib\asyncio\base_events.py", line 678, in run_until_complete
    self.run_forever()
    │    └ <function BaseEventLoop.run_forever at 0x0000020009A57A60>
    └ <_WindowsSelectorEventLoop running=True closed=False debug=False>
  File "C:\Users\soumy\AppData\Local\Programs\Python\Python312\Lib\asyncio\base_events.py", line 645, in run_forever
    self._run_once()
    │    └ <function BaseEventLoop._run_once at 0x0000020009A5D8A0>
    └ <_WindowsSelectorEventLoop running=True closed=False debug=False>
  File "C:\Users\soumy\AppData\Local\Programs\Python\Python312\Lib\asyncio\base_events.py", line 1999, in _run_once
    handle._run()
    │      └ <function Handle._run at 0x00000200099F5C60>
    └ <Handle Task.task_wakeup(<Future finished result=None>)>
  File "C:\Users\soumy\AppData\Local\Programs\Python\Python312\Lib\asyncio\events.py", line 88, in _run
    self._context.run(self._callback, *self._args)
    │    │            │    │           │    └ <member '_args' of 'Handle' objects>
    │    │            │    │           └ <Handle Task.task_wakeup(<Future finished result=None>)>
    │    │            │    └ <member '_callback' of 'Handle' objects>
    │    │            └ <Handle Task.task_wakeup(<Future finished result=None>)>
    │    └ <member '_context' of 'Handle' objects>
    └ <Handle Task.task_wakeup(<Future finished result=None>)>
> File "C:\Users\soumy\OneDrive\Desktop\Project\lca_platform\venv\Lib\site-packages\uvicorn\protocols\http\httptools_impl.py", line 426, in run_asgi
    result = await app(  # type: ignore[func-returns-value]
                   └ <uvicorn.middleware.proxy_headers.ProxyHeadersMiddleware object at 0x000002003EC296A0>
  File "C:\Users\soumy\OneDrive\Desktop\Project\lca_platform\venv\Lib\site-packages\uvicorn\middleware\proxy_headers.py", line 84, in __call__
    return await self.app(scope, receive, send)
                 │    │   │      │        └ <bound method RequestResponseCycle.send of <uvicorn.protocols.http.httptools_impl.RequestResponseCycle object at 0x000002003F...
                 │    │   │      └ <bound method RequestResponseCycle.receive of <uvicorn.protocols.http.httptools_impl.RequestResponseCycle object at 0x0000020...
                 │    │   └ {'type': 'http', 'asgi': {'version': '3.0', 'spec_version': '2.3'}, 'http_version': '1.1', 'server': ('127.0.0.1', 8000), 'cl...
                 │    └ <fastapi.applications.FastAPI object at 0x000002000D93B650>
                 └ <uvicorn.middleware.proxy_headers.ProxyHeadersMiddleware object at 0x000002003EC296A0>
  File "C:\Users\soumy\OneDrive\Desktop\Project\lca_platform\venv\Lib\site-packages\fastapi\applications.py", line 1106, in __call__
    await super().__call__(scope, receive, send)
                           │      │        └ <bound method RequestResponseCycle.send of <uvicorn.protocols.http.httptools_impl.RequestResponseCycle object at 0x000002003F...
                           │      └ <bound method RequestResponseCycle.receive of <uvicorn.protocols.http.httptools_impl.RequestResponseCycle object at 0x0000020...
                           └ {'type': 'http', 'asgi': {'version': '3.0', 'spec_version': '2.3'}, 'http_version': '1.1', 'server': ('127.0.0.1', 8000), 'cl...
  File "C:\Users\soumy\OneDrive\Desktop\Project\lca_platform\venv\Lib\site-packages\starlette\applications.py", line 122, in __call__
    await self.middleware_stack(scope, receive, send)
          │    │                │      │        └ <bound method RequestResponseCycle.send of <uvicorn.protocols.http.httptools_impl.RequestResponseCycle object at 0x000002003F...
          │    │                │      └ <bound method RequestResponseCycle.receive of <uvicorn.protocols.http.httptools_impl.RequestResponseCycle object at 0x0000020...
          │    │                └ {'type': 'http', 'asgi': {'version': '3.0', 'spec_version': '2.3'}, 'http_version': '1.1', 'server': ('127.0.0.1', 8000), 'cl...
          │    └ <starlette.middleware.errors.ServerErrorMiddleware object at 0x000002003ED517C0>
          └ <fastapi.applications.FastAPI object at 0x000002000D93B650>
  File "C:\Users\soumy\OneDrive\Desktop\Project\lca_platform\venv\Lib\site-packages\starlette\middleware\errors.py", line 184, in __call__
    raise exc
  File "C:\Users\soumy\OneDrive\Desktop\Project\lca_platform\venv\Lib\site-packages\starlette\middleware\errors.py", line 162, in __call__
    await self.app(scope, receive, _send)
          │    │   │      │        └ <function ServerErrorMiddleware.__call__.<locals>._send at 0x0000020040854A40>
          │    │   │      └ <bound method RequestResponseCycle.receive of <uvicorn.protocols.http.httptools_impl.RequestResponseCycle object at 0x0000020...
          │    │   └ {'type': 'http', 'asgi': {'version': '3.0', 'spec_version': '2.3'}, 'http_version': '1.1', 'server': ('127.0.0.1', 8000), 'cl...
          │    └ <starlette.middleware.base.BaseHTTPMiddleware object at 0x000002003E6D65A0>
          └ <starlette.middleware.errors.ServerErrorMiddleware object at 0x000002003ED517C0>
  File "C:\Users\soumy\OneDrive\Desktop\Project\lca_platform\venv\Lib\site-packages\starlette\middleware\base.py", line 108, in __call__
    response = await self.dispatch_func(request, call_next)
                     │    │             │        └ <function BaseHTTPMiddleware.__call__.<locals>.call_next at 0x00000200412E22A0>
                     │    │             └ <starlette.requests.Request object at 0x000002003F7DA6F0>
                     │    └ <function log_requests at 0x000002000D8DADE0>
                     └ <starlette.middleware.base.BaseHTTPMiddleware object at 0x000002003E6D65A0>

  File "C:\Users\soumy\OneDrive\Desktop\Project\lca_platform\backend\app\main.py", line 56, in log_requests
    response = await call_next(request)
                     │         └ <starlette.requests.Request object at 0x000002003F7DA6F0>
                     └ <function BaseHTTPMiddleware.__call__.<locals>.call_next at 0x00000200412E22A0>

  File "C:\Users\soumy\OneDrive\Desktop\Project\lca_platform\venv\Lib\site-packages\starlette\middleware\base.py", line 84, in call_next
    raise app_exc
          └ IntegrityError('(sqlite3.IntegrityError) FOREIGN KEY constraint failed')
  File "C:\Users\soumy\OneDrive\Desktop\Project\lca_platform\venv\Lib\site-packages\starlette\middleware\base.py", line 70, in coro
    await self.app(scope, receive_or_disconnect, send_no_error)
          │    │   │      │                      └ <function BaseHTTPMiddleware.__call__.<locals>.call_next.<locals>.send_no_error at 0x00000200412E23E0>
          │    │   │      └ <function BaseHTTPMiddleware.__call__.<locals>.call_next.<locals>.receive_or_disconnect at 0x00000200412E2200>
          │    │   └ {'type': 'http', 'asgi': {'version': '3.0', 'spec_version': '2.3'}, 'http_version': '1.1', 'server': ('127.0.0.1', 8000), 'cl...
          │    └ <starlette.middleware.cors.CORSMiddleware object at 0x000002003CE6BFB0>
          └ <starlette.middleware.base.BaseHTTPMiddleware object at 0x000002003E6D65A0>
  File "C:\Users\soumy\OneDrive\Desktop\Project\lca_platform\venv\Lib\site-packages\starlette\middleware\cors.py", line 91, in __call__
    await self.simple_response(scope, receive, send, request_headers=headers)
          │    │               │      │        │                     └ Headers({'host': 'localhost:8000', 'connection': 'keep-alive', 'content-length': '0', 'sec-ch-ua-platform': '"Windows"', 'use...
          │    │               │      │        └ <function BaseHTTPMiddleware.__call__.<locals>.call_next.<locals>.send_no_error at 0x00000200412E23E0>
          │    │               │      └ <function BaseHTTPMiddleware.__call__.<locals>.call_next.<locals>.receive_or_disconnect at 0x00000200412E2200>
          │    │               └ {'type': 'http', 'asgi': {'version': '3.0', 'spec_version': '2.3'}, 'http_version': '1.1', 'server': ('127.0.0.1', 8000), 'cl...
          │    └ <function CORSMiddleware.simple_response at 0x000002000D8D9940>
          └ <starlette.middleware.cors.CORSMiddleware object at 0x000002003CE6BFB0>
  File "C:\Users\soumy\OneDrive\Desktop\Project\lca_platform\venv\Lib\site-packages\starlette\middleware\cors.py", line 146, in simple_response
    await self.app(scope, receive, send)
          │    │   │      │        └ functools.partial(<bound method CORSMiddleware.send of <starlette.middleware.cors.CORSMiddleware object at 0x000002003CE6BFB0...
          │    │   │      └ <function BaseHTTPMiddleware.__call__.<locals>.call_next.<locals>.receive_or_disconnect at 0x00000200412E2200>
          │    │   └ {'type': 'http', 'asgi': {'version': '3.0', 'spec_version': '2.3'}, 'http_version': '1.1', 'server': ('127.0.0.1', 8000), 'cl...
          │    └ <starlette.middleware.exceptions.ExceptionMiddleware object at 0x000002003E863860>
          └ <starlette.middleware.cors.CORSMiddleware object at 0x000002003CE6BFB0>
  File "C:\Users\soumy\OneDrive\Desktop\Project\lca_platform\venv\Lib\site-packages\starlette\middleware\exceptions.py", line 79, in __call__
    raise exc
  File "C:\Users\soumy\OneDrive\Desktop\Project\lca_platform\venv\Lib\site-packages\starlette\middleware\exceptions.py", line 68, in __call__
    await self.app(scope, receive, sender)
          │    │   │      │        └ <function ExceptionMiddleware.__call__.<locals>.sender at 0x0000020041222700>
          │    │   │      └ <function BaseHTTPMiddleware.__call__.<locals>.call_next.<locals>.receive_or_disconnect at 0x00000200412E2200>
          │    │   └ {'type': 'http', 'asgi': {'version': '3.0', 'spec_version': '2.3'}, 'http_version': '1.1', 'server': ('127.0.0.1', 8000), 'cl...
          │    └ <fastapi.middleware.asyncexitstack.AsyncExitStackMiddleware object at 0x000002003EB52F60>
          └ <starlette.middleware.exceptions.ExceptionMiddleware object at 0x000002003E863860>
  File "C:\Users\soumy\OneDrive\Desktop\Project\lca_platform\venv\Lib\site-packages\fastapi\middleware\asyncexitstack.py", line 20, in __call__
    raise e
  File "C:\Users\soumy\OneDrive\Desktop\Project\lca_platform\venv\Lib\site-packages\fastapi\middleware\asyncexitstack.py", line 17, in __call__
    await self.app(scope, receive, send)
          │    │   │      │        └ <function ExceptionMiddleware.__call__.<locals>.sender at 0x0000020041222700>
          │    │   │      └ <function BaseHTTPMiddleware.__call__.<locals>.call_next.<locals>.receive_or_disconnect at 0x00000200412E2200>
          │    │   └ {'type': 'http', 'asgi': {'version': '3.0', 'spec_version': '2.3'}, 'http_version': '1.1', 'server': ('127.0.0.1', 8000), 'cl...
          │    └ <fastapi.routing.APIRouter object at 0x000002000E307FB0>
          └ <fastapi.middleware.asyncexitstack.AsyncExitStackMiddleware object at 0x000002003EB52F60>
  File "C:\Users\soumy\OneDrive\Desktop\Project\lca_platform\venv\Lib\site-packages\starlette\routing.py", line 718, in __call__
    await route.handle(scope, receive, send)
          │     │      │      │        └ <function ExceptionMiddleware.__call__.<locals>.sender at 0x0000020041222700>
          │     │      │      └ <function BaseHTTPMiddleware.__call__.<locals>.call_next.<locals>.receive_or_disconnect at 0x00000200412E2200>
          │     │      └ {'type': 'http', 'asgi': {'version': '3.0', 'spec_version': '2.3'}, 'http_version': '1.1', 'server': ('127.0.0.1', 8000), 'cl...
          │     └ <function Route.handle at 0x000002000D8396C0>
          └ APIRoute(path='/api/v1/reports/generate', name='generate_report', methods=['POST'])
  File "C:\Users\soumy\OneDrive\Desktop\Project\lca_platform\venv\Lib\site-packages\starlette\routing.py", line 276, in handle
    await self.app(scope, receive, send)
          │    │   │      │        └ <function ExceptionMiddleware.__call__.<locals>.sender at 0x0000020041222700>
          │    │   │      └ <function BaseHTTPMiddleware.__call__.<locals>.call_next.<locals>.receive_or_disconnect at 0x00000200412E2200>
          │    │   └ {'type': 'http', 'asgi': {'version': '3.0', 'spec_version': '2.3'}, 'http_version': '1.1', 'server': ('127.0.0.1', 8000), 'cl...
          │    └ <function request_response.<locals>.app at 0x000002003ED9CFE0>
          └ APIRoute(path='/api/v1/reports/generate', name='generate_report', methods=['POST'])
  File "C:\Users\soumy\OneDrive\Desktop\Project\lca_platform\venv\Lib\site-packages\starlette\routing.py", line 66, in app
    response = await func(request)
                     │    └ <starlette.requests.Request object at 0x000002003F7D8F20>
                     └ <function get_request_handler.<locals>.app at 0x000002003ED9D440>
  File "C:\Users\soumy\OneDrive\Desktop\Project\lca_platform\venv\Lib\site-packages\fastapi\routing.py", line 274, in app
    raw_response = await run_endpoint_function(
                         └ <function run_endpoint_function at 0x000002000D83A7A0>
  File "C:\Users\soumy\OneDrive\Desktop\Project\lca_platform\venv\Lib\site-packages\fastapi\routing.py", line 193, in run_endpoint_function
    return await run_in_threadpool(dependant.call, **values)
                 │                 │         │       └ {'db': <sqlalchemy.orm.session.Session object at 0x0000020041167A40>, 'report_type': 'comprehensive', 'title': 'Analysis Repo...
                 │                 │         └ <function generate_report at 0x000002003ED5B240>
                 │                 └ <fastapi.dependencies.models.Dependant object at 0x000002003EDB5D60>
                 └ <function run_in_threadpool at 0x000002000C51CF40>
  File "C:\Users\soumy\OneDrive\Desktop\Project\lca_platform\venv\Lib\site-packages\starlette\concurrency.py", line 41, in run_in_threadpool
    return await anyio.to_thread.run_sync(func, *args)
                 │     │         │        │      └ ()
                 │     │         │        └ functools.partial(<function generate_report at 0x000002003ED5B240>, db=<sqlalchemy.orm.session.Session object at 0x0000020041...
                 │     │         └ <function run_sync at 0x000002000B7B0EA0>
                 │     └ <module 'anyio.to_thread' from 'C:\\Users\\soumy\\OneDrive\\Desktop\\Project\\lca_platform\\venv\\Lib\\site-packages\\anyio\\...
                 └ <module 'anyio' from 'C:\\Users\\soumy\\OneDrive\\Desktop\\Project\\lca_platform\\venv\\Lib\\site-packages\\anyio\\__init__.py'>
  File "C:\Users\soumy\OneDrive\Desktop\Project\lca_platform\venv\Lib\site-packages\anyio\to_thread.py", line 33, in run_sync
    return await get_asynclib().run_sync_in_worker_thread(
                 └ <function get_asynclib at 0x000002000B7723E0>
  File "C:\Users\soumy\OneDrive\Desktop\Project\lca_platform\venv\Lib\site-packages\anyio\_backends\_asyncio.py", line 877, in run_sync_in_worker_thread
    return await future
                 └ <Future finished exception=IntegrityError('(sqlite3.IntegrityError) FOREIGN KEY constraint failed')>
  File "C:\Users\soumy\OneDrive\Desktop\Project\lca_platform\venv\Lib\site-packages\anyio\_backends\_asyncio.py", line 807, in run
    result = context.run(func, *args)
             │       │   │      └ (<class 'sqlalchemy.exc.IntegrityError'>, IntegrityError('(sqlite3.IntegrityError) FOREIGN KEY constraint failed'), None)
             │       │   └ <bound method _GeneratorContextManager.__exit__ of <contextlib._GeneratorContextManager object at 0x00000200408C84A0>>
             │       └ <method 'run' of '_contextvars.Context' objects>
             └ <_contextvars.Context object at 0x0000020040DEAFC0>

  File "C:\Users\soumy\OneDrive\Desktop\Project\lca_platform\backend\app\api\v1\reports.py", line 11, in generate_report
    result = report_service.generate_report(user_id=1, report_type=report_type, title=title, db=db)
             │              │                                      │                  │         └ <sqlalchemy.orm.session.Session object at 0x0000020041167A40>
             │              │                                      │                  └ 'Analysis Report'
             │              │                                      └ 'comprehensive'
             │              └ <function generate_report at 0x000002003ED5B380>
             └ <module 'backend.app.services.report_service' from 'C:\\Users\\soumy\\OneDrive\\Desktop\\Project\\lca_platform\\backend\\app\...

  File "C:\Users\soumy\OneDrive\Desktop\Project\lca_platform\backend\app\services\report_service.py", line 34, in generate_report
    db.commit()
    │  └ <function Session.commit at 0x000002000E257100>
    └ <sqlalchemy.orm.session.Session object at 0x0000020041167A40>

  File "C:\Users\soumy\OneDrive\Desktop\Project\lca_platform\venv\Lib\site-packages\sqlalchemy\orm\session.py", line 1969, in commit
    trans.commit(_to_root=True)
    │     └ <function SessionTransaction.commit at 0x000002000E256200>
    └ <sqlalchemy.orm.session.SessionTransaction object at 0x0000020041154490>
  File "<string>", line 2, in commit
  File "C:\Users\soumy\OneDrive\Desktop\Project\lca_platform\venv\Lib\site-packages\sqlalchemy\orm\state_changes.py", line 139, in _go
    ret_value = fn(self, *arg, **kw)
                │  │      │      └ {'_to_root': True}
                │  │      └ ()
                │  └ <sqlalchemy.orm.session.SessionTransaction object at 0x0000020041154490>
                └ <function SessionTransaction.commit at 0x000002000E256020>
  File "C:\Users\soumy\OneDrive\Desktop\Project\lca_platform\venv\Lib\site-packages\sqlalchemy\orm\session.py", line 1256, in commit
    self._prepare_impl()
    │    └ <function SessionTransaction._prepare_impl at 0x000002000E255EE0>
    └ <sqlalchemy.orm.session.SessionTransaction object at 0x0000020041154490>
  File "<string>", line 2, in _prepare_impl
  File "C:\Users\soumy\OneDrive\Desktop\Project\lca_platform\venv\Lib\site-packages\sqlalchemy\orm\state_changes.py", line 139, in _go
    ret_value = fn(self, *arg, **kw)
                │  │      │      └ {}
                │  │      └ ()
                │  └ <sqlalchemy.orm.session.SessionTransaction object at 0x0000020041154490>
                └ <function SessionTransaction._prepare_impl at 0x000002000E255E40>
  File "C:\Users\soumy\OneDrive\Desktop\Project\lca_platform\venv\Lib\site-packages\sqlalchemy\orm\session.py", line 1231, in _prepare_impl
    self.session.flush()
    │    │       └ <function Session.flush at 0x000002000E262020>
    │    └ <sqlalchemy.orm.session.Session object at 0x0000020041167A40>
    └ <sqlalchemy.orm.session.SessionTransaction object at 0x0000020041154490>
  File "C:\Users\soumy\OneDrive\Desktop\Project\lca_platform\venv\Lib\site-packages\sqlalchemy\orm\session.py", line 4312, in flush
    self._flush(objects)
    │    │      └ None
    │    └ <function Session._flush at 0x000002000E262200>
    └ <sqlalchemy.orm.session.Session object at 0x0000020041167A40>
  File "C:\Users\soumy\OneDrive\Desktop\Project\lca_platform\venv\Lib\site-packages\sqlalchemy\orm\session.py", line 4447, in _flush
    with util.safe_reraise():
         │    └ <class 'sqlalchemy.util.langhelpers.safe_reraise'>
         └ <module 'sqlalchemy.util' from 'C:\\Users\\soumy\\OneDrive\\Desktop\\Project\\lca_platform\\venv\\Lib\\site-packages\\sqlalch...
  File "C:\Users\soumy\OneDrive\Desktop\Project\lca_platform\venv\Lib\site-packages\sqlalchemy\util\langhelpers.py", line 146, in __exit__
    raise exc_value.with_traceback(exc_tb)
          │         │              └ <traceback object at 0x00000200414C46C0>
          │         └ <method 'with_traceback' of 'BaseException' objects>
          └ IntegrityError('(sqlite3.IntegrityError) FOREIGN KEY constraint failed')
  File "C:\Users\soumy\OneDrive\Desktop\Project\lca_platform\venv\Lib\site-packages\sqlalchemy\orm\session.py", line 4408, in _flush
    flush_context.execute()
    │             └ <function UOWTransaction.execute at 0x000002000E236A20>
    └ <sqlalchemy.orm.unitofwork.UOWTransaction object at 0x0000020041166D20>
  File "C:\Users\soumy\OneDrive\Desktop\Project\lca_platform\venv\Lib\site-packages\sqlalchemy\orm\unitofwork.py", line 466, in execute
    rec.execute(self)
    │   │       └ <sqlalchemy.orm.unitofwork.UOWTransaction object at 0x0000020041166D20>
    │   └ <function SaveUpdateAll.execute at 0x000002000E237560>
    └ SaveUpdateAll(Mapper[Report(reports)])
  File "C:\Users\soumy\OneDrive\Desktop\Project\lca_platform\venv\Lib\site-packages\sqlalchemy\orm\unitofwork.py", line 642, in execute
    util.preloaded.orm_persistence.save_obj(
    │    │         │               └ <function save_obj at 0x000002000E155C60>
    │    │         └ <module 'sqlalchemy.orm.persistence' from 'C:\\Users\\soumy\\OneDrive\\Desktop\\Project\\lca_platform\\venv\\Lib\\site-packag...
    │    └ <module 'sqlalchemy.util.preloaded' from 'C:\\Users\\soumy\\OneDrive\\Desktop\\Project\\lca_platform\\venv\\Lib\\site-package...
    └ <module 'sqlalchemy.util' from 'C:\\Users\\soumy\\OneDrive\\Desktop\\Project\\lca_platform\\venv\\Lib\\site-packages\\sqlalch...
  File "C:\Users\soumy\OneDrive\Desktop\Project\lca_platform\venv\Lib\site-packages\sqlalchemy\orm\persistence.py", line 93, in save_obj
    _emit_insert_statements(
    └ <function _emit_insert_statements at 0x000002000E22D9E0>
  File "C:\Users\soumy\OneDrive\Desktop\Project\lca_platform\venv\Lib\site-packages\sqlalchemy\orm\persistence.py", line 1226, in _emit_insert_statements
    result = connection.execute(
             │          └ <function Connection.execute at 0x000002000DF0FEC0>
             └ <sqlalchemy.engine.base.Connection object at 0x0000020041166060>
  File "C:\Users\soumy\OneDrive\Desktop\Project\lca_platform\venv\Lib\site-packages\sqlalchemy\engine\base.py", line 1416, in execute
    return meth(
           └ <bound method ClauseElement._execute_on_connection of <sqlalchemy.sql.dml.Insert object at 0x0000020040EC8F20>>
  File "C:\Users\soumy\OneDrive\Desktop\Project\lca_platform\venv\Lib\site-packages\sqlalchemy\sql\elements.py", line 516, in _execute_on_connection
    return connection._execute_clauseelement(
           │          └ <function Connection._execute_clauseelement at 0x000002000DF14220>
           └ <sqlalchemy.engine.base.Connection object at 0x0000020041166060>
  File "C:\Users\soumy\OneDrive\Desktop\Project\lca_platform\venv\Lib\site-packages\sqlalchemy\engine\base.py", line 1639, in _execute_clauseelement
    ret = self._execute_context(
          │    └ <function Connection._execute_context at 0x000002000DF14400>
          └ <sqlalchemy.engine.base.Connection object at 0x0000020041166060>
  File "C:\Users\soumy\OneDrive\Desktop\Project\lca_platform\venv\Lib\site-packages\sqlalchemy\engine\base.py", line 1848, in _execute_context
    return self._exec_single_context(
           │    └ <function Connection._exec_single_context at 0x000002000DF144A0>
           └ <sqlalchemy.engine.base.Connection object at 0x0000020041166060>
  File "C:\Users\soumy\OneDrive\Desktop\Project\lca_platform\venv\Lib\site-packages\sqlalchemy\engine\base.py", line 1988, in _exec_single_context
    self._handle_dbapi_exception(
    │    └ <function Connection._handle_dbapi_exception at 0x000002000DF14720>
    └ <sqlalchemy.engine.base.Connection object at 0x0000020041166060>
  File "C:\Users\soumy\OneDrive\Desktop\Project\lca_platform\venv\Lib\site-packages\sqlalchemy\engine\base.py", line 2343, in _handle_dbapi_exception
    raise sqlalchemy_exception.with_traceback(exc_info[2]) from e
          │                    │              │                 └ IntegrityError('FOREIGN KEY constraint failed')
          │                    │              └ (<class 'sqlite3.IntegrityError'>, IntegrityError('FOREIGN KEY constraint failed'), <traceback object at 0x00000200414C4C00>)
          │                    └ <method 'with_traceback' of 'BaseException' objects>
          └ IntegrityError('(sqlite3.IntegrityError) FOREIGN KEY constraint failed')
  File "C:\Users\soumy\OneDrive\Desktop\Project\lca_platform\venv\Lib\site-packages\sqlalchemy\engine\base.py", line 1969, in _exec_single_context
    self.dialect.do_execute(
    │    │       └ <function DefaultDialect.do_execute at 0x000002000DF9ECA0>
    │    └ <sqlalchemy.dialects.sqlite.pysqlite.SQLiteDialect_pysqlite object at 0x000002000DC5F6B0>
    └ <sqlalchemy.engine.base.Connection object at 0x0000020041166060>
  File "C:\Users\soumy\OneDrive\Desktop\Project\lca_platform\venv\Lib\site-packages\sqlalchemy\engine\default.py", line 922, in do_execute
    cursor.execute(statement, parameters)
    │      │       │          └ (1, 'Analysis Report', 'comprehensive', '{"lca_summary": {"assessment_count": 1, "totals": {"carbon_kg_co2": 142200000.0, "wa...
    │      │       └ 'INSERT INTO reports (user_id, title, report_type, content, file_path, status, created_at) VALUES (?, ?, ?, ?, ?, ?, ?)'
    │      └ <method 'execute' of 'sqlite3.Cursor' objects>
    └ <sqlite3.Cursor object at 0x00000200414B59C0>

sqlalchemy.exc.IntegrityError: (sqlite3.IntegrityError) FOREIGN KEY constraint failed
[SQL: INSERT INTO reports (user_id, title, report_type, content, file_path, status, created_at) VALUES (?, ?, ?, ?, ?, ?, ?)]
[parameters: (1, 'Analysis Report', 'comprehensive', '{"lca_summary": {"assessment_count": 1, "totals": {"carbon_kg_co2": 142200000.0, "water_m3": 13800000.0, "energy_mj": 225000000.0, "waste_kg": 586500 ... (399 characters truncated) ... 56.25, "grade": "C+"}]}, "predictions_summary": {"message": "No predictions found", "predictions": []}, "generated_at": "2026-07-26T13:05:18.834241"}', '', 'generated', '2026-07-26 13:05:18.834241')]
(Background on this error at: https://sqlalche.me/e/20/gkpj)
2026-07-26 18:35:22 | ERROR    | uvicorn.protocols.http.httptools_impl:run_asgi:431 - Exception in ASGI application

Traceback (most recent call last):

  File "C:\Users\soumy\OneDrive\Desktop\Project\lca_platform\venv\Lib\site-packages\sqlalchemy\engine\base.py", line 1969, in _exec_single_context
    self.dialect.do_execute(
    │    │       └ <function DefaultDialect.do_execute at 0x000002000DF9ECA0>
    │    └ <sqlalchemy.dialects.sqlite.pysqlite.SQLiteDialect_pysqlite object at 0x000002000DC5F6B0>
    └ <sqlalchemy.engine.base.Connection object at 0x00000200414C8E30>
  File "C:\Users\soumy\OneDrive\Desktop\Project\lca_platform\venv\Lib\site-packages\sqlalchemy\engine\default.py", line 922, in do_execute
    cursor.execute(statement, parameters)
    │      │       │          └ (1, 'Analysis Report', 'lca_summary', '{"assessment_count": 1, "totals": {"carbon_kg_co2": 142200000.0, "water_m3": 13800000....
    │      │       └ 'INSERT INTO reports (user_id, title, report_type, content, file_path, status, created_at) VALUES (?, ?, ?, ?, ?, ?, ?)'
    │      └ <method 'execute' of 'sqlite3.Cursor' objects>
    └ <sqlite3.Cursor object at 0x00000200414B6D40>

sqlite3.IntegrityError: FOREIGN KEY constraint failed


The above exception was the direct cause of the following exception:


Traceback (most recent call last):

  File "<string>", line 1, in <module>
  File "C:\Users\soumy\AppData\Local\Programs\Python\Python312\Lib\multiprocessing\spawn.py", line 122, in spawn_main
    exitcode = _main(fd, parent_sentinel)
               │     │   └ 376
               │     └ 3
               └ <function _main at 0x0000020009310540>
  File "C:\Users\soumy\AppData\Local\Programs\Python\Python312\Lib\multiprocessing\spawn.py", line 135, in _main
    return self._bootstrap(parent_sentinel)
           │    │          └ 376
           │    └ <function BaseProcess._bootstrap at 0x0000020009213A60>
           └ <SpawnProcess name='SpawnProcess-1' parent=13248 started>
  File "C:\Users\soumy\AppData\Local\Programs\Python\Python312\Lib\multiprocessing\process.py", line 314, in _bootstrap
    self.run()
    │    └ <function BaseProcess.run at 0x0000020009212FC0>
    └ <SpawnProcess name='SpawnProcess-1' parent=13248 started>
  File "C:\Users\soumy\AppData\Local\Programs\Python\Python312\Lib\multiprocessing\process.py", line 108, in run
    self._target(*self._args, **self._kwargs)
    │    │        │    │        │    └ {'config': <uvicorn.config.Config object at 0x000002000962DAC0>, 'target': <bound method Server.run of <uvicorn.server.Server...
    │    │        │    │        └ <SpawnProcess name='SpawnProcess-1' parent=13248 started>
    │    │        │    └ ()
    │    │        └ <SpawnProcess name='SpawnProcess-1' parent=13248 started>
    │    └ <function subprocess_started at 0x000002000B727D80>
    └ <SpawnProcess name='SpawnProcess-1' parent=13248 started>
  File "C:\Users\soumy\OneDrive\Desktop\Project\lca_platform\venv\Lib\site-packages\uvicorn\_subprocess.py", line 76, in subprocess_started
    target(sockets=sockets)
    │              └ [<socket.socket fd=432, family=2, type=1, proto=6, laddr=('0.0.0.0', 8000)>]
    └ <bound method Server.run of <uvicorn.server.Server object at 0x000002000B85A9C0>>
  File "C:\Users\soumy\OneDrive\Desktop\Project\lca_platform\venv\Lib\site-packages\uvicorn\server.py", line 61, in run
    return asyncio.run(self.serve(sockets=sockets))
           │       │   │    │             └ [<socket.socket fd=432, family=2, type=1, proto=6, laddr=('0.0.0.0', 8000)>]
           │       │   │    └ <function Server.serve at 0x000002000B7272E0>
           │       │   └ <uvicorn.server.Server object at 0x000002000B85A9C0>
           │       └ <function run at 0x0000020009A0E660>
           └ <module 'asyncio' from 'C:\\Users\\soumy\\AppData\\Local\\Programs\\Python\\Python312\\Lib\\asyncio\\__init__.py'>
  File "C:\Users\soumy\AppData\Local\Programs\Python\Python312\Lib\asyncio\runners.py", line 195, in run
    return runner.run(main)
           │      │   └ <coroutine object Server.serve at 0x000002000B648740>
           │      └ <function Runner.run at 0x0000020009A5DF80>
           └ <asyncio.runners.Runner object at 0x000002000B69CC50>
  File "C:\Users\soumy\AppData\Local\Programs\Python\Python312\Lib\asyncio\runners.py", line 118, in run
    return self._loop.run_until_complete(task)
           │    │     │                  └ <Task pending name='Task-1' coro=<Server.serve() running at C:\Users\soumy\OneDrive\Desktop\Project\lca_platform\venv\Lib\sit...
           │    │     └ <function BaseEventLoop.run_until_complete at 0x0000020009A57B00>
           │    └ <_WindowsSelectorEventLoop running=True closed=False debug=False>
           └ <asyncio.runners.Runner object at 0x000002000B69CC50>
  File "C:\Users\soumy\AppData\Local\Programs\Python\Python312\Lib\asyncio\base_events.py", line 678, in run_until_complete
    self.run_forever()
    │    └ <function BaseEventLoop.run_forever at 0x0000020009A57A60>
    └ <_WindowsSelectorEventLoop running=True closed=False debug=False>
  File "C:\Users\soumy\AppData\Local\Programs\Python\Python312\Lib\asyncio\base_events.py", line 645, in run_forever
    self._run_once()
    │    └ <function BaseEventLoop._run_once at 0x0000020009A5D8A0>
    └ <_WindowsSelectorEventLoop running=True closed=False debug=False>
  File "C:\Users\soumy\AppData\Local\Programs\Python\Python312\Lib\asyncio\base_events.py", line 1999, in _run_once
    handle._run()
    │      └ <function Handle._run at 0x00000200099F5C60>
    └ <Handle Task.task_wakeup(<Future finished result=None>)>
  File "C:\Users\soumy\AppData\Local\Programs\Python\Python312\Lib\asyncio\events.py", line 88, in _run
    self._context.run(self._callback, *self._args)
    │    │            │    │           │    └ <member '_args' of 'Handle' objects>
    │    │            │    │           └ <Handle Task.task_wakeup(<Future finished result=None>)>
    │    │            │    └ <member '_callback' of 'Handle' objects>
    │    │            └ <Handle Task.task_wakeup(<Future finished result=None>)>
    │    └ <member '_context' of 'Handle' objects>
    └ <Handle Task.task_wakeup(<Future finished result=None>)>
> File "C:\Users\soumy\OneDrive\Desktop\Project\lca_platform\venv\Lib\site-packages\uvicorn\protocols\http\httptools_impl.py", line 426, in run_asgi
    result = await app(  # type: ignore[func-returns-value]
                   └ <uvicorn.middleware.proxy_headers.ProxyHeadersMiddleware object at 0x000002003EC296A0>
  File "C:\Users\soumy\OneDrive\Desktop\Project\lca_platform\venv\Lib\site-packages\uvicorn\middleware\proxy_headers.py", line 84, in __call__
    return await self.app(scope, receive, send)
                 │    │   │      │        └ <bound method RequestResponseCycle.send of <uvicorn.protocols.http.httptools_impl.RequestResponseCycle object at 0x0000020041...
                 │    │   │      └ <bound method RequestResponseCycle.receive of <uvicorn.protocols.http.httptools_impl.RequestResponseCycle object at 0x0000020...
                 │    │   └ {'type': 'http', 'asgi': {'version': '3.0', 'spec_version': '2.3'}, 'http_version': '1.1', 'server': ('127.0.0.1', 8000), 'cl...
                 │    └ <fastapi.applications.FastAPI object at 0x000002000D93B650>
                 └ <uvicorn.middleware.proxy_headers.ProxyHeadersMiddleware object at 0x000002003EC296A0>
  File "C:\Users\soumy\OneDrive\Desktop\Project\lca_platform\venv\Lib\site-packages\fastapi\applications.py", line 1106, in __call__
    await super().__call__(scope, receive, send)
                           │      │        └ <bound method RequestResponseCycle.send of <uvicorn.protocols.http.httptools_impl.RequestResponseCycle object at 0x0000020041...
                           │      └ <bound method RequestResponseCycle.receive of <uvicorn.protocols.http.httptools_impl.RequestResponseCycle object at 0x0000020...
                           └ {'type': 'http', 'asgi': {'version': '3.0', 'spec_version': '2.3'}, 'http_version': '1.1', 'server': ('127.0.0.1', 8000), 'cl...
  File "C:\Users\soumy\OneDrive\Desktop\Project\lca_platform\venv\Lib\site-packages\starlette\applications.py", line 122, in __call__
    await self.middleware_stack(scope, receive, send)
          │    │                │      │        └ <bound method RequestResponseCycle.send of <uvicorn.protocols.http.httptools_impl.RequestResponseCycle object at 0x0000020041...
          │    │                │      └ <bound method RequestResponseCycle.receive of <uvicorn.protocols.http.httptools_impl.RequestResponseCycle object at 0x0000020...
          │    │                └ {'type': 'http', 'asgi': {'version': '3.0', 'spec_version': '2.3'}, 'http_version': '1.1', 'server': ('127.0.0.1', 8000), 'cl...
          │    └ <starlette.middleware.errors.ServerErrorMiddleware object at 0x000002003ED517C0>
          └ <fastapi.applications.FastAPI object at 0x000002000D93B650>
  File "C:\Users\soumy\OneDrive\Desktop\Project\lca_platform\venv\Lib\site-packages\starlette\middleware\errors.py", line 184, in __call__
    raise exc
  File "C:\Users\soumy\OneDrive\Desktop\Project\lca_platform\venv\Lib\site-packages\starlette\middleware\errors.py", line 162, in __call__
    await self.app(scope, receive, _send)
          │    │   │      │        └ <function ServerErrorMiddleware.__call__.<locals>._send at 0x00000200412E2DE0>
          │    │   │      └ <bound method RequestResponseCycle.receive of <uvicorn.protocols.http.httptools_impl.RequestResponseCycle object at 0x0000020...
          │    │   └ {'type': 'http', 'asgi': {'version': '3.0', 'spec_version': '2.3'}, 'http_version': '1.1', 'server': ('127.0.0.1', 8000), 'cl...
          │    └ <starlette.middleware.base.BaseHTTPMiddleware object at 0x000002003E6D65A0>
          └ <starlette.middleware.errors.ServerErrorMiddleware object at 0x000002003ED517C0>
  File "C:\Users\soumy\OneDrive\Desktop\Project\lca_platform\venv\Lib\site-packages\starlette\middleware\base.py", line 108, in __call__
    response = await self.dispatch_func(request, call_next)
                     │    │             │        └ <function BaseHTTPMiddleware.__call__.<locals>.call_next at 0x00000200412E32E0>
                     │    │             └ <starlette.requests.Request object at 0x00000200414C8140>
                     │    └ <function log_requests at 0x000002000D8DADE0>
                     └ <starlette.middleware.base.BaseHTTPMiddleware object at 0x000002003E6D65A0>

  File "C:\Users\soumy\OneDrive\Desktop\Project\lca_platform\backend\app\main.py", line 56, in log_requests
    response = await call_next(request)
                     │         └ <starlette.requests.Request object at 0x00000200414C8140>
                     └ <function BaseHTTPMiddleware.__call__.<locals>.call_next at 0x00000200412E32E0>

  File "C:\Users\soumy\OneDrive\Desktop\Project\lca_platform\venv\Lib\site-packages\starlette\middleware\base.py", line 84, in call_next
    raise app_exc
          └ IntegrityError('(sqlite3.IntegrityError) FOREIGN KEY constraint failed')
  File "C:\Users\soumy\OneDrive\Desktop\Project\lca_platform\venv\Lib\site-packages\starlette\middleware\base.py", line 70, in coro
    await self.app(scope, receive_or_disconnect, send_no_error)
          │    │   │      │                      └ <function BaseHTTPMiddleware.__call__.<locals>.call_next.<locals>.send_no_error at 0x00000200412E27A0>
          │    │   │      └ <function BaseHTTPMiddleware.__call__.<locals>.call_next.<locals>.receive_or_disconnect at 0x00000200412E25C0>
          │    │   └ {'type': 'http', 'asgi': {'version': '3.0', 'spec_version': '2.3'}, 'http_version': '1.1', 'server': ('127.0.0.1', 8000), 'cl...
          │    └ <starlette.middleware.cors.CORSMiddleware object at 0x000002003CE6BFB0>
          └ <starlette.middleware.base.BaseHTTPMiddleware object at 0x000002003E6D65A0>
  File "C:\Users\soumy\OneDrive\Desktop\Project\lca_platform\venv\Lib\site-packages\starlette\middleware\cors.py", line 91, in __call__
    await self.simple_response(scope, receive, send, request_headers=headers)
          │    │               │      │        │                     └ Headers({'host': 'localhost:8000', 'connection': 'keep-alive', 'content-length': '0', 'sec-ch-ua-platform': '"Windows"', 'use...
          │    │               │      │        └ <function BaseHTTPMiddleware.__call__.<locals>.call_next.<locals>.send_no_error at 0x00000200412E27A0>
          │    │               │      └ <function BaseHTTPMiddleware.__call__.<locals>.call_next.<locals>.receive_or_disconnect at 0x00000200412E25C0>
          │    │               └ {'type': 'http', 'asgi': {'version': '3.0', 'spec_version': '2.3'}, 'http_version': '1.1', 'server': ('127.0.0.1', 8000), 'cl...
          │    └ <function CORSMiddleware.simple_response at 0x000002000D8D9940>
          └ <starlette.middleware.cors.CORSMiddleware object at 0x000002003CE6BFB0>
  File "C:\Users\soumy\OneDrive\Desktop\Project\lca_platform\venv\Lib\site-packages\starlette\middleware\cors.py", line 146, in simple_response
    await self.app(scope, receive, send)
          │    │   │      │        └ functools.partial(<bound method CORSMiddleware.send of <starlette.middleware.cors.CORSMiddleware object at 0x000002003CE6BFB0...
          │    │   │      └ <function BaseHTTPMiddleware.__call__.<locals>.call_next.<locals>.receive_or_disconnect at 0x00000200412E25C0>
          │    │   └ {'type': 'http', 'asgi': {'version': '3.0', 'spec_version': '2.3'}, 'http_version': '1.1', 'server': ('127.0.0.1', 8000), 'cl...
          │    └ <starlette.middleware.exceptions.ExceptionMiddleware object at 0x000002003E863860>
          └ <starlette.middleware.cors.CORSMiddleware object at 0x000002003CE6BFB0>
  File "C:\Users\soumy\OneDrive\Desktop\Project\lca_platform\venv\Lib\site-packages\starlette\middleware\exceptions.py", line 79, in __call__
    raise exc
  File "C:\Users\soumy\OneDrive\Desktop\Project\lca_platform\venv\Lib\site-packages\starlette\middleware\exceptions.py", line 68, in __call__
    await self.app(scope, receive, sender)
          │    │   │      │        └ <function ExceptionMiddleware.__call__.<locals>.sender at 0x00000200412E36A0>
          │    │   │      └ <function BaseHTTPMiddleware.__call__.<locals>.call_next.<locals>.receive_or_disconnect at 0x00000200412E25C0>
          │    │   └ {'type': 'http', 'asgi': {'version': '3.0', 'spec_version': '2.3'}, 'http_version': '1.1', 'server': ('127.0.0.1', 8000), 'cl...
          │    └ <fastapi.middleware.asyncexitstack.AsyncExitStackMiddleware object at 0x000002003EB52F60>
          └ <starlette.middleware.exceptions.ExceptionMiddleware object at 0x000002003E863860>
  File "C:\Users\soumy\OneDrive\Desktop\Project\lca_platform\venv\Lib\site-packages\fastapi\middleware\asyncexitstack.py", line 20, in __call__
    raise e
  File "C:\Users\soumy\OneDrive\Desktop\Project\lca_platform\venv\Lib\site-packages\fastapi\middleware\asyncexitstack.py", line 17, in __call__
    await self.app(scope, receive, send)
          │    │   │      │        └ <function ExceptionMiddleware.__call__.<locals>.sender at 0x00000200412E36A0>
          │    │   │      └ <function BaseHTTPMiddleware.__call__.<locals>.call_next.<locals>.receive_or_disconnect at 0x00000200412E25C0>
          │    │   └ {'type': 'http', 'asgi': {'version': '3.0', 'spec_version': '2.3'}, 'http_version': '1.1', 'server': ('127.0.0.1', 8000), 'cl...
          │    └ <fastapi.routing.APIRouter object at 0x000002000E307FB0>
          └ <fastapi.middleware.asyncexitstack.AsyncExitStackMiddleware object at 0x000002003EB52F60>
  File "C:\Users\soumy\OneDrive\Desktop\Project\lca_platform\venv\Lib\site-packages\starlette\routing.py", line 718, in __call__
    await route.handle(scope, receive, send)
          │     │      │      │        └ <function ExceptionMiddleware.__call__.<locals>.sender at 0x00000200412E36A0>
          │     │      │      └ <function BaseHTTPMiddleware.__call__.<locals>.call_next.<locals>.receive_or_disconnect at 0x00000200412E25C0>
          │     │      └ {'type': 'http', 'asgi': {'version': '3.0', 'spec_version': '2.3'}, 'http_version': '1.1', 'server': ('127.0.0.1', 8000), 'cl...
          │     └ <function Route.handle at 0x000002000D8396C0>
          └ APIRoute(path='/api/v1/reports/generate', name='generate_report', methods=['POST'])
  File "C:\Users\soumy\OneDrive\Desktop\Project\lca_platform\venv\Lib\site-packages\starlette\routing.py", line 276, in handle
    await self.app(scope, receive, send)
          │    │   │      │        └ <function ExceptionMiddleware.__call__.<locals>.sender at 0x00000200412E36A0>
          │    │   │      └ <function BaseHTTPMiddleware.__call__.<locals>.call_next.<locals>.receive_or_disconnect at 0x00000200412E25C0>
          │    │   └ {'type': 'http', 'asgi': {'version': '3.0', 'spec_version': '2.3'}, 'http_version': '1.1', 'server': ('127.0.0.1', 8000), 'cl...
          │    └ <function request_response.<locals>.app at 0x000002003ED9CFE0>
          └ APIRoute(path='/api/v1/reports/generate', name='generate_report', methods=['POST'])
  File "C:\Users\soumy\OneDrive\Desktop\Project\lca_platform\venv\Lib\site-packages\starlette\routing.py", line 66, in app
    response = await func(request)
                     │    └ <starlette.requests.Request object at 0x00000200414C8A40>
                     └ <function get_request_handler.<locals>.app at 0x000002003ED9D440>
  File "C:\Users\soumy\OneDrive\Desktop\Project\lca_platform\venv\Lib\site-packages\fastapi\routing.py", line 274, in app
    raw_response = await run_endpoint_function(
                         └ <function run_endpoint_function at 0x000002000D83A7A0>
  File "C:\Users\soumy\OneDrive\Desktop\Project\lca_platform\venv\Lib\site-packages\fastapi\routing.py", line 193, in run_endpoint_function
    return await run_in_threadpool(dependant.call, **values)
                 │                 │         │       └ {'db': <sqlalchemy.orm.session.Session object at 0x00000200414C8C80>, 'report_type': 'lca_summary', 'title': 'Analysis Report'}
                 │                 │         └ <function generate_report at 0x000002003ED5B240>
                 │                 └ <fastapi.dependencies.models.Dependant object at 0x000002003EDB5D60>
                 └ <function run_in_threadpool at 0x000002000C51CF40>
  File "C:\Users\soumy\OneDrive\Desktop\Project\lca_platform\venv\Lib\site-packages\starlette\concurrency.py", line 41, in run_in_threadpool
    return await anyio.to_thread.run_sync(func, *args)
                 │     │         │        │      └ ()
                 │     │         │        └ functools.partial(<function generate_report at 0x000002003ED5B240>, db=<sqlalchemy.orm.session.Session object at 0x0000020041...
                 │     │         └ <function run_sync at 0x000002000B7B0EA0>
                 │     └ <module 'anyio.to_thread' from 'C:\\Users\\soumy\\OneDrive\\Desktop\\Project\\lca_platform\\venv\\Lib\\site-packages\\anyio\\...
                 └ <module 'anyio' from 'C:\\Users\\soumy\\OneDrive\\Desktop\\Project\\lca_platform\\venv\\Lib\\site-packages\\anyio\\__init__.py'>
  File "C:\Users\soumy\OneDrive\Desktop\Project\lca_platform\venv\Lib\site-packages\anyio\to_thread.py", line 33, in run_sync
    return await get_asynclib().run_sync_in_worker_thread(
                 └ <function get_asynclib at 0x000002000B7723E0>
  File "C:\Users\soumy\OneDrive\Desktop\Project\lca_platform\venv\Lib\site-packages\anyio\_backends\_asyncio.py", line 877, in run_sync_in_worker_thread
    return await future
                 └ <Future finished exception=IntegrityError('(sqlite3.IntegrityError) FOREIGN KEY constraint failed')>
  File "C:\Users\soumy\OneDrive\Desktop\Project\lca_platform\venv\Lib\site-packages\anyio\_backends\_asyncio.py", line 807, in run
    result = context.run(func, *args)
             │       │   │      └ (<class 'sqlalchemy.exc.IntegrityError'>, IntegrityError('(sqlite3.IntegrityError) FOREIGN KEY constraint failed'), None)
             │       │   └ <bound method _GeneratorContextManager.__exit__ of <contextlib._GeneratorContextManager object at 0x00000200414C8B90>>
             │       └ <method 'run' of '_contextvars.Context' objects>
             └ <_contextvars.Context object at 0x0000020040E52480>

  File "C:\Users\soumy\OneDrive\Desktop\Project\lca_platform\backend\app\api\v1\reports.py", line 11, in generate_report
    result = report_service.generate_report(user_id=1, report_type=report_type, title=title, db=db)
             │              │                                      │                  │         └ <sqlalchemy.orm.session.Session object at 0x00000200414C8C80>
             │              │                                      │                  └ 'Analysis Report'
             │              │                                      └ 'lca_summary'
             │              └ <function generate_report at 0x000002003ED5B380>
             └ <module 'backend.app.services.report_service' from 'C:\\Users\\soumy\\OneDrive\\Desktop\\Project\\lca_platform\\backend\\app\...

  File "C:\Users\soumy\OneDrive\Desktop\Project\lca_platform\backend\app\services\report_service.py", line 34, in generate_report
    db.commit()
    │  └ <function Session.commit at 0x000002000E257100>
    └ <sqlalchemy.orm.session.Session object at 0x00000200414C8C80>

  File "C:\Users\soumy\OneDrive\Desktop\Project\lca_platform\venv\Lib\site-packages\sqlalchemy\orm\session.py", line 1969, in commit
    trans.commit(_to_root=True)
    │     └ <function SessionTransaction.commit at 0x000002000E256200>
    └ <sqlalchemy.orm.session.SessionTransaction object at 0x00000200414C6750>
  File "<string>", line 2, in commit
  File "C:\Users\soumy\OneDrive\Desktop\Project\lca_platform\venv\Lib\site-packages\sqlalchemy\orm\state_changes.py", line 139, in _go
    ret_value = fn(self, *arg, **kw)
                │  │      │      └ {'_to_root': True}
                │  │      └ ()
                │  └ <sqlalchemy.orm.session.SessionTransaction object at 0x00000200414C6750>
                └ <function SessionTransaction.commit at 0x000002000E256020>
  File "C:\Users\soumy\OneDrive\Desktop\Project\lca_platform\venv\Lib\site-packages\sqlalchemy\orm\session.py", line 1256, in commit
    self._prepare_impl()
    │    └ <function SessionTransaction._prepare_impl at 0x000002000E255EE0>
    └ <sqlalchemy.orm.session.SessionTransaction object at 0x00000200414C6750>
  File "<string>", line 2, in _prepare_impl
  File "C:\Users\soumy\OneDrive\Desktop\Project\lca_platform\venv\Lib\site-packages\sqlalchemy\orm\state_changes.py", line 139, in _go
    ret_value = fn(self, *arg, **kw)
                │  │      │      └ {}
                │  │      └ ()
                │  └ <sqlalchemy.orm.session.SessionTransaction object at 0x00000200414C6750>
                └ <function SessionTransaction._prepare_impl at 0x000002000E255E40>
  File "C:\Users\soumy\OneDrive\Desktop\Project\lca_platform\venv\Lib\site-packages\sqlalchemy\orm\session.py", line 1231, in _prepare_impl
    self.session.flush()
    │    │       └ <function Session.flush at 0x000002000E262020>
    │    └ <sqlalchemy.orm.session.Session object at 0x00000200414C8C80>
    └ <sqlalchemy.orm.session.SessionTransaction object at 0x00000200414C6750>
  File "C:\Users\soumy\OneDrive\Desktop\Project\lca_platform\venv\Lib\site-packages\sqlalchemy\orm\session.py", line 4312, in flush
    self._flush(objects)
    │    │      └ None
    │    └ <function Session._flush at 0x000002000E262200>
    └ <sqlalchemy.orm.session.Session object at 0x00000200414C8C80>
  File "C:\Users\soumy\OneDrive\Desktop\Project\lca_platform\venv\Lib\site-packages\sqlalchemy\orm\session.py", line 4447, in _flush
    with util.safe_reraise():
         │    └ <class 'sqlalchemy.util.langhelpers.safe_reraise'>
         └ <module 'sqlalchemy.util' from 'C:\\Users\\soumy\\OneDrive\\Desktop\\Project\\lca_platform\\venv\\Lib\\site-packages\\sqlalch...
  File "C:\Users\soumy\OneDrive\Desktop\Project\lca_platform\venv\Lib\site-packages\sqlalchemy\util\langhelpers.py", line 146, in __exit__
    raise exc_value.with_traceback(exc_tb)
          │         │              └ <traceback object at 0x00000200414D0900>
          │         └ <method 'with_traceback' of 'BaseException' objects>
          └ IntegrityError('(sqlite3.IntegrityError) FOREIGN KEY constraint failed')
  File "C:\Users\soumy\OneDrive\Desktop\Project\lca_platform\venv\Lib\site-packages\sqlalchemy\orm\session.py", line 4408, in _flush
    flush_context.execute()
    │             └ <function UOWTransaction.execute at 0x000002000E236A20>
    └ <sqlalchemy.orm.unitofwork.UOWTransaction object at 0x00000200414C9820>
  File "C:\Users\soumy\OneDrive\Desktop\Project\lca_platform\venv\Lib\site-packages\sqlalchemy\orm\unitofwork.py", line 466, in execute
    rec.execute(self)
    │   │       └ <sqlalchemy.orm.unitofwork.UOWTransaction object at 0x00000200414C9820>
    │   └ <function SaveUpdateAll.execute at 0x000002000E237560>
    └ SaveUpdateAll(Mapper[Report(reports)])
  File "C:\Users\soumy\OneDrive\Desktop\Project\lca_platform\venv\Lib\site-packages\sqlalchemy\orm\unitofwork.py", line 642, in execute
    util.preloaded.orm_persistence.save_obj(
    │    │         │               └ <function save_obj at 0x000002000E155C60>
    │    │         └ <module 'sqlalchemy.orm.persistence' from 'C:\\Users\\soumy\\OneDrive\\Desktop\\Project\\lca_platform\\venv\\Lib\\site-packag...
    │    └ <module 'sqlalchemy.util.preloaded' from 'C:\\Users\\soumy\\OneDrive\\Desktop\\Project\\lca_platform\\venv\\Lib\\site-package...
    └ <module 'sqlalchemy.util' from 'C:\\Users\\soumy\\OneDrive\\Desktop\\Project\\lca_platform\\venv\\Lib\\site-packages\\sqlalch...
  File "C:\Users\soumy\OneDrive\Desktop\Project\lca_platform\venv\Lib\site-packages\sqlalchemy\orm\persistence.py", line 93, in save_obj
    _emit_insert_statements(
    └ <function _emit_insert_statements at 0x000002000E22D9E0>
  File "C:\Users\soumy\OneDrive\Desktop\Project\lca_platform\venv\Lib\site-packages\sqlalchemy\orm\persistence.py", line 1226, in _emit_insert_statements
    result = connection.execute(
             │          └ <function Connection.execute at 0x000002000DF0FEC0>
             └ <sqlalchemy.engine.base.Connection object at 0x00000200414C8E30>
  File "C:\Users\soumy\OneDrive\Desktop\Project\lca_platform\venv\Lib\site-packages\sqlalchemy\engine\base.py", line 1416, in execute
    return meth(
           └ <bound method ClauseElement._execute_on_connection of <sqlalchemy.sql.dml.Insert object at 0x0000020040EC8F20>>
  File "C:\Users\soumy\OneDrive\Desktop\Project\lca_platform\venv\Lib\site-packages\sqlalchemy\sql\elements.py", line 516, in _execute_on_connection
    return connection._execute_clauseelement(
           │          └ <function Connection._execute_clauseelement at 0x000002000DF14220>
           └ <sqlalchemy.engine.base.Connection object at 0x00000200414C8E30>
  File "C:\Users\soumy\OneDrive\Desktop\Project\lca_platform\venv\Lib\site-packages\sqlalchemy\engine\base.py", line 1639, in _execute_clauseelement
    ret = self._execute_context(
          │    └ <function Connection._execute_context at 0x000002000DF14400>
          └ <sqlalchemy.engine.base.Connection object at 0x00000200414C8E30>
  File "C:\Users\soumy\OneDrive\Desktop\Project\lca_platform\venv\Lib\site-packages\sqlalchemy\engine\base.py", line 1848, in _execute_context
    return self._exec_single_context(
           │    └ <function Connection._exec_single_context at 0x000002000DF144A0>
           └ <sqlalchemy.engine.base.Connection object at 0x00000200414C8E30>
  File "C:\Users\soumy\OneDrive\Desktop\Project\lca_platform\venv\Lib\site-packages\sqlalchemy\engine\base.py", line 1988, in _exec_single_context
    self._handle_dbapi_exception(
    │    └ <function Connection._handle_dbapi_exception at 0x000002000DF14720>
    └ <sqlalchemy.engine.base.Connection object at 0x00000200414C8E30>
  File "C:\Users\soumy\OneDrive\Desktop\Project\lca_platform\venv\Lib\site-packages\sqlalchemy\engine\base.py", line 2343, in _handle_dbapi_exception
    raise sqlalchemy_exception.with_traceback(exc_info[2]) from e
          │                    │              │                 └ IntegrityError('FOREIGN KEY constraint failed')
          │                    │              └ (<class 'sqlite3.IntegrityError'>, IntegrityError('FOREIGN KEY constraint failed'), <traceback object at 0x00000200414D0B80>)
          │                    └ <method 'with_traceback' of 'BaseException' objects>
          └ IntegrityError('(sqlite3.IntegrityError) FOREIGN KEY constraint failed')
  File "C:\Users\soumy\OneDrive\Desktop\Project\lca_platform\venv\Lib\site-packages\sqlalchemy\engine\base.py", line 1969, in _exec_single_context
    self.dialect.do_execute(
    │    │       └ <function DefaultDialect.do_execute at 0x000002000DF9ECA0>
    │    └ <sqlalchemy.dialects.sqlite.pysqlite.SQLiteDialect_pysqlite object at 0x000002000DC5F6B0>
    └ <sqlalchemy.engine.base.Connection object at 0x00000200414C8E30>
  File "C:\Users\soumy\OneDrive\Desktop\Project\lca_platform\venv\Lib\site-packages\sqlalchemy\engine\default.py", line 922, in do_execute
    cursor.execute(statement, parameters)
    │      │       │          └ (1, 'Analysis Report', 'lca_summary', '{"assessment_count": 1, "totals": {"carbon_kg_co2": 142200000.0, "water_m3": 13800000....
    │      │       └ 'INSERT INTO reports (user_id, title, report_type, content, file_path, status, created_at) VALUES (?, ?, ?, ?, ?, ?, ?)'
    │      └ <method 'execute' of 'sqlite3.Cursor' objects>
    └ <sqlite3.Cursor object at 0x00000200414B6D40>

sqlalchemy.exc.IntegrityError: (sqlite3.IntegrityError) FOREIGN KEY constraint failed
[SQL: INSERT INTO reports (user_id, title, report_type, content, file_path, status, created_at) VALUES (?, ?, ?, ?, ?, ?, ?)]
[parameters: (1, 'Analysis Report', 'lca_summary', '{"assessment_count": 1, "totals": {"carbon_kg_co2": 142200000.0, "water_m3": 13800000.0, "energy_mj": 225000000.0, "waste_kg": 5865000000.0}, "averag ... (69 characters truncated) ... j": 225000000.0, "waste_kg": 5865000000.0}, "recent_assessments": [{"facility": "REE Processing Plant", "carbon": 142200000.0, "water": 13800000.0}]}', '', 'generated', '2026-07-26 13:05:22.013313')]
(Background on this error at: https://sqlalche.me/e/20/gkpj)
2026-07-26 18:35:24 | ERROR    | uvicorn.protocols.http.httptools_impl:run_asgi:431 - Exception in ASGI application

Traceback (most recent call last):

  File "C:\Users\soumy\OneDrive\Desktop\Project\lca_platform\venv\Lib\site-packages\sqlalchemy\engine\base.py", line 1969, in _exec_single_context
    self.dialect.do_execute(
    │    │       └ <function DefaultDialect.do_execute at 0x000002000DF9ECA0>
    │    └ <sqlalchemy.dialects.sqlite.pysqlite.SQLiteDialect_pysqlite object at 0x000002000DC5F6B0>
    └ <sqlalchemy.engine.base.Connection object at 0x00000200414C9EE0>
  File "C:\Users\soumy\OneDrive\Desktop\Project\lca_platform\venv\Lib\site-packages\sqlalchemy\engine\default.py", line 922, in do_execute
    cursor.execute(statement, parameters)
    │      │       │          └ (1, 'Analysis Report', 'lca_summary', '{"assessment_count": 1, "totals": {"carbon_kg_co2": 142200000.0, "water_m3": 13800000....
    │      │       └ 'INSERT INTO reports (user_id, title, report_type, content, file_path, status, created_at) VALUES (?, ?, ?, ?, ?, ?, ?)'
    │      └ <method 'execute' of 'sqlite3.Cursor' objects>
    └ <sqlite3.Cursor object at 0x00000200414EC1C0>

sqlite3.IntegrityError: FOREIGN KEY constraint failed


The above exception was the direct cause of the following exception:


Traceback (most recent call last):

  File "<string>", line 1, in <module>
  File "C:\Users\soumy\AppData\Local\Programs\Python\Python312\Lib\multiprocessing\spawn.py", line 122, in spawn_main
    exitcode = _main(fd, parent_sentinel)
               │     │   └ 376
               │     └ 3
               └ <function _main at 0x0000020009310540>
  File "C:\Users\soumy\AppData\Local\Programs\Python\Python312\Lib\multiprocessing\spawn.py", line 135, in _main
    return self._bootstrap(parent_sentinel)
           │    │          └ 376
           │    └ <function BaseProcess._bootstrap at 0x0000020009213A60>
           └ <SpawnProcess name='SpawnProcess-1' parent=13248 started>
  File "C:\Users\soumy\AppData\Local\Programs\Python\Python312\Lib\multiprocessing\process.py", line 314, in _bootstrap
    self.run()
    │    └ <function BaseProcess.run at 0x0000020009212FC0>
    └ <SpawnProcess name='SpawnProcess-1' parent=13248 started>
  File "C:\Users\soumy\AppData\Local\Programs\Python\Python312\Lib\multiprocessing\process.py", line 108, in run
    self._target(*self._args, **self._kwargs)
    │    │        │    │        │    └ {'config': <uvicorn.config.Config object at 0x000002000962DAC0>, 'target': <bound method Server.run of <uvicorn.server.Server...
    │    │        │    │        └ <SpawnProcess name='SpawnProcess-1' parent=13248 started>
    │    │        │    └ ()
    │    │        └ <SpawnProcess name='SpawnProcess-1' parent=13248 started>
    │    └ <function subprocess_started at 0x000002000B727D80>
    └ <SpawnProcess name='SpawnProcess-1' parent=13248 started>
  File "C:\Users\soumy\OneDrive\Desktop\Project\lca_platform\venv\Lib\site-packages\uvicorn\_subprocess.py", line 76, in subprocess_started
    target(sockets=sockets)
    │              └ [<socket.socket fd=432, family=2, type=1, proto=6, laddr=('0.0.0.0', 8000)>]
    └ <bound method Server.run of <uvicorn.server.Server object at 0x000002000B85A9C0>>
  File "C:\Users\soumy\OneDrive\Desktop\Project\lca_platform\venv\Lib\site-packages\uvicorn\server.py", line 61, in run
    return asyncio.run(self.serve(sockets=sockets))
           │       │   │    │             └ [<socket.socket fd=432, family=2, type=1, proto=6, laddr=('0.0.0.0', 8000)>]
           │       │   │    └ <function Server.serve at 0x000002000B7272E0>
           │       │   └ <uvicorn.server.Server object at 0x000002000B85A9C0>
           │       └ <function run at 0x0000020009A0E660>
           └ <module 'asyncio' from 'C:\\Users\\soumy\\AppData\\Local\\Programs\\Python\\Python312\\Lib\\asyncio\\__init__.py'>
  File "C:\Users\soumy\AppData\Local\Programs\Python\Python312\Lib\asyncio\runners.py", line 195, in run
    return runner.run(main)
           │      │   └ <coroutine object Server.serve at 0x000002000B648740>
           │      └ <function Runner.run at 0x0000020009A5DF80>
           └ <asyncio.runners.Runner object at 0x000002000B69CC50>
  File "C:\Users\soumy\AppData\Local\Programs\Python\Python312\Lib\asyncio\runners.py", line 118, in run
    return self._loop.run_until_complete(task)
           │    │     │                  └ <Task pending name='Task-1' coro=<Server.serve() running at C:\Users\soumy\OneDrive\Desktop\Project\lca_platform\venv\Lib\sit...
           │    │     └ <function BaseEventLoop.run_until_complete at 0x0000020009A57B00>
           │    └ <_WindowsSelectorEventLoop running=True closed=False debug=False>
           └ <asyncio.runners.Runner object at 0x000002000B69CC50>
  File "C:\Users\soumy\AppData\Local\Programs\Python\Python312\Lib\asyncio\base_events.py", line 678, in run_until_complete
    self.run_forever()
    │    └ <function BaseEventLoop.run_forever at 0x0000020009A57A60>
    └ <_WindowsSelectorEventLoop running=True closed=False debug=False>
  File "C:\Users\soumy\AppData\Local\Programs\Python\Python312\Lib\asyncio\base_events.py", line 645, in run_forever
    self._run_once()
    │    └ <function BaseEventLoop._run_once at 0x0000020009A5D8A0>
    └ <_WindowsSelectorEventLoop running=True closed=False debug=False>
  File "C:\Users\soumy\AppData\Local\Programs\Python\Python312\Lib\asyncio\base_events.py", line 1999, in _run_once
    handle._run()
    │      └ <function Handle._run at 0x00000200099F5C60>
    └ <Handle Task.task_wakeup(<Future finished result=None>)>
  File "C:\Users\soumy\AppData\Local\Programs\Python\Python312\Lib\asyncio\events.py", line 88, in _run
    self._context.run(self._callback, *self._args)
    │    │            │    │           │    └ <member '_args' of 'Handle' objects>
    │    │            │    │           └ <Handle Task.task_wakeup(<Future finished result=None>)>
    │    │            │    └ <member '_callback' of 'Handle' objects>
    │    │            └ <Handle Task.task_wakeup(<Future finished result=None>)>
    │    └ <member '_context' of 'Handle' objects>
    └ <Handle Task.task_wakeup(<Future finished result=None>)>
> File "C:\Users\soumy\OneDrive\Desktop\Project\lca_platform\venv\Lib\site-packages\uvicorn\protocols\http\httptools_impl.py", line 426, in run_asgi
    result = await app(  # type: ignore[func-returns-value]
                   └ <uvicorn.middleware.proxy_headers.ProxyHeadersMiddleware object at 0x000002003EC296A0>
  File "C:\Users\soumy\OneDrive\Desktop\Project\lca_platform\venv\Lib\site-packages\uvicorn\middleware\proxy_headers.py", line 84, in __call__
    return await self.app(scope, receive, send)
                 │    │   │      │        └ <bound method RequestResponseCycle.send of <uvicorn.protocols.http.httptools_impl.RequestResponseCycle object at 0x0000020041...
                 │    │   │      └ <bound method RequestResponseCycle.receive of <uvicorn.protocols.http.httptools_impl.RequestResponseCycle object at 0x0000020...
                 │    │   └ {'type': 'http', 'asgi': {'version': '3.0', 'spec_version': '2.3'}, 'http_version': '1.1', 'server': ('127.0.0.1', 8000), 'cl...
                 │    └ <fastapi.applications.FastAPI object at 0x000002000D93B650>
                 └ <uvicorn.middleware.proxy_headers.ProxyHeadersMiddleware object at 0x000002003EC296A0>
  File "C:\Users\soumy\OneDrive\Desktop\Project\lca_platform\venv\Lib\site-packages\fastapi\applications.py", line 1106, in __call__
    await super().__call__(scope, receive, send)
                           │      │        └ <bound method RequestResponseCycle.send of <uvicorn.protocols.http.httptools_impl.RequestResponseCycle object at 0x0000020041...
                           │      └ <bound method RequestResponseCycle.receive of <uvicorn.protocols.http.httptools_impl.RequestResponseCycle object at 0x0000020...
                           └ {'type': 'http', 'asgi': {'version': '3.0', 'spec_version': '2.3'}, 'http_version': '1.1', 'server': ('127.0.0.1', 8000), 'cl...
  File "C:\Users\soumy\OneDrive\Desktop\Project\lca_platform\venv\Lib\site-packages\starlette\applications.py", line 122, in __call__
    await self.middleware_stack(scope, receive, send)
          │    │                │      │        └ <bound method RequestResponseCycle.send of <uvicorn.protocols.http.httptools_impl.RequestResponseCycle object at 0x0000020041...
          │    │                │      └ <bound method RequestResponseCycle.receive of <uvicorn.protocols.http.httptools_impl.RequestResponseCycle object at 0x0000020...
          │    │                └ {'type': 'http', 'asgi': {'version': '3.0', 'spec_version': '2.3'}, 'http_version': '1.1', 'server': ('127.0.0.1', 8000), 'cl...
          │    └ <starlette.middleware.errors.ServerErrorMiddleware object at 0x000002003ED517C0>
          └ <fastapi.applications.FastAPI object at 0x000002000D93B650>
  File "C:\Users\soumy\OneDrive\Desktop\Project\lca_platform\venv\Lib\site-packages\starlette\middleware\errors.py", line 184, in __call__
    raise exc
  File "C:\Users\soumy\OneDrive\Desktop\Project\lca_platform\venv\Lib\site-packages\starlette\middleware\errors.py", line 162, in __call__
    await self.app(scope, receive, _send)
          │    │   │      │        └ <function ServerErrorMiddleware.__call__.<locals>._send at 0x00000200412E2700>
          │    │   │      └ <bound method RequestResponseCycle.receive of <uvicorn.protocols.http.httptools_impl.RequestResponseCycle object at 0x0000020...
          │    │   └ {'type': 'http', 'asgi': {'version': '3.0', 'spec_version': '2.3'}, 'http_version': '1.1', 'server': ('127.0.0.1', 8000), 'cl...
          │    └ <starlette.middleware.base.BaseHTTPMiddleware object at 0x000002003E6D65A0>
          └ <starlette.middleware.errors.ServerErrorMiddleware object at 0x000002003ED517C0>
  File "C:\Users\soumy\OneDrive\Desktop\Project\lca_platform\venv\Lib\site-packages\starlette\middleware\base.py", line 108, in __call__
    response = await self.dispatch_func(request, call_next)
                     │    │             │        └ <function BaseHTTPMiddleware.__call__.<locals>.call_next at 0x00000200412E37E0>
                     │    │             └ <starlette.requests.Request object at 0x00000200414C96A0>
                     │    └ <function log_requests at 0x000002000D8DADE0>
                     └ <starlette.middleware.base.BaseHTTPMiddleware object at 0x000002003E6D65A0>

  File "C:\Users\soumy\OneDrive\Desktop\Project\lca_platform\backend\app\main.py", line 56, in log_requests
    response = await call_next(request)
                     │         └ <starlette.requests.Request object at 0x00000200414C96A0>
                     └ <function BaseHTTPMiddleware.__call__.<locals>.call_next at 0x00000200412E37E0>

  File "C:\Users\soumy\OneDrive\Desktop\Project\lca_platform\venv\Lib\site-packages\starlette\middleware\base.py", line 84, in call_next
    raise app_exc
          └ IntegrityError('(sqlite3.IntegrityError) FOREIGN KEY constraint failed')
  File "C:\Users\soumy\OneDrive\Desktop\Project\lca_platform\venv\Lib\site-packages\starlette\middleware\base.py", line 70, in coro
    await self.app(scope, receive_or_disconnect, send_no_error)
          │    │   │      │                      └ <function BaseHTTPMiddleware.__call__.<locals>.call_next.<locals>.send_no_error at 0x00000200414D8220>
          │    │   │      └ <function BaseHTTPMiddleware.__call__.<locals>.call_next.<locals>.receive_or_disconnect at 0x00000200412E3600>
          │    │   └ {'type': 'http', 'asgi': {'version': '3.0', 'spec_version': '2.3'}, 'http_version': '1.1', 'server': ('127.0.0.1', 8000), 'cl...
          │    └ <starlette.middleware.cors.CORSMiddleware object at 0x000002003CE6BFB0>
          └ <starlette.middleware.base.BaseHTTPMiddleware object at 0x000002003E6D65A0>
  File "C:\Users\soumy\OneDrive\Desktop\Project\lca_platform\venv\Lib\site-packages\starlette\middleware\cors.py", line 91, in __call__
    await self.simple_response(scope, receive, send, request_headers=headers)
          │    │               │      │        │                     └ Headers({'host': 'localhost:8000', 'connection': 'keep-alive', 'content-length': '0', 'sec-ch-ua-platform': '"Windows"', 'use...
          │    │               │      │        └ <function BaseHTTPMiddleware.__call__.<locals>.call_next.<locals>.send_no_error at 0x00000200414D8220>
          │    │               │      └ <function BaseHTTPMiddleware.__call__.<locals>.call_next.<locals>.receive_or_disconnect at 0x00000200412E3600>
          │    │               └ {'type': 'http', 'asgi': {'version': '3.0', 'spec_version': '2.3'}, 'http_version': '1.1', 'server': ('127.0.0.1', 8000), 'cl...
          │    └ <function CORSMiddleware.simple_response at 0x000002000D8D9940>
          └ <starlette.middleware.cors.CORSMiddleware object at 0x000002003CE6BFB0>
  File "C:\Users\soumy\OneDrive\Desktop\Project\lca_platform\venv\Lib\site-packages\starlette\middleware\cors.py", line 146, in simple_response
    await self.app(scope, receive, send)
          │    │   │      │        └ functools.partial(<bound method CORSMiddleware.send of <starlette.middleware.cors.CORSMiddleware object at 0x000002003CE6BFB0...
          │    │   │      └ <function BaseHTTPMiddleware.__call__.<locals>.call_next.<locals>.receive_or_disconnect at 0x00000200412E3600>
          │    │   └ {'type': 'http', 'asgi': {'version': '3.0', 'spec_version': '2.3'}, 'http_version': '1.1', 'server': ('127.0.0.1', 8000), 'cl...
          │    └ <starlette.middleware.exceptions.ExceptionMiddleware object at 0x000002003E863860>
          └ <starlette.middleware.cors.CORSMiddleware object at 0x000002003CE6BFB0>
  File "C:\Users\soumy\OneDrive\Desktop\Project\lca_platform\venv\Lib\site-packages\starlette\middleware\exceptions.py", line 79, in __call__
    raise exc
  File "C:\Users\soumy\OneDrive\Desktop\Project\lca_platform\venv\Lib\site-packages\starlette\middleware\exceptions.py", line 68, in __call__
    await self.app(scope, receive, sender)
          │    │   │      │        └ <function ExceptionMiddleware.__call__.<locals>.sender at 0x00000200414D85E0>
          │    │   │      └ <function BaseHTTPMiddleware.__call__.<locals>.call_next.<locals>.receive_or_disconnect at 0x00000200412E3600>
          │    │   └ {'type': 'http', 'asgi': {'version': '3.0', 'spec_version': '2.3'}, 'http_version': '1.1', 'server': ('127.0.0.1', 8000), 'cl...
          │    └ <fastapi.middleware.asyncexitstack.AsyncExitStackMiddleware object at 0x000002003EB52F60>
          └ <starlette.middleware.exceptions.ExceptionMiddleware object at 0x000002003E863860>
  File "C:\Users\soumy\OneDrive\Desktop\Project\lca_platform\venv\Lib\site-packages\fastapi\middleware\asyncexitstack.py", line 20, in __call__
    raise e
  File "C:\Users\soumy\OneDrive\Desktop\Project\lca_platform\venv\Lib\site-packages\fastapi\middleware\asyncexitstack.py", line 17, in __call__
    await self.app(scope, receive, send)
          │    │   │      │        └ <function ExceptionMiddleware.__call__.<locals>.sender at 0x00000200414D85E0>
          │    │   │      └ <function BaseHTTPMiddleware.__call__.<locals>.call_next.<locals>.receive_or_disconnect at 0x00000200412E3600>
          │    │   └ {'type': 'http', 'asgi': {'version': '3.0', 'spec_version': '2.3'}, 'http_version': '1.1', 'server': ('127.0.0.1', 8000), 'cl...
          │    └ <fastapi.routing.APIRouter object at 0x000002000E307FB0>
          └ <fastapi.middleware.asyncexitstack.AsyncExitStackMiddleware object at 0x000002003EB52F60>
  File "C:\Users\soumy\OneDrive\Desktop\Project\lca_platform\venv\Lib\site-packages\starlette\routing.py", line 718, in __call__
    await route.handle(scope, receive, send)
          │     │      │      │        └ <function ExceptionMiddleware.__call__.<locals>.sender at 0x00000200414D85E0>
          │     │      │      └ <function BaseHTTPMiddleware.__call__.<locals>.call_next.<locals>.receive_or_disconnect at 0x00000200412E3600>
          │     │      └ {'type': 'http', 'asgi': {'version': '3.0', 'spec_version': '2.3'}, 'http_version': '1.1', 'server': ('127.0.0.1', 8000), 'cl...
          │     └ <function Route.handle at 0x000002000D8396C0>
          └ APIRoute(path='/api/v1/reports/generate', name='generate_report', methods=['POST'])
  File "C:\Users\soumy\OneDrive\Desktop\Project\lca_platform\venv\Lib\site-packages\starlette\routing.py", line 276, in handle
    await self.app(scope, receive, send)
          │    │   │      │        └ <function ExceptionMiddleware.__call__.<locals>.sender at 0x00000200414D85E0>
          │    │   │      └ <function BaseHTTPMiddleware.__call__.<locals>.call_next.<locals>.receive_or_disconnect at 0x00000200412E3600>
          │    │   └ {'type': 'http', 'asgi': {'version': '3.0', 'spec_version': '2.3'}, 'http_version': '1.1', 'server': ('127.0.0.1', 8000), 'cl...
          │    └ <function request_response.<locals>.app at 0x000002003ED9CFE0>
          └ APIRoute(path='/api/v1/reports/generate', name='generate_report', methods=['POST'])
  File "C:\Users\soumy\OneDrive\Desktop\Project\lca_platform\venv\Lib\site-packages\starlette\routing.py", line 66, in app
    response = await func(request)
                     │    └ <starlette.requests.Request object at 0x00000200414C9A60>
                     └ <function get_request_handler.<locals>.app at 0x000002003ED9D440>
  File "C:\Users\soumy\OneDrive\Desktop\Project\lca_platform\venv\Lib\site-packages\fastapi\routing.py", line 274, in app
    raw_response = await run_endpoint_function(
                         └ <function run_endpoint_function at 0x000002000D83A7A0>
  File "C:\Users\soumy\OneDrive\Desktop\Project\lca_platform\venv\Lib\site-packages\fastapi\routing.py", line 193, in run_endpoint_function
    return await run_in_threadpool(dependant.call, **values)
                 │                 │         │       └ {'db': <sqlalchemy.orm.session.Session object at 0x00000200414C9C70>, 'report_type': 'lca_summary', 'title': 'Analysis Report'}
                 │                 │         └ <function generate_report at 0x000002003ED5B240>
                 │                 └ <fastapi.dependencies.models.Dependant object at 0x000002003EDB5D60>
                 └ <function run_in_threadpool at 0x000002000C51CF40>
  File "C:\Users\soumy\OneDrive\Desktop\Project\lca_platform\venv\Lib\site-packages\starlette\concurrency.py", line 41, in run_in_threadpool
    return await anyio.to_thread.run_sync(func, *args)
                 │     │         │        │      └ ()
                 │     │         │        └ functools.partial(<function generate_report at 0x000002003ED5B240>, db=<sqlalchemy.orm.session.Session object at 0x0000020041...
                 │     │         └ <function run_sync at 0x000002000B7B0EA0>
                 │     └ <module 'anyio.to_thread' from 'C:\\Users\\soumy\\OneDrive\\Desktop\\Project\\lca_platform\\venv\\Lib\\site-packages\\anyio\\...
                 └ <module 'anyio' from 'C:\\Users\\soumy\\OneDrive\\Desktop\\Project\\lca_platform\\venv\\Lib\\site-packages\\anyio\\__init__.py'>
  File "C:\Users\soumy\OneDrive\Desktop\Project\lca_platform\venv\Lib\site-packages\anyio\to_thread.py", line 33, in run_sync
    return await get_asynclib().run_sync_in_worker_thread(
                 └ <function get_asynclib at 0x000002000B7723E0>
  File "C:\Users\soumy\OneDrive\Desktop\Project\lca_platform\venv\Lib\site-packages\anyio\_backends\_asyncio.py", line 877, in run_sync_in_worker_thread
    return await future
                 └ <Future finished exception=IntegrityError('(sqlite3.IntegrityError) FOREIGN KEY constraint failed')>
  File "C:\Users\soumy\OneDrive\Desktop\Project\lca_platform\venv\Lib\site-packages\anyio\_backends\_asyncio.py", line 807, in run
    result = context.run(func, *args)
             │       │   │      └ (<class 'sqlalchemy.exc.IntegrityError'>, IntegrityError('(sqlite3.IntegrityError) FOREIGN KEY constraint failed'), None)
             │       │   └ <bound method _GeneratorContextManager.__exit__ of <contextlib._GeneratorContextManager object at 0x00000200414C9B80>>
             │       └ <method 'run' of '_contextvars.Context' objects>
             └ <_contextvars.Context object at 0x000002004111E300>

  File "C:\Users\soumy\OneDrive\Desktop\Project\lca_platform\backend\app\api\v1\reports.py", line 11, in generate_report
    result = report_service.generate_report(user_id=1, report_type=report_type, title=title, db=db)
             │              │                                      │                  │         └ <sqlalchemy.orm.session.Session object at 0x00000200414C9C70>
             │              │                                      │                  └ 'Analysis Report'
             │              │                                      └ 'lca_summary'
             │              └ <function generate_report at 0x000002003ED5B380>
             └ <module 'backend.app.services.report_service' from 'C:\\Users\\soumy\\OneDrive\\Desktop\\Project\\lca_platform\\backend\\app\...

  File "C:\Users\soumy\OneDrive\Desktop\Project\lca_platform\backend\app\services\report_service.py", line 34, in generate_report
    db.commit()
    │  └ <function Session.commit at 0x000002000E257100>
    └ <sqlalchemy.orm.session.Session object at 0x00000200414C9C70>

  File "C:\Users\soumy\OneDrive\Desktop\Project\lca_platform\venv\Lib\site-packages\sqlalchemy\orm\session.py", line 1969, in commit
    trans.commit(_to_root=True)
    │     └ <function SessionTransaction.commit at 0x000002000E256200>
    └ <sqlalchemy.orm.session.SessionTransaction object at 0x00000200414D3FD0>
  File "<string>", line 2, in commit
  File "C:\Users\soumy\OneDrive\Desktop\Project\lca_platform\venv\Lib\site-packages\sqlalchemy\orm\state_changes.py", line 139, in _go
    ret_value = fn(self, *arg, **kw)
                │  │      │      └ {'_to_root': True}
                │  │      └ ()
                │  └ <sqlalchemy.orm.session.SessionTransaction object at 0x00000200414D3FD0>
                └ <function SessionTransaction.commit at 0x000002000E256020>
  File "C:\Users\soumy\OneDrive\Desktop\Project\lca_platform\venv\Lib\site-packages\sqlalchemy\orm\session.py", line 1256, in commit
    self._prepare_impl()
    │    └ <function SessionTransaction._prepare_impl at 0x000002000E255EE0>
    └ <sqlalchemy.orm.session.SessionTransaction object at 0x00000200414D3FD0>
  File "<string>", line 2, in _prepare_impl
  File "C:\Users\soumy\OneDrive\Desktop\Project\lca_platform\venv\Lib\site-packages\sqlalchemy\orm\state_changes.py", line 139, in _go
    ret_value = fn(self, *arg, **kw)
                │  │      │      └ {}
                │  │      └ ()
                │  └ <sqlalchemy.orm.session.SessionTransaction object at 0x00000200414D3FD0>
                └ <function SessionTransaction._prepare_impl at 0x000002000E255E40>
  File "C:\Users\soumy\OneDrive\Desktop\Project\lca_platform\venv\Lib\site-packages\sqlalchemy\orm\session.py", line 1231, in _prepare_impl
    self.session.flush()
    │    │       └ <function Session.flush at 0x000002000E262020>
    │    └ <sqlalchemy.orm.session.Session object at 0x00000200414C9C70>
    └ <sqlalchemy.orm.session.SessionTransaction object at 0x00000200414D3FD0>
  File "C:\Users\soumy\OneDrive\Desktop\Project\lca_platform\venv\Lib\site-packages\sqlalchemy\orm\session.py", line 4312, in flush
    self._flush(objects)
    │    │      └ None
    │    └ <function Session._flush at 0x000002000E262200>
    └ <sqlalchemy.orm.session.Session object at 0x00000200414C9C70>
  File "C:\Users\soumy\OneDrive\Desktop\Project\lca_platform\venv\Lib\site-packages\sqlalchemy\orm\session.py", line 4447, in _flush
    with util.safe_reraise():
         │    └ <class 'sqlalchemy.util.langhelpers.safe_reraise'>
         └ <module 'sqlalchemy.util' from 'C:\\Users\\soumy\\OneDrive\\Desktop\\Project\\lca_platform\\venv\\Lib\\site-packages\\sqlalch...
  File "C:\Users\soumy\OneDrive\Desktop\Project\lca_platform\venv\Lib\site-packages\sqlalchemy\util\langhelpers.py", line 146, in __exit__
    raise exc_value.with_traceback(exc_tb)
          │         │              └ <traceback object at 0x00000200414E8A80>
          │         └ <method 'with_traceback' of 'BaseException' objects>
          └ IntegrityError('(sqlite3.IntegrityError) FOREIGN KEY constraint failed')
  File "C:\Users\soumy\OneDrive\Desktop\Project\lca_platform\venv\Lib\site-packages\sqlalchemy\orm\session.py", line 4408, in _flush
    flush_context.execute()
    │             └ <function UOWTransaction.execute at 0x000002000E236A20>
    └ <sqlalchemy.orm.unitofwork.UOWTransaction object at 0x00000200411F3DD0>
  File "C:\Users\soumy\OneDrive\Desktop\Project\lca_platform\venv\Lib\site-packages\sqlalchemy\orm\unitofwork.py", line 466, in execute
    rec.execute(self)
    │   │       └ <sqlalchemy.orm.unitofwork.UOWTransaction object at 0x00000200411F3DD0>
    │   └ <function SaveUpdateAll.execute at 0x000002000E237560>
    └ SaveUpdateAll(Mapper[Report(reports)])
  File "C:\Users\soumy\OneDrive\Desktop\Project\lca_platform\venv\Lib\site-packages\sqlalchemy\orm\unitofwork.py", line 642, in execute
    util.preloaded.orm_persistence.save_obj(
    │    │         │               └ <function save_obj at 0x000002000E155C60>
    │    │         └ <module 'sqlalchemy.orm.persistence' from 'C:\\Users\\soumy\\OneDrive\\Desktop\\Project\\lca_platform\\venv\\Lib\\site-packag...
    │    └ <module 'sqlalchemy.util.preloaded' from 'C:\\Users\\soumy\\OneDrive\\Desktop\\Project\\lca_platform\\venv\\Lib\\site-package...
    └ <module 'sqlalchemy.util' from 'C:\\Users\\soumy\\OneDrive\\Desktop\\Project\\lca_platform\\venv\\Lib\\site-packages\\sqlalch...
  File "C:\Users\soumy\OneDrive\Desktop\Project\lca_platform\venv\Lib\site-packages\sqlalchemy\orm\persistence.py", line 93, in save_obj
    _emit_insert_statements(
    └ <function _emit_insert_statements at 0x000002000E22D9E0>
  File "C:\Users\soumy\OneDrive\Desktop\Project\lca_platform\venv\Lib\site-packages\sqlalchemy\orm\persistence.py", line 1226, in _emit_insert_statements
    result = connection.execute(
             │          └ <function Connection.execute at 0x000002000DF0FEC0>
             └ <sqlalchemy.engine.base.Connection object at 0x00000200414C9EE0>
  File "C:\Users\soumy\OneDrive\Desktop\Project\lca_platform\venv\Lib\site-packages\sqlalchemy\engine\base.py", line 1416, in execute
    return meth(
           └ <bound method ClauseElement._execute_on_connection of <sqlalchemy.sql.dml.Insert object at 0x0000020040EC8F20>>
  File "C:\Users\soumy\OneDrive\Desktop\Project\lca_platform\venv\Lib\site-packages\sqlalchemy\sql\elements.py", line 516, in _execute_on_connection
    return connection._execute_clauseelement(
           │          └ <function Connection._execute_clauseelement at 0x000002000DF14220>
           └ <sqlalchemy.engine.base.Connection object at 0x00000200414C9EE0>
  File "C:\Users\soumy\OneDrive\Desktop\Project\lca_platform\venv\Lib\site-packages\sqlalchemy\engine\base.py", line 1639, in _execute_clauseelement
    ret = self._execute_context(
          │    └ <function Connection._execute_context at 0x000002000DF14400>
          └ <sqlalchemy.engine.base.Connection object at 0x00000200414C9EE0>
  File "C:\Users\soumy\OneDrive\Desktop\Project\lca_platform\venv\Lib\site-packages\sqlalchemy\engine\base.py", line 1848, in _execute_context
    return self._exec_single_context(
           │    └ <function Connection._exec_single_context at 0x000002000DF144A0>
           └ <sqlalchemy.engine.base.Connection object at 0x00000200414C9EE0>
  File "C:\Users\soumy\OneDrive\Desktop\Project\lca_platform\venv\Lib\site-packages\sqlalchemy\engine\base.py", line 1988, in _exec_single_context
    self._handle_dbapi_exception(
    │    └ <function Connection._handle_dbapi_exception at 0x000002000DF14720>
    └ <sqlalchemy.engine.base.Connection object at 0x00000200414C9EE0>
  File "C:\Users\soumy\OneDrive\Desktop\Project\lca_platform\venv\Lib\site-packages\sqlalchemy\engine\base.py", line 2343, in _handle_dbapi_exception
    raise sqlalchemy_exception.with_traceback(exc_info[2]) from e
          │                    │              │                 └ IntegrityError('FOREIGN KEY constraint failed')
          │                    │              └ (<class 'sqlite3.IntegrityError'>, IntegrityError('FOREIGN KEY constraint failed'), <traceback object at 0x00000200414E8E00>)
          │                    └ <method 'with_traceback' of 'BaseException' objects>
          └ IntegrityError('(sqlite3.IntegrityError) FOREIGN KEY constraint failed')
  File "C:\Users\soumy\OneDrive\Desktop\Project\lca_platform\venv\Lib\site-packages\sqlalchemy\engine\base.py", line 1969, in _exec_single_context
    self.dialect.do_execute(
    │    │       └ <function DefaultDialect.do_execute at 0x000002000DF9ECA0>
    │    └ <sqlalchemy.dialects.sqlite.pysqlite.SQLiteDialect_pysqlite object at 0x000002000DC5F6B0>
    └ <sqlalchemy.engine.base.Connection object at 0x00000200414C9EE0>
  File "C:\Users\soumy\OneDrive\Desktop\Project\lca_platform\venv\Lib\site-packages\sqlalchemy\engine\default.py", line 922, in do_execute
    cursor.execute(statement, parameters)
    │      │       │          └ (1, 'Analysis Report', 'lca_summary', '{"assessment_count": 1, "totals": {"carbon_kg_co2": 142200000.0, "water_m3": 13800000....
    │      │       └ 'INSERT INTO reports (user_id, title, report_type, content, file_path, status, created_at) VALUES (?, ?, ?, ?, ?, ?, ?)'
    │      └ <method 'execute' of 'sqlite3.Cursor' objects>
    └ <sqlite3.Cursor object at 0x00000200414EC1C0>

sqlalchemy.exc.IntegrityError: (sqlite3.IntegrityError) FOREIGN KEY constraint failed
[SQL: INSERT INTO reports (user_id, title, report_type, content, file_path, status, created_at) VALUES (?, ?, ?, ?, ?, ?, ?)]
[parameters: (1, 'Analysis Report', 'lca_summary', '{"assessment_count": 1, "totals": {"carbon_kg_co2": 142200000.0, "water_m3": 13800000.0, "energy_mj": 225000000.0, "waste_kg": 5865000000.0}, "averag ... (69 characters truncated) ... j": 225000000.0, "waste_kg": 5865000000.0}, "recent_assessments": [{"facility": "REE Processing Plant", "carbon": 142200000.0, "water": 13800000.0}]}', '', 'generated', '2026-07-26 13:05:24.264031')]
(Background on this error at: https://sqlalche.me/e/20/gkpj)
2026-07-26 18:43:12 | ERROR    | uvicorn.lifespan.on:send:134 - Traceback (most recent call last):
  File "C:\Users\soumy\AppData\Local\Programs\Python\Python312\Lib\asyncio\runners.py", line 118, in run
    return self._loop.run_until_complete(task)
           ^^^^^^^^^^^^^^^^^^^^^^^^^^^^^^^^^^^
  File "C:\Users\soumy\AppData\Local\Programs\Python\Python312\Lib\asyncio\base_events.py", line 691, in run_until_complete
    return future.result()
           ^^^^^^^^^^^^^^^
  File "C:\Users\soumy\OneDrive\Desktop\Project\lca_platform\venv\Lib\site-packages\uvicorn\server.py", line 78, in serve
    await self.startup(sockets=sockets)
  File "C:\Users\soumy\OneDrive\Desktop\Project\lca_platform\venv\Lib\site-packages\uvicorn\server.py", line 89, in startup
    await self.lifespan.startup()
  File "C:\Users\soumy\OneDrive\Desktop\Project\lca_platform\venv\Lib\site-packages\uvicorn\lifespan\on.py", line 54, in startup
    await self.startup_event.wait()
  File "C:\Users\soumy\AppData\Local\Programs\Python\Python312\Lib\asyncio\locks.py", line 212, in wait
    await fut
asyncio.exceptions.CancelledError

During handling of the above exception, another exception occurred:

Traceback (most recent call last):
  File "C:\Users\soumy\AppData\Local\Programs\Python\Python312\Lib\asyncio\runners.py", line 195, in run
    return runner.run(main)
           ^^^^^^^^^^^^^^^^
  File "C:\Users\soumy\AppData\Local\Programs\Python\Python312\Lib\asyncio\runners.py", line 123, in run
    raise KeyboardInterrupt()
KeyboardInterrupt

During handling of the above exception, another exception occurred:

Traceback (most recent call last):
  File "C:\Users\soumy\OneDrive\Desktop\Project\lca_platform\venv\Lib\site-packages\starlette\routing.py", line 686, in lifespan
    await receive()
  File "C:\Users\soumy\OneDrive\Desktop\Project\lca_platform\venv\Lib\site-packages\uvicorn\lifespan\on.py", line 137, in receive
    return await self.receive_queue.get()
           ^^^^^^^^^^^^^^^^^^^^^^^^^^^^^^
  File "C:\Users\soumy\AppData\Local\Programs\Python\Python312\Lib\asyncio\queues.py", line 158, in get
    await getter
asyncio.exceptions.CancelledError

2026-07-26 18:46:10 | ERROR    | uvicorn.lifespan.on:send:134 - Traceback (most recent call last):
  File "C:\Users\soumy\AppData\Local\Programs\Python\Python312\Lib\asyncio\runners.py", line 118, in run
    return self._loop.run_until_complete(task)
           ^^^^^^^^^^^^^^^^^^^^^^^^^^^^^^^^^^^
  File "C:\Users\soumy\AppData\Local\Programs\Python\Python312\Lib\asyncio\base_events.py", line 691, in run_until_complete
    return future.result()
           ^^^^^^^^^^^^^^^
  File "C:\Users\soumy\OneDrive\Desktop\Project\lca_platform\venv\Lib\site-packages\uvicorn\server.py", line 78, in serve
    await self.startup(sockets=sockets)
  File "C:\Users\soumy\OneDrive\Desktop\Project\lca_platform\venv\Lib\site-packages\uvicorn\server.py", line 89, in startup
    await self.lifespan.startup()
  File "C:\Users\soumy\OneDrive\Desktop\Project\lca_platform\venv\Lib\site-packages\uvicorn\lifespan\on.py", line 54, in startup
    await self.startup_event.wait()
  File "C:\Users\soumy\AppData\Local\Programs\Python\Python312\Lib\asyncio\locks.py", line 212, in wait
    await fut
asyncio.exceptions.CancelledError

During handling of the above exception, another exception occurred:

Traceback (most recent call last):
  File "C:\Users\soumy\AppData\Local\Programs\Python\Python312\Lib\asyncio\runners.py", line 195, in run
    return runner.run(main)
           ^^^^^^^^^^^^^^^^
  File "C:\Users\soumy\AppData\Local\Programs\Python\Python312\Lib\asyncio\runners.py", line 123, in run
    raise KeyboardInterrupt()
KeyboardInterrupt

During handling of the above exception, another exception occurred:

Traceback (most recent call last):
  File "C:\Users\soumy\OneDrive\Desktop\Project\lca_platform\venv\Lib\site-packages\starlette\routing.py", line 686, in lifespan
    await receive()
  File "C:\Users\soumy\OneDrive\Desktop\Project\lca_platform\venv\Lib\site-packages\uvicorn\lifespan\on.py", line 137, in receive
    return await self.receive_queue.get()
           ^^^^^^^^^^^^^^^^^^^^^^^^^^^^^^
  File "C:\Users\soumy\AppData\Local\Programs\Python\Python312\Lib\asyncio\queues.py", line 158, in get
    await getter
asyncio.exceptions.CancelledError

2026-07-26 19:07:59 | ERROR    | uvicorn.lifespan.on:send:134 - Traceback (most recent call last):
  File "C:\Users\soumy\AppData\Local\Programs\Python\Python312\Lib\asyncio\runners.py", line 118, in run
    return self._loop.run_until_complete(task)
           ^^^^^^^^^^^^^^^^^^^^^^^^^^^^^^^^^^^
  File "C:\Users\soumy\AppData\Local\Programs\Python\Python312\Lib\asyncio\base_events.py", line 691, in run_until_complete
    return future.result()
           ^^^^^^^^^^^^^^^
  File "C:\Users\soumy\OneDrive\Desktop\Project\lca_platform\venv\Lib\site-packages\uvicorn\server.py", line 78, in serve
    await self.startup(sockets=sockets)
  File "C:\Users\soumy\OneDrive\Desktop\Project\lca_platform\venv\Lib\site-packages\uvicorn\server.py", line 89, in startup
    await self.lifespan.startup()
  File "C:\Users\soumy\OneDrive\Desktop\Project\lca_platform\venv\Lib\site-packages\uvicorn\lifespan\on.py", line 54, in startup
    await self.startup_event.wait()
  File "C:\Users\soumy\AppData\Local\Programs\Python\Python312\Lib\asyncio\locks.py", line 212, in wait
    await fut
asyncio.exceptions.CancelledError

During handling of the above exception, another exception occurred:

Traceback (most recent call last):
  File "C:\Users\soumy\AppData\Local\Programs\Python\Python312\Lib\asyncio\runners.py", line 195, in run
    return runner.run(main)
           ^^^^^^^^^^^^^^^^
  File "C:\Users\soumy\AppData\Local\Programs\Python\Python312\Lib\asyncio\runners.py", line 123, in run
    raise KeyboardInterrupt()
KeyboardInterrupt

During handling of the above exception, another exception occurred:

Traceback (most recent call last):
  File "C:\Users\soumy\OneDrive\Desktop\Project\lca_platform\venv\Lib\site-packages\starlette\routing.py", line 686, in lifespan
    await receive()
  File "C:\Users\soumy\OneDrive\Desktop\Project\lca_platform\venv\Lib\site-packages\uvicorn\lifespan\on.py", line 137, in receive
    return await self.receive_queue.get()
           ^^^^^^^^^^^^^^^^^^^^^^^^^^^^^^
  File "C:\Users\soumy\AppData\Local\Programs\Python\Python312\Lib\asyncio\queues.py", line 158, in get
    await getter
asyncio.exceptions.CancelledError

